group,data,fold,loss,seed,lr,epochs,best_epoch,dev_f1,test_f1,test_precision,test_recall,rare_category_recall,category_coverage,aspect_f1,aspect_sentiment_f1,known_category_f1,key
baseline,raw,indomain,standard,13,2e-05,5,5,0.3309172706823294,0.35416395998440947,0.38590033975084936,0.32725090036014404,0.0,0.9966386554621849,0.5076683129711463,0.4779727095516569,0.3548093192763243,baseline/raw/indomain/2em05/standard/seed_13
baseline,raw,indomain,standard,42,2e-05,5,5,0.3162743091095189,0.34250601122094576,0.3860283047274917,0.3078031212484994,0.0,0.9966386554621849,0.47981823041967386,0.45189738107963656,0.34314775160599575,baseline/raw/indomain/2em05/standard/seed_42
baseline,raw,indomain,standard,123,2e-05,5,5,0.3340937896070976,0.3616546290216678,0.3991304347826087,0.3306122448979592,0.0,0.9966386554621849,0.5136698212407991,0.4806201550387597,0.36232074727009606,baseline/raw/indomain/2em05/standard/seed_123
baseline,raw,indomain,standard,2024,2e-05,5,5,0.32168550873586843,0.3457981503819863,0.3913834951456311,0.3097238895558223,0.0,0.9966386554621849,0.4885311871227364,0.4585679806918745,0.3464482341882637,baseline/raw/indomain/2em05/standard/seed_2024
baseline,raw,indomain,standard,777,2e-05,5,5,0.3258145363408521,0.3492227979274612,0.3791842475386779,0.3236494597839136,0.0,0.9966386554621849,0.49280248994942294,0.4613789528252981,0.3498572540877239,baseline/raw/indomain/2em05/standard/seed_777
baseline,raw,indomain,weighted,13,2e-05,5,5,0.24149344631272343,0.26362968405584125,0.18994176813128638,0.43073229291716686,0.023668639053254437,0.9966386554621849,0.4661842882457177,0.4121069298181015,0.263901147396293,baseline/raw/indomain/2em05/weighted/seed_13
baseline,raw,indomain,weighted,42,2e-05,5,5,0.24918918918918917,0.267901513440253,0.19515138218516892,0.4271308523409364,0.03550295857988166,0.9966386554621849,0.47940754175168143,0.42431555924277853,0.26818421647697294,baseline/raw/indomain/2em05/weighted/seed_42
baseline,raw,indomain,weighted,123,2e-05,5,5,0.2397324414715719,0.26217891939769705,0.189278482361718,0.4264105642256903,0.023668639053254437,0.9966386554621849,0.4681450715716086,0.4145836414731548,0.26245012560957587,baseline/raw/indomain/2em05/weighted/seed_123
baseline,raw,indomain,weighted,2024,2e-05,5,5,0.24606619641888222,0.2680693256641187,0.19573386383731212,0.42521008403361343,0.04142011834319527,0.9966386554621849,0.47449638920562526,0.4221463784603716,0.2683536631562997,baseline/raw/indomain/2em05/weighted/seed_2024
baseline,raw,indomain,weighted,777,2e-05,5,4,0.24027611841231916,0.2669416617560401,0.1925406439273191,0.4350540216086435,0.01775147928994083,0.9966386554621849,0.4716687652766462,0.4187661618027337,0.2672172245981419,baseline/raw/indomain/2em05/weighted/seed_777
baseline,clean,indomain,standard,13,2e-05,5,5,0.33241136535076693,0.34978171715835427,0.389510901591043,0.31740696278511404,0.0,0.9966386554621849,0.5001985965841388,0.46949847823210267,0.35043074884029163,baseline/clean/indomain/2em05/standard/seed_13
baseline,clean,indomain,standard,42,2e-05,5,5,0.32003938946331856,0.3510873811694231,0.3836084234490609,0.3236494597839136,0.0,0.9966386554621849,0.4927045336112558,0.4634622899570145,0.3517286366601435,baseline/clean/indomain/2em05/standard/seed_42
baseline,clean,indomain,standard,123,2e-05,5,5,0.3443372270187912,0.37060367454068244,0.40868306801736615,0.339015606242497,0.0,0.9966386554621849,0.5226526592252134,0.4900262467191601,0.371285826978701,baseline/clean/indomain/2em05/standard/seed_123
baseline,clean,indomain,standard,2024,2e-05,5,5,0.31758130081300817,0.3452648263109233,0.38373458602466237,0.3138055222088836,0.0,0.9966386554621849,0.4887655300026434,0.45977011494252873,0.3459044594415773,baseline/clean/indomain/2em05/standard/seed_2024
baseline,clean,indomain,standard,777,2e-05,5,5,0.32468193384223915,0.35121176003178384,0.3916125221500295,0.3183673469387755,0.0,0.9966386554621849,0.49986747945931614,0.4678765399390648,0.3518641369245058,baseline/clean/indomain/2em05/standard/seed_777
baseline,clean,indomain,weighted,13,2e-05,5,5,0.23601984712350813,0.2699414150518252,0.1964149087331949,0.43145258103241296,0.01775147928994083,0.9966386554621849,0.47841183574879226,0.42302483069977426,0.2702255639097744,baseline/clean/indomain/2em05/weighted/seed_13
baseline,clean,indomain,weighted,42,2e-05,5,5,0.24784017278617712,0.2701570680628272,0.1961977186311787,0.4336134453781513,0.01775147928994083,0.9966386554621849,0.4749173926103935,0.4195699408106691,0.2704402515723271,baseline/clean/indomain/2em05/weighted/seed_42
baseline,clean,indomain,weighted,123,2e-05,5,5,0.2532917062576354,0.2721618583739228,0.19782135076252724,0.43601440576230494,0.04142011834319527,0.9966386554621849,0.4777602167532174,0.4190061552319472,0.27244767834371014,baseline/clean/indomain/2em05/weighted/seed_123
baseline,clean,indomain,weighted,2024,2e-05,5,5,0.24558543873947294,0.2713043478260869,0.19801324503311257,0.43073229291716686,0.023668639053254437,0.9966386554621849,0.4777094250778461,0.42549643777474616,0.2715918552721217,baseline/clean/indomain/2em05/weighted/seed_2024
baseline,clean,indomain,weighted,777,2e-05,5,5,0.23249634648598377,0.2630681396900719,0.19030251019094616,0.42593037214885954,0.029585798816568046,0.9966386554621849,0.4652306774986957,0.41085098476402826,0.2633414978104357,baseline/clean/indomain/2em05/weighted/seed_777
final,clean,indomain,standard,13,5e-05,30,28,0.47543733525041937,0.49693481796572,0.5188087774294671,0.47683073229291717,0.07692307692307693,0.9966386554621849,0.6621604706471398,0.6152690863579474,0.4978067426995864,search/clean/indomain/5em05/standard/seed_13
final,clean,indomain,standard,42,5e-05,30,29,0.4836381135707411,0.49323647294589185,0.515579994763027,0.47274909963985595,0.0650887573964497,0.9966386554621849,0.6562265096467051,0.6113755950889501,0.49410288582183187,search/clean/indomain/5em05/standard/seed_42
final,clean,indomain,weighted,13,5e-05,30,28,0.4754957829952131,0.49218562154364026,0.49289670117987,0.4914765906362545,0.07692307692307693,0.9966386554621849,0.667307923530119,0.6160134647751864,0.4930154142581889,search/clean/indomain/5em05/weighted/seed_13
final,clean,indomain,weighted,42,5e-05,30,27,0.4863093845073719,0.4897710667316123,0.4969112923152953,0.4828331332533013,0.08875739644970414,0.9966386554621849,0.661714564052606,0.6151972722844617,0.49060746523542326,search/clean/indomain/5em05/weighted/seed_42
final,clean,coursera,standard,13,5e-05,30,20,0.4743921365752716,0.0,0.0,0.0,0.0,0.0024449877750611247,0.592020592020592,0.5475578406169666,0.0,search/clean/coursera/5em05/standard/seed_13
final,clean,coursera,standard,42,5e-05,30,28,0.49007314524555906,0.0,0.0,0.0,0.0,0.0024449877750611247,0.6240601503759399,0.5707133917396746,0.0,search/clean/coursera/5em05/standard/seed_42
final,clean,coursera,weighted,13,5e-05,30,26,0.4698156100025259,0.0,0.0,0.0,0.0,0.0024449877750611247,0.6136919315403423,0.5574572127139364,0.0,search/clean/coursera/5em05/weighted/seed_13
final,clean,coursera,weighted,42,5e-05,30,28,0.47815040650406504,0.0,0.0,0.0,0.0,0.0024449877750611247,0.6593673965936739,0.6099635479951396,0.0,search/clean/coursera/5em05/weighted/seed_42
final,clean,hotel,standard,13,5e-05,30,27,0.49290115188856143,0.2514668901927913,0.23076923076923078,0.27624309392265195,0.0,0.3812154696132597,0.6487845766974015,0.6186085498742665,0.3500583430571762,search/clean/hotel/5em05/standard/seed_13
final,clean,hotel,standard,42,5e-05,30,26,0.4925494445949607,0.2581196581196581,0.24082934609250398,0.27808471454880296,0.0,0.3812154696132597,0.6632478632478632,0.6393162393162394,0.36211031175059955,search/clean/hotel/5em05/standard/seed_42
final,clean,hotel,weighted,13,5e-05,30,30,0.478125,0.24813895781637718,0.22522522522522523,0.27624309392265195,0.0,0.3812154696132597,0.6765922249793218,0.6501240694789081,0.3436426116838488,search/clean/hotel/5em05/weighted/seed_13
final,clean,hotel,weighted,42,5e-05,30,30,0.48808290155440415,0.2539159109645507,0.2298507462686567,0.283609576427256,0.0,0.3812154696132597,0.656224237427865,0.6215993404781534,0.3511972633979475,search/clean/hotel/5em05/weighted/seed_42
final,clean,laptop,standard,13,5e-05,30,27,0.4910179640718562,0.0,0.0,0.0,0.0,0.0,0.4549763033175356,0.428909952606635,0.0,search/clean/laptop/5em05/standard/seed_13
final,clean,laptop,standard,42,5e-05,30,18,0.48995048062918733,0.0,0.0,0.0,0.0,0.0,0.46298472385428907,0.43243243243243246,0.0,search/clean/laptop/5em05/standard/seed_42
final,clean,laptop,weighted,13,5e-05,30,27,0.47807255008121274,0.0,0.0,0.0,0.0,0.0,0.5214659685863874,0.47748691099476437,0.0,search/clean/laptop/5em05/weighted/seed_13
final,clean,laptop,weighted,42,5e-05,30,24,0.4863973619126133,0.0,0.0,0.0,0.0,0.0,0.5238623751387348,0.48612652608213097,0.0,search/clean/laptop/5em05/weighted/seed_42
final,clean,restaurant,standard,13,5e-05,30,29,0.4484405731947176,0.1868263473053892,0.2878228782287823,0.13829787234042554,0.1,0.7127659574468085,0.45029940119760475,0.41437125748502995,0.23179791976225855,search/clean/restaurant/5em05/standard/seed_13
final,clean,restaurant,standard,42,5e-05,30,27,0.4441325098259405,0.2013888888888889,0.29,0.15425531914893617,0.1,0.7127659574468085,0.4999999999999999,0.4722222222222222,0.24786324786324784,search/clean/restaurant/5em05/standard/seed_42
final,clean,restaurant,weighted,13,5e-05,30,25,0.4461661768634785,0.18264840182648404,0.2564102564102564,0.14184397163120568,0.0,0.7127659574468085,0.4999999999999999,0.4726027397260274,0.22408963585434175,search/clean/restaurant/5em05/weighted/seed_13
final,clean,restaurant,weighted,42,5e-05,30,28,0.4480356645305099,0.1877256317689531,0.29213483146067415,0.13829787234042554,0.0,0.7127659574468085,0.46931407942238274,0.43802647412755724,0.23318385650224216,search/clean/restaurant/5em05/weighted/seed_42
final,clean,phone,standard,13,5e-05,30,22,0.47213347532836347,0.0,0.0,0.0,0.0,0.0,0.3157283807312826,0.29947765525246667,0.0,search/clean/phone/5em05/standard/seed_13
final,clean,phone,standard,42,5e-05,30,20,0.461750516884907,0.0,0.0,0.0,0.0,0.0,0.323943661971831,0.2992957746478873,0.0,search/clean/phone/5em05/standard/seed_42
final,clean,phone,weighted,13,5e-05,30,27,0.46740220661985954,0.0,0.0,0.0,0.0,0.0,0.353870458135861,0.3285939968404424,0.0,search/clean/phone/5em05/weighted/seed_13
final,clean,phone,weighted,42,5e-05,30,24,0.4683458134785568,0.0,0.0,0.0,0.0,0.0,0.3386075949367089,0.3120716921454929,0.0,search/clean/phone/5em05/weighted/seed_42
final,clean,sight,standard,13,5e-05,30,28,0.4900484131253362,0.0,0.0,0.0,0.0,0.0,0.3770833333333333,0.35,0.0,search/clean/sight/5em05/standard/seed_13
final,clean,sight,standard,42,5e-05,30,30,0.4969730324711062,0.0,0.0,0.0,0.0,0.0,0.35593220338983045,0.3283898305084746,0.0,search/clean/sight/5em05/standard/seed_42
final,clean,sight,weighted,13,5e-05,30,30,0.49013936366026817,0.0,0.0,0.0,0.0,0.0,0.4028056112224449,0.3627254509018035,0.0,search/clean/sight/5em05/weighted/seed_13
final,clean,sight,weighted,42,5e-05,30,30,0.4850078905839032,0.0,0.0,0.0,0.0,0.0,0.4084507042253521,0.36820925553319916,0.0,search/clean/sight/5em05/weighted/seed_42
final,clean,food,standard,13,5e-05,30,30,0.48937221947602566,0.07092198581560283,0.06349206349206349,0.08032128514056225,0.0,0.27710843373493976,0.5222024866785081,0.4326241134751773,0.10416666666666667,search/clean/food/5em05/standard/seed_13
final,clean,food,standard,42,5e-05,30,29,0.49133234274393267,0.07473309608540925,0.0670926517571885,0.08433734939759036,0.0,0.27710843373493976,0.5266903914590747,0.4412811387900355,0.1099476439790576,search/clean/food/5em05/standard/seed_42
final,clean,food,weighted,13,5e-05,30,29,0.4803782505910165,0.07244094488188976,0.05958549222797927,0.09236947791164658,0.0,0.27710843373493976,0.5165354330708662,0.41889763779527556,0.1010989010989011,search/clean/food/5em05/weighted/seed_13
final,clean,food,weighted,42,5e-05,30,29,0.488098100504929,0.06408094435075887,0.055232558139534885,0.07630522088353414,0.0,0.27710843373493976,0.5430016863406408,0.42495784148397975,0.09200968523002422,search/clean/food/5em05/weighted/seed_42
final,clean,indomain,standard,123,5e-05,30,29,0.4807552650689905,0.49930264993026496,0.5290166577109081,0.47274909963985595,0.07692307692307693,0.9966386554621849,0.6569435637285986,0.6137458787725083,0.5001905245776704,final/clean/indomain/5em05/standard/seed_123
final,clean,indomain,standard,2024,5e-05,30,29,0.4794520547945205,0.4931981202077665,0.5085437388421321,0.4787515006002401,0.11834319526627218,0.9966386554621849,0.6628741033885728,0.6148899332179075,0.4940535183349851,final/clean/indomain/5em05/standard/seed_2024
final,clean,indomain,standard,777,5e-05,30,28,0.4820143884892087,0.5013219186705276,0.526998411858126,0.478031212484994,0.09467455621301775,0.9966386554621849,0.6643154049628417,0.6213323259035386,0.5022070879051584,final/clean/indomain/5em05/standard/seed_777
final,clean,indomain,weighted,123,5e-05,30,28,0.47261985912292653,0.4859432946524704,0.4842632331902718,0.4876350540216086,0.08875739644970414,0.9966386554621849,0.6672252813023702,0.6169678114155798,0.4867585380467346,final/clean/indomain/5em05/weighted/seed_123
final,clean,indomain,weighted,2024,5e-05,30,30,0.47521133196253146,0.4919529185683401,0.4921893775534727,0.4917166866746699,0.07692307692307693,0.9966386554621849,0.6701910368857383,0.6184526669870255,0.492781520692974,final/clean/indomain/5em05/weighted/seed_2024
final,clean,indomain,weighted,777,5e-05,30,27,0.46540880503144655,0.48917011438306157,0.49592894152479644,0.48259303721488594,0.07100591715976332,0.9966386554621849,0.6652062796641109,0.6162083231929909,0.4900048756704047,final/clean/indomain/5em05/weighted/seed_777
final,clean,coursera,standard,123,5e-05,30,28,0.47838467512296146,0.0,0.0,0.0,0.0,0.0024449877750611247,0.6055045871559632,0.5740498034076016,0.0,final/clean/coursera/5em05/standard/seed_123
final,clean,coursera,standard,2024,5e-05,30,24,0.4814049586776859,0.0,0.0,0.0,0.0,0.0024449877750611247,0.6330049261083744,0.5879458794587945,0.0,final/clean/coursera/5em05/standard/seed_2024
final,clean,coursera,standard,777,5e-05,30,24,0.47846153846153855,0.0,0.0,0.0,0.0,0.0024449877750611247,0.631578947368421,0.5914786967418546,0.0,final/clean/coursera/5em05/standard/seed_777
final,clean,coursera,weighted,123,5e-05,30,26,0.4730478589420655,0.0,0.0,0.0,0.0,0.0024449877750611247,0.6301050175029171,0.5710955710955711,0.0,final/clean/coursera/5em05/weighted/seed_123
final,clean,coursera,weighted,2024,5e-05,30,25,0.4673831542114471,0.0,0.0,0.0,0.0,0.0024449877750611247,0.6529209621993127,0.5881006864988558,0.0,final/clean/coursera/5em05/weighted/seed_2024
final,clean,coursera,weighted,777,5e-05,30,25,0.46944858420268254,0.0,0.0,0.0,0.0,0.0024449877750611247,0.6628175519630485,0.5836216839677048,0.0,final/clean/coursera/5em05/weighted/seed_777
final,clean,hotel,standard,123,5e-05,30,30,0.48793711032800213,0.2603550295857988,0.240625,0.283609576427256,0.0,0.3812154696132597,0.6661031276415892,0.6390532544378698,0.36363636363636365,final/clean/hotel/5em05/standard/seed_123
final,clean,hotel,standard,2024,5e-05,30,30,0.4908896034297964,0.2504230118443317,0.23161189358372458,0.27255985267034993,0.0,0.3812154696132597,0.6751269035532995,0.6429780033840947,0.34988179669030733,final/clean/hotel/5em05/standard/seed_2024
final,clean,hotel,standard,777,5e-05,30,20,0.48993828816742685,0.27697841726618705,0.27065026362038663,0.283609576427256,0.0,0.3812154696132597,0.670863309352518,0.6384892086330936,0.3969072164948453,final/clean/hotel/5em05/standard/seed_777
final,clean,hotel,weighted,123,5e-05,30,30,0.4834246932915688,0.2524752475247525,0.22869955156950672,0.281767955801105,0.0,0.3812154696132597,0.6765676567656765,0.6485148514851485,0.34931506849315064,final/clean/hotel/5em05/weighted/seed_123
final,clean,hotel,weighted,2024,5e-05,30,26,0.48513302034428796,0.2518765638031693,0.2301829268292683,0.27808471454880296,0.0,0.3812154696132597,0.6788990825688075,0.6438698915763136,0.3499420625724218,final/clean/hotel/5em05/weighted/seed_2024
final,clean,hotel,weighted,777,5e-05,30,27,0.4864864864864865,0.2510602205258694,0.23270440251572327,0.27255985267034993,0.0,0.3812154696132597,0.6802374893977947,0.6480067854113656,0.35112692763938314,final/clean/hotel/5em05/weighted/seed_777
final,clean,laptop,standard,123,5e-05,30,28,0.4827201783723523,0.0,0.0,0.0,0.0,0.0,0.5045045045045046,0.47522522522522526,0.0,final/clean/laptop/5em05/standard/seed_123
final,clean,laptop,standard,2024,5e-05,30,26,0.4895718990120746,0.0,0.0,0.0,0.0,0.0,0.5162037037037037,0.4745370370370371,0.0,final/clean/laptop/5em05/standard/seed_2024
final,clean,laptop,standard,777,5e-05,30,30,0.49622799664710815,0.0,0.0,0.0,0.0,0.0,0.4337349397590361,0.40722891566265057,0.0,final/clean/laptop/5em05/standard/seed_777
final,clean,laptop,weighted,123,5e-05,30,29,0.48403541722565063,0.0,0.0,0.0,0.0,0.0,0.5656154628687691,0.5249237029501526,0.0,final/clean/laptop/5em05/weighted/seed_123
final,clean,laptop,weighted,2024,5e-05,30,29,0.4914004914004914,0.0,0.0,0.0,0.0,0.0,0.5507559395248379,0.5097192224622029,0.0,final/clean/laptop/5em05/weighted/seed_2024
final,clean,laptop,weighted,777,5e-05,30,22,0.4812892652280798,0.0,0.0,0.0,0.0,0.0,0.5483870967741936,0.5032258064516129,0.0,final/clean/laptop/5em05/weighted/seed_777
final,clean,restaurant,standard,123,5e-05,30,22,0.4482961222091657,0.1588089330024814,0.2644628099173554,0.11347517730496454,0.0,0.7127659574468085,0.44913151364764264,0.4193548387096775,0.1987577639751553,final/clean/restaurant/5em05/standard/seed_123
final,clean,restaurant,standard,2024,5e-05,30,29,0.4510638297872341,0.18385093167701863,0.3070539419087137,0.13120567375886524,0.0,0.7127659574468085,0.4322981366459628,0.40993788819875776,0.23017107309486778,final/clean/restaurant/5em05/standard/seed_2024
final,clean,restaurant,standard,777,5e-05,30,29,0.4467413149583692,0.20166073546856464,0.3046594982078853,0.15070921985815602,0.0,0.7127659574468085,0.5035629453681709,0.4673784104389086,0.24963289280469897,final/clean/restaurant/5em05/standard/seed_777
final,clean,restaurant,weighted,123,5e-05,30,22,0.44450720135554933,0.17945690672963402,0.26855123674911663,0.1347517730496454,0.0,0.7127659574468085,0.47697756788665885,0.4439197166469893,0.2218978102189781,final/clean/restaurant/5em05/weighted/seed_123
final,clean,restaurant,weighted,2024,5e-05,30,27,0.4490131578947368,0.19207683073229292,0.29739776951672864,0.14184397163120568,0.0,0.7127659574468085,0.44177671068427377,0.41536614645858344,0.23845007451564829,final/clean/restaurant/5em05/weighted/seed_2024
final,clean,restaurant,weighted,777,5e-05,30,20,0.43954833379234365,0.18840579710144928,0.29545454545454547,0.13829787234042554,0.0,0.7127659574468085,0.47584541062801927,0.4468599033816425,0.23423423423423423,final/clean/restaurant/5em05/weighted/seed_777
final,clean,phone,standard,123,5e-05,30,24,0.46579227224388514,0.0,0.0,0.0,0.0,0.0,0.3223915592028136,0.3071512309495896,0.0,final/clean/phone/5em05/standard/seed_123
final,clean,phone,standard,2024,5e-05,30,21,0.4711743772241993,0.0,0.0,0.0,0.0,0.0,0.3072429906542056,0.28838295388207824,0.0,final/clean/phone/5em05/standard/seed_2024
final,clean,phone,standard,777,5e-05,30,20,0.4738574040219379,0.0,0.0,0.0,0.0,0.0,0.29393753827311697,0.2767911818738518,0.0,final/clean/phone/5em05/standard/seed_777
final,clean,phone,weighted,123,5e-05,30,29,0.46075778078484436,0.0,0.0,0.0,0.0,0.0,0.33539673607203146,0.30933633295838026,0.0,final/clean/phone/5em05/weighted/seed_123
final,clean,phone,weighted,2024,5e-05,30,30,0.47528128196385955,0.0,0.0,0.0,0.0,0.0,0.3316526610644258,0.30795072788353867,0.0,final/clean/phone/5em05/weighted/seed_2024
final,clean,phone,weighted,777,5e-05,30,25,0.4677364288152953,0.0,0.0,0.0,0.0,0.0,0.32487309644670054,0.3043968432919955,0.0,final/clean/phone/5em05/weighted/seed_777
final,clean,sight,standard,123,5e-05,30,30,0.49824371791407734,0.0,0.0,0.0,0.0,0.0,0.37434279705573076,0.33648790746582546,0.0,final/clean/sight/5em05/standard/seed_123
final,clean,sight,standard,2024,5e-05,30,20,0.49170519445199895,0.0,0.0,0.0,0.0,0.0,0.3487394957983193,0.3109243697478991,0.0,final/clean/sight/5em05/standard/seed_2024
final,clean,sight,standard,777,5e-05,30,24,0.49359331476323115,0.0,0.0,0.0,0.0,0.0,0.3661375661375661,0.3386243386243386,0.0,final/clean/sight/5em05/standard/seed_777
final,clean,sight,weighted,123,5e-05,30,28,0.4879743452699092,0.0,0.0,0.0,0.0,0.0,0.3673890608875129,0.3281733746130031,0.0,final/clean/sight/5em05/weighted/seed_123
final,clean,sight,weighted,2024,5e-05,30,26,0.490280777537797,0.0,0.0,0.0,0.0,0.0,0.37854889589905366,0.33648790746582546,0.0,final/clean/sight/5em05/weighted/seed_2024
final,clean,sight,weighted,777,5e-05,30,29,0.47919427511264245,0.0,0.0,0.0,0.0,0.0,0.3895582329317269,0.3534136546184739,0.0,final/clean/sight/5em05/weighted/seed_777
final,clean,food,standard,123,5e-05,30,27,0.49305380146501643,0.06810035842293907,0.061488673139158574,0.07630522088353414,0.0,0.27710843373493976,0.5268817204301075,0.43727598566308246,0.10052910052910052,final/clean/food/5em05/standard/seed_123
final,clean,food,standard,2024,5e-05,30,29,0.4875596883639105,0.07894736842105263,0.07420494699646643,0.08433734939759036,0.0,0.27710843373493976,0.518796992481203,0.4398496240601504,0.11931818181818182,final/clean/food/5em05/standard/seed_2024
final,clean,food,standard,777,5e-05,30,28,0.4956928378045779,0.07181328545780968,0.06493506493506493,0.08032128514056225,0.0,0.27710843373493976,0.5385996409335727,0.4380610412926391,0.10610079575596816,final/clean/food/5em05/standard/seed_777
final,clean,food,weighted,123,5e-05,30,30,0.481800766283525,0.06429780033840948,0.05555555555555555,0.07630522088353414,0.0,0.27710843373493976,0.5423728813559322,0.44745762711864406,0.0924574209245742,final/clean/food/5em05/weighted/seed_123
final,clean,food,weighted,2024,5e-05,30,30,0.48176583493282155,0.06199021207177814,0.0521978021978022,0.07630522088353414,0.0,0.27710843373493976,0.5383360522022839,0.4469820554649266,0.08775981524249424,final/clean/food/5em05/weighted/seed_2024
final,clean,food,weighted,777,5e-05,30,27,0.49045663203672385,0.056572379367720464,0.048295454545454544,0.06827309236947791,0.0,0.27710843373493976,0.5424292845257903,0.4392678868552413,0.08076009501187648,final/clean/food/5em05/weighted/seed_777
