mode,seed,standard,weighted,difference_weighted_minus_standard
indomain,13,0.346264744429882,0.2618347544839753,-0.08442998994590667
indomain,42,0.3525369978858351,0.2679599878751136,-0.08457701001072149
indomain,123,0.3630163934426229,0.2607471093981618,-0.10226928404446106
indomain,777,0.356146694214876,0.2577103647526182,-0.09843632946225778
indomain,2024,0.3420697108889489,0.2693448984250171,-0.07272481246393181
crossdomain,13,0.1327913279132791,0.2298682284040995,0.0970769004908204
crossdomain,42,0.1253644314868804,0.1759192501802451,0.0505548186933647
crossdomain,123,0.1133720930232558,0.2272069464544139,0.1138348534311581
crossdomain,777,0.1011904761904761,0.2072992700729926,0.1061087938825165
crossdomain,2024,0.1453566621803499,0.1946508172362556,0.0492941550559057
