cohort,study,role,trial_id,seed,best_epoch,selected_threshold,name,loss_type,model_name,max_len,batch_size,epochs,lr,weight_decay,category_loss_weight,sentiment_loss_weight,loss_heads,ce_weight,weighted_ce_weight,focal_gamma,bio_loss_weight,null_head,vocabulary_scope,null_loss_weight,null_pos_weight_cap,null_threshold,null_thresholds,selection_metric,drop_conflict,warmup_ratio,max_grad_norm,model_revision,offline,amp_initial_scale,asl_gamma_negative,asl_gamma_positive,asl_margin,attention_size,hard_fraction,minimum_negatives,negative_ratio,negative_sampling,null_focal_gamma,null_loss,precision,representation
finalist,Quick tuning,Best NULL off,mixed_025_da1a88a51a5f,123,5,0.5,mixed_025,mixed,bert-base-uncased,128,16,5,3e-05,0.01,1.0,1.0,"[""bio"", ""category"", ""sentiment""]",0.75,0.25,2.0,1.0,False,auto,0.5,1.0,0.5,"[0.2, 0.3, 0.4, 0.5, 0.6, 0.7, 0.8]",explicit,False,0.1,1.0,86b5e0934494bd15c9632b12f734a8a67f723594,True,,,,,,,,,,,,,
finalist,Quick tuning,Best NULL off,mixed_025_da1a88a51a5f,13,5,0.5,mixed_025,mixed,bert-base-uncased,128,16,5,3e-05,0.01,1.0,1.0,"[""bio"", ""category"", ""sentiment""]",0.75,0.25,2.0,1.0,False,auto,0.5,1.0,0.5,"[0.2, 0.3, 0.4, 0.5, 0.6, 0.7, 0.8]",explicit,False,0.1,1.0,86b5e0934494bd15c9632b12f734a8a67f723594,True,,,,,,,,,,,,,
finalist,Quick tuning,Best NULL off,mixed_025_da1a88a51a5f,2024,4,0.5,mixed_025,mixed,bert-base-uncased,128,16,5,3e-05,0.01,1.0,1.0,"[""bio"", ""category"", ""sentiment""]",0.75,0.25,2.0,1.0,False,auto,0.5,1.0,0.5,"[0.2, 0.3, 0.4, 0.5, 0.6, 0.7, 0.8]",explicit,False,0.1,1.0,86b5e0934494bd15c9632b12f734a8a67f723594,True,,,,,,,,,,,,,
finalist,Quick tuning,Best NULL off,mixed_025_da1a88a51a5f,42,5,0.5,mixed_025,mixed,bert-base-uncased,128,16,5,3e-05,0.01,1.0,1.0,"[""bio"", ""category"", ""sentiment""]",0.75,0.25,2.0,1.0,False,auto,0.5,1.0,0.5,"[0.2, 0.3, 0.4, 0.5, 0.6, 0.7, 0.8]",explicit,False,0.1,1.0,86b5e0934494bd15c9632b12f734a8a67f723594,True,,,,,,,,,,,,,
finalist,Quick tuning,Best NULL off,mixed_025_da1a88a51a5f,777,4,0.5,mixed_025,mixed,bert-base-uncased,128,16,5,3e-05,0.01,1.0,1.0,"[""bio"", ""category"", ""sentiment""]",0.75,0.25,2.0,1.0,False,auto,0.5,1.0,0.5,"[0.2, 0.3, 0.4, 0.5, 0.6, 0.7, 0.8]",explicit,False,0.1,1.0,86b5e0934494bd15c9632b12f734a8a67f723594,True,,,,,,,,,,,,,
finalist,Quick tuning,Best NULL on,mixed_025_d578b358d050,123,5,0.2,mixed_025,mixed,bert-base-uncased,128,16,5,3e-05,0.01,1.0,1.0,"[""bio"", ""category"", ""sentiment""]",0.75,0.25,2.0,1.0,True,explicit-null,0.5,10.0,0.5,"[0.02, 0.05, 0.1, 0.2, 0.3, 0.4, 0.5, 0.6, 0.7, 0.8]",explicit,False,0.1,1.0,86b5e0934494bd15c9632b12f734a8a67f723594,True,,,,,,,,,,,,,
finalist,Quick tuning,Best NULL on,mixed_025_d578b358d050,13,5,0.2,mixed_025,mixed,bert-base-uncased,128,16,5,3e-05,0.01,1.0,1.0,"[""bio"", ""category"", ""sentiment""]",0.75,0.25,2.0,1.0,True,explicit-null,0.5,10.0,0.5,"[0.02, 0.05, 0.1, 0.2, 0.3, 0.4, 0.5, 0.6, 0.7, 0.8]",explicit,False,0.1,1.0,86b5e0934494bd15c9632b12f734a8a67f723594,True,,,,,,,,,,,,,
finalist,Quick tuning,Best NULL on,mixed_025_d578b358d050,2024,4,0.2,mixed_025,mixed,bert-base-uncased,128,16,5,3e-05,0.01,1.0,1.0,"[""bio"", ""category"", ""sentiment""]",0.75,0.25,2.0,1.0,True,explicit-null,0.5,10.0,0.5,"[0.02, 0.05, 0.1, 0.2, 0.3, 0.4, 0.5, 0.6, 0.7, 0.8]",explicit,False,0.1,1.0,86b5e0934494bd15c9632b12f734a8a67f723594,True,,,,,,,,,,,,,
finalist,Quick tuning,Best NULL on,mixed_025_d578b358d050,42,5,0.2,mixed_025,mixed,bert-base-uncased,128,16,5,3e-05,0.01,1.0,1.0,"[""bio"", ""category"", ""sentiment""]",0.75,0.25,2.0,1.0,True,explicit-null,0.5,10.0,0.5,"[0.02, 0.05, 0.1, 0.2, 0.3, 0.4, 0.5, 0.6, 0.7, 0.8]",explicit,False,0.1,1.0,86b5e0934494bd15c9632b12f734a8a67f723594,True,,,,,,,,,,,,,
finalist,Quick tuning,Best NULL on,mixed_025_d578b358d050,777,4,0.2,mixed_025,mixed,bert-base-uncased,128,16,5,3e-05,0.01,1.0,1.0,"[""bio"", ""category"", ""sentiment""]",0.75,0.25,2.0,1.0,True,explicit-null,0.5,10.0,0.5,"[0.02, 0.05, 0.1, 0.2, 0.3, 0.4, 0.5, 0.6, 0.7, 0.8]",explicit,False,0.1,1.0,86b5e0934494bd15c9632b12f734a8a67f723594,True,,,,,,,,,,,,,
finalist,Quick tuning,Vocabulary control,mixed_025_393b9e11646e,123,5,0.5,mixed_025,mixed,bert-base-uncased,128,16,5,3e-05,0.01,1.0,1.0,"[""bio"", ""category"", ""sentiment""]",0.75,0.25,2.0,1.0,False,explicit-null,0.5,1.0,0.5,"[0.2, 0.3, 0.4, 0.5, 0.6, 0.7, 0.8]",explicit,False,0.1,1.0,86b5e0934494bd15c9632b12f734a8a67f723594,True,,,,,,,,,,,,,
finalist,Quick tuning,Vocabulary control,mixed_025_393b9e11646e,13,5,0.5,mixed_025,mixed,bert-base-uncased,128,16,5,3e-05,0.01,1.0,1.0,"[""bio"", ""category"", ""sentiment""]",0.75,0.25,2.0,1.0,False,explicit-null,0.5,1.0,0.5,"[0.2, 0.3, 0.4, 0.5, 0.6, 0.7, 0.8]",explicit,False,0.1,1.0,86b5e0934494bd15c9632b12f734a8a67f723594,True,,,,,,,,,,,,,
finalist,Quick tuning,Vocabulary control,mixed_025_393b9e11646e,2024,5,0.5,mixed_025,mixed,bert-base-uncased,128,16,5,3e-05,0.01,1.0,1.0,"[""bio"", ""category"", ""sentiment""]",0.75,0.25,2.0,1.0,False,explicit-null,0.5,1.0,0.5,"[0.2, 0.3, 0.4, 0.5, 0.6, 0.7, 0.8]",explicit,False,0.1,1.0,86b5e0934494bd15c9632b12f734a8a67f723594,True,,,,,,,,,,,,,
finalist,Quick tuning,Vocabulary control,mixed_025_393b9e11646e,42,5,0.5,mixed_025,mixed,bert-base-uncased,128,16,5,3e-05,0.01,1.0,1.0,"[""bio"", ""category"", ""sentiment""]",0.75,0.25,2.0,1.0,False,explicit-null,0.5,1.0,0.5,"[0.2, 0.3, 0.4, 0.5, 0.6, 0.7, 0.8]",explicit,False,0.1,1.0,86b5e0934494bd15c9632b12f734a8a67f723594,True,,,,,,,,,,,,,
finalist,Quick tuning,Vocabulary control,mixed_025_393b9e11646e,777,4,0.5,mixed_025,mixed,bert-base-uncased,128,16,5,3e-05,0.01,1.0,1.0,"[""bio"", ""category"", ""sentiment""]",0.75,0.25,2.0,1.0,False,explicit-null,0.5,1.0,0.5,"[0.2, 0.3, 0.4, 0.5, 0.6, 0.7, 0.8]",explicit,False,0.1,1.0,86b5e0934494bd15c9632b12f734a8a67f723594,True,,,,,,,,,,,,,
finalist,NULL adaptation,Best NULL on,focal_ia_attention_e6801d313247,13,5,1.0,focal_ia_attention,mixed,bert-base-uncased,128,16,5,3e-05,0.01,1.0,1.0,"[""bio"", ""category"", ""sentiment""]",0.75,0.25,2.0,1.0,True,explicit-null,0.5,10.0,0.5,"[0.02, 0.05, 0.1, 0.12, 0.14, 0.16, 0.18, 0.2, 0.22, 0.24, 0.26, 0.28, 0.3, 0.32, 0.34, 0.36, 0.38, 0.4, 0.45, 0.5, 0.6, 0.8]",combined,False,0.1,1.0,86b5e0934494bd15c9632b12f734a8a67f723594,True,1024.0,4.0,0.0,0.05,128,0.5,16,8.0,all,2.0,focal,amp,ia_attention
finalist,NULL adaptation,Best NULL on,focal_ia_attention_e6801d313247,42,5,1.0,focal_ia_attention,mixed,bert-base-uncased,128,16,5,3e-05,0.01,1.0,1.0,"[""bio"", ""category"", ""sentiment""]",0.75,0.25,2.0,1.0,True,explicit-null,0.5,10.0,0.5,"[0.02, 0.05, 0.1, 0.12, 0.14, 0.16, 0.18, 0.2, 0.22, 0.24, 0.26, 0.28, 0.3, 0.32, 0.34, 0.36, 0.38, 0.4, 0.45, 0.5, 0.6, 0.8]",combined,False,0.1,1.0,86b5e0934494bd15c9632b12f734a8a67f723594,True,1024.0,4.0,0.0,0.05,128,0.5,16,8.0,all,2.0,focal,amp,ia_attention
finalist,NULL adaptation,Best NULL on,focal_ia_attention_e6801d313247,123,5,1.0,focal_ia_attention,mixed,bert-base-uncased,128,16,5,3e-05,0.01,1.0,1.0,"[""bio"", ""category"", ""sentiment""]",0.75,0.25,2.0,1.0,True,explicit-null,0.5,10.0,0.5,"[0.02, 0.05, 0.1, 0.12, 0.14, 0.16, 0.18, 0.2, 0.22, 0.24, 0.26, 0.28, 0.3, 0.32, 0.34, 0.36, 0.38, 0.4, 0.45, 0.5, 0.6, 0.8]",combined,False,0.1,1.0,86b5e0934494bd15c9632b12f734a8a67f723594,True,1024.0,4.0,0.0,0.05,128,0.5,16,8.0,all,2.0,focal,amp,ia_attention
finalist,NULL adaptation,Best NULL on,focal_ia_attention_e6801d313247,2024,5,1.0,focal_ia_attention,mixed,bert-base-uncased,128,16,5,3e-05,0.01,1.0,1.0,"[""bio"", ""category"", ""sentiment""]",0.75,0.25,2.0,1.0,True,explicit-null,0.5,10.0,0.5,"[0.02, 0.05, 0.1, 0.12, 0.14, 0.16, 0.18, 0.2, 0.22, 0.24, 0.26, 0.28, 0.3, 0.32, 0.34, 0.36, 0.38, 0.4, 0.45, 0.5, 0.6, 0.8]",combined,False,0.1,1.0,86b5e0934494bd15c9632b12f734a8a67f723594,True,1024.0,4.0,0.0,0.05,128,0.5,16,8.0,all,2.0,focal,amp,ia_attention
finalist,NULL adaptation,Best NULL on,focal_ia_attention_e6801d313247,777,5,1.0,focal_ia_attention,mixed,bert-base-uncased,128,16,5,3e-05,0.01,1.0,1.0,"[""bio"", ""category"", ""sentiment""]",0.75,0.25,2.0,1.0,True,explicit-null,0.5,10.0,0.5,"[0.02, 0.05, 0.1, 0.12, 0.14, 0.16, 0.18, 0.2, 0.22, 0.24, 0.26, 0.28, 0.3, 0.32, 0.34, 0.36, 0.38, 0.4, 0.45, 0.5, 0.6, 0.8]",combined,False,0.1,1.0,86b5e0934494bd15c9632b12f734a8a67f723594,True,1024.0,4.0,0.0,0.05,128,0.5,16,8.0,all,2.0,focal,amp,ia_attention
finalist,NULL adaptation,NULL off control,null_off_e53896d9134f,13,5,1.0,null_off,mixed,bert-base-uncased,128,16,5,3e-05,0.01,1.0,1.0,"[""bio"", ""category"", ""sentiment""]",0.75,0.25,2.0,1.0,False,explicit-null,0.5,10.0,0.5,"[0.02, 0.05, 0.1, 0.12, 0.14, 0.16, 0.18, 0.2, 0.22, 0.24, 0.26, 0.28, 0.3, 0.32, 0.34, 0.36, 0.38, 0.4, 0.45, 0.5, 0.6, 0.8]",combined,False,0.1,1.0,86b5e0934494bd15c9632b12f734a8a67f723594,True,1024.0,4.0,0.0,0.05,128,0.5,16,8.0,all,2.0,bce,amp,cls
finalist,NULL adaptation,NULL off control,null_off_e53896d9134f,42,5,1.0,null_off,mixed,bert-base-uncased,128,16,5,3e-05,0.01,1.0,1.0,"[""bio"", ""category"", ""sentiment""]",0.75,0.25,2.0,1.0,False,explicit-null,0.5,10.0,0.5,"[0.02, 0.05, 0.1, 0.12, 0.14, 0.16, 0.18, 0.2, 0.22, 0.24, 0.26, 0.28, 0.3, 0.32, 0.34, 0.36, 0.38, 0.4, 0.45, 0.5, 0.6, 0.8]",combined,False,0.1,1.0,86b5e0934494bd15c9632b12f734a8a67f723594,True,1024.0,4.0,0.0,0.05,128,0.5,16,8.0,all,2.0,bce,amp,cls
finalist,NULL adaptation,NULL off control,null_off_e53896d9134f,123,5,1.0,null_off,mixed,bert-base-uncased,128,16,5,3e-05,0.01,1.0,1.0,"[""bio"", ""category"", ""sentiment""]",0.75,0.25,2.0,1.0,False,explicit-null,0.5,10.0,0.5,"[0.02, 0.05, 0.1, 0.12, 0.14, 0.16, 0.18, 0.2, 0.22, 0.24, 0.26, 0.28, 0.3, 0.32, 0.34, 0.36, 0.38, 0.4, 0.45, 0.5, 0.6, 0.8]",combined,False,0.1,1.0,86b5e0934494bd15c9632b12f734a8a67f723594,True,1024.0,4.0,0.0,0.05,128,0.5,16,8.0,all,2.0,bce,amp,cls
finalist,NULL adaptation,NULL off control,null_off_e53896d9134f,2024,4,1.0,null_off,mixed,bert-base-uncased,128,16,5,3e-05,0.01,1.0,1.0,"[""bio"", ""category"", ""sentiment""]",0.75,0.25,2.0,1.0,False,explicit-null,0.5,10.0,0.5,"[0.02, 0.05, 0.1, 0.12, 0.14, 0.16, 0.18, 0.2, 0.22, 0.24, 0.26, 0.28, 0.3, 0.32, 0.34, 0.36, 0.38, 0.4, 0.45, 0.5, 0.6, 0.8]",combined,False,0.1,1.0,86b5e0934494bd15c9632b12f734a8a67f723594,True,1024.0,4.0,0.0,0.05,128,0.5,16,8.0,all,2.0,bce,amp,cls
finalist,NULL adaptation,NULL off control,null_off_e53896d9134f,777,5,1.0,null_off,mixed,bert-base-uncased,128,16,5,3e-05,0.01,1.0,1.0,"[""bio"", ""category"", ""sentiment""]",0.75,0.25,2.0,1.0,False,explicit-null,0.5,10.0,0.5,"[0.02, 0.05, 0.1, 0.12, 0.14, 0.16, 0.18, 0.2, 0.22, 0.24, 0.26, 0.28, 0.3, 0.32, 0.34, 0.36, 0.38, 0.4, 0.45, 0.5, 0.6, 0.8]",combined,False,0.1,1.0,86b5e0934494bd15c9632b12f734a8a67f723594,True,1024.0,4.0,0.0,0.05,128,0.5,16,8.0,all,2.0,bce,amp,cls
screen,Quick screens,focal_2; LR=2e-05; 5 epochs,focal_2_8e92909d4e3b,13,5,0.5,focal_2,focal,bert-base-uncased,128,16,5,2e-05,0.01,1.0,1.0,"[""bio"", ""category"", ""sentiment""]",1.0,0.5,2.0,1.0,False,auto,0.5,1.0,0.5,"[0.2, 0.3, 0.4, 0.5, 0.6, 0.7, 0.8]",explicit,False,0.1,1.0,86b5e0934494bd15c9632b12f734a8a67f723594,True,,,,,,,,,,,,,
screen,Quick screens,mixed_025; LR=2e-05; 5 epochs,mixed_025_ab40cdd00db0,13,5,0.5,mixed_025,mixed,bert-base-uncased,128,16,5,2e-05,0.01,1.0,1.0,"[""bio"", ""category"", ""sentiment""]",0.75,0.25,2.0,1.0,False,auto,0.5,1.0,0.5,"[0.2, 0.3, 0.4, 0.5, 0.6, 0.7, 0.8]",explicit,False,0.1,1.0,86b5e0934494bd15c9632b12f734a8a67f723594,True,,,,,,,,,,,,,
screen,Quick screens,mixed_033; LR=2e-05; 5 epochs,mixed_033_b29abfd99fa6,13,5,0.5,mixed_033,mixed,bert-base-uncased,128,16,5,2e-05,0.01,1.0,1.0,"[""bio"", ""category"", ""sentiment""]",0.6666666666666667,0.3333333333333333,2.0,1.0,False,auto,0.5,1.0,0.5,"[0.2, 0.3, 0.4, 0.5, 0.6, 0.7, 0.8]",explicit,False,0.1,1.0,86b5e0934494bd15c9632b12f734a8a67f723594,True,,,,,,,,,,,,,
screen,Quick screens,mixed_050; LR=2e-05; 5 epochs,mixed_050_28230633aa41,13,5,0.5,mixed_050,mixed,bert-base-uncased,128,16,5,2e-05,0.01,1.0,1.0,"[""bio"", ""category"", ""sentiment""]",0.5,0.5,2.0,1.0,False,auto,0.5,1.0,0.5,"[0.2, 0.3, 0.4, 0.5, 0.6, 0.7, 0.8]",explicit,False,0.1,1.0,86b5e0934494bd15c9632b12f734a8a67f723594,True,,,,,,,,,,,,,
screen,Quick screens,standard; LR=2e-05; 5 epochs,standard_dc1c37f41da3,13,5,0.5,standard,standard,bert-base-uncased,128,16,5,2e-05,0.01,1.0,1.0,"[""bio"", ""category"", ""sentiment""]",1.0,0.5,2.0,1.0,False,auto,0.5,1.0,0.5,"[0.2, 0.3, 0.4, 0.5, 0.6, 0.7, 0.8]",explicit,False,0.1,1.0,86b5e0934494bd15c9632b12f734a8a67f723594,True,,,,,,,,,,,,,
screen,Quick screens,weighted; LR=2e-05; 5 epochs,weighted_dbc809433ea0,13,5,0.5,weighted,weighted,bert-base-uncased,128,16,5,2e-05,0.01,1.0,1.0,"[""bio"", ""category"", ""sentiment""]",1.0,0.5,2.0,1.0,False,auto,0.5,1.0,0.5,"[0.2, 0.3, 0.4, 0.5, 0.6, 0.7, 0.8]",explicit,False,0.1,1.0,86b5e0934494bd15c9632b12f734a8a67f723594,True,,,,,,,,,,,,,
screen,Quick screens,mixed_025; LR=1e-05; 5 epochs,mixed_025_728834a76d3e,13,5,0.5,mixed_025,mixed,bert-base-uncased,128,16,5,1e-05,0.01,1.0,1.0,"[""bio"", ""category"", ""sentiment""]",0.75,0.25,2.0,1.0,False,auto,0.5,1.0,0.5,"[0.2, 0.3, 0.4, 0.5, 0.6, 0.7, 0.8]",explicit,False,0.1,1.0,86b5e0934494bd15c9632b12f734a8a67f723594,True,,,,,,,,,,,,,
screen,Quick screens,mixed_025; LR=3e-05; 5 epochs,mixed_025_da1a88a51a5f,13,5,0.5,mixed_025,mixed,bert-base-uncased,128,16,5,3e-05,0.01,1.0,1.0,"[""bio"", ""category"", ""sentiment""]",0.75,0.25,2.0,1.0,False,auto,0.5,1.0,0.5,"[0.2, 0.3, 0.4, 0.5, 0.6, 0.7, 0.8]",explicit,False,0.1,1.0,86b5e0934494bd15c9632b12f734a8a67f723594,True,,,,,,,,,,,,,
screen,Quick screens,mixed_025; LR=3e-05; 5 epochs,mixed_025_393b9e11646e,13,5,0.5,mixed_025,mixed,bert-base-uncased,128,16,5,3e-05,0.01,1.0,1.0,"[""bio"", ""category"", ""sentiment""]",0.75,0.25,2.0,1.0,False,explicit-null,0.5,1.0,0.5,"[0.2, 0.3, 0.4, 0.5, 0.6, 0.7, 0.8]",explicit,False,0.1,1.0,86b5e0934494bd15c9632b12f734a8a67f723594,True,,,,,,,,,,,,,
screen,Quick screens,mixed_025; LR=3e-05; 5 epochs,mixed_025_d578b358d050,13,5,0.2,mixed_025,mixed,bert-base-uncased,128,16,5,3e-05,0.01,1.0,1.0,"[""bio"", ""category"", ""sentiment""]",0.75,0.25,2.0,1.0,True,explicit-null,0.5,10.0,0.5,"[0.02, 0.05, 0.1, 0.2, 0.3, 0.4, 0.5, 0.6, 0.7, 0.8]",explicit,False,0.1,1.0,86b5e0934494bd15c9632b12f734a8a67f723594,True,,,,,,,,,,,,,
screen,Quick screens,mixed_025; LR=3e-05; 5 epochs,mixed_025_f8a8e7713832,13,5,0.4,mixed_025,mixed,bert-base-uncased,128,16,5,3e-05,0.01,1.0,1.0,"[""bio"", ""category"", ""sentiment""]",0.75,0.25,2.0,1.0,True,explicit-null,0.5,30.0,0.5,"[0.02, 0.05, 0.1, 0.2, 0.3, 0.4, 0.5, 0.6, 0.7, 0.8]",explicit,False,0.1,1.0,86b5e0934494bd15c9632b12f734a8a67f723594,True,,,,,,,,,,,,,
screen,NULL screens,null_off; LR=3e-05; 3 epochs,null_off_e2306bf501df,13,3,1.0,null_off,mixed,bert-base-uncased,128,16,3,3e-05,0.01,1.0,1.0,"[""bio"", ""category"", ""sentiment""]",0.75,0.25,2.0,1.0,False,explicit-null,0.5,10.0,0.5,"[0.02, 0.05, 0.1, 0.12, 0.14, 0.16, 0.18, 0.2, 0.22, 0.24, 0.26, 0.28, 0.3, 0.32, 0.34, 0.36, 0.38, 0.4, 0.45, 0.5, 0.6, 0.8]",combined,False,0.1,1.0,86b5e0934494bd15c9632b12f734a8a67f723594,True,1024.0,4.0,0.0,0.05,128,0.5,16,8.0,all,2.0,bce,amp,cls
screen,NULL screens,bce_cls; LR=3e-05; 3 epochs,bce_cls_72b9117e2b7f,13,3,1.0,bce_cls,mixed,bert-base-uncased,128,16,3,3e-05,0.01,1.0,1.0,"[""bio"", ""category"", ""sentiment""]",0.75,0.25,2.0,1.0,True,explicit-null,0.5,10.0,0.5,"[0.02, 0.05, 0.1, 0.12, 0.14, 0.16, 0.18, 0.2, 0.22, 0.24, 0.26, 0.28, 0.3, 0.32, 0.34, 0.36, 0.38, 0.4, 0.45, 0.5, 0.6, 0.8]",combined,False,0.1,1.0,86b5e0934494bd15c9632b12f734a8a67f723594,True,1024.0,4.0,0.0,0.05,128,0.5,16,8.0,all,2.0,bce,amp,cls
screen,NULL screens,focal_cls; LR=3e-05; 3 epochs,focal_cls_cb0f8a9e7ef7,13,3,1.0,focal_cls,mixed,bert-base-uncased,128,16,3,3e-05,0.01,1.0,1.0,"[""bio"", ""category"", ""sentiment""]",0.75,0.25,2.0,1.0,True,explicit-null,0.5,10.0,0.5,"[0.02, 0.05, 0.1, 0.12, 0.14, 0.16, 0.18, 0.2, 0.22, 0.24, 0.26, 0.28, 0.3, 0.32, 0.34, 0.36, 0.38, 0.4, 0.45, 0.5, 0.6, 0.8]",combined,False,0.1,1.0,86b5e0934494bd15c9632b12f734a8a67f723594,True,1024.0,4.0,0.0,0.05,128,0.5,16,8.0,all,2.0,focal,amp,cls
screen,NULL screens,asl_cls; LR=3e-05; 3 epochs,asl_cls_ccd29d82c495,13,3,1.0,asl_cls,mixed,bert-base-uncased,128,16,3,3e-05,0.01,1.0,1.0,"[""bio"", ""category"", ""sentiment""]",0.75,0.25,2.0,1.0,True,explicit-null,0.5,10.0,0.5,"[0.02, 0.05, 0.1, 0.12, 0.14, 0.16, 0.18, 0.2, 0.22, 0.24, 0.26, 0.28, 0.3, 0.32, 0.34, 0.36, 0.38, 0.4, 0.45, 0.5, 0.6, 0.8]",combined,False,0.1,1.0,86b5e0934494bd15c9632b12f734a8a67f723594,True,1024.0,4.0,0.0,0.05,128,0.5,16,8.0,all,2.0,asl,amp,cls
screen,NULL screens,focal_ia; LR=3e-05; 3 epochs,focal_ia_3a9090049047,13,3,1.0,focal_ia,mixed,bert-base-uncased,128,16,3,3e-05,0.01,1.0,1.0,"[""bio"", ""category"", ""sentiment""]",0.75,0.25,2.0,1.0,True,explicit-null,0.5,10.0,0.5,"[0.02, 0.05, 0.1, 0.12, 0.14, 0.16, 0.18, 0.2, 0.22, 0.24, 0.26, 0.28, 0.3, 0.32, 0.34, 0.36, 0.38, 0.4, 0.45, 0.5, 0.6, 0.8]",combined,False,0.1,1.0,86b5e0934494bd15c9632b12f734a8a67f723594,True,1024.0,4.0,0.0,0.05,128,0.5,16,8.0,all,2.0,focal,amp,ia
screen,NULL screens,focal_ia_attention; LR=3e-05; 3 epochs,focal_ia_attention_013a87dbfbd4,13,3,1.0,focal_ia_attention,mixed,bert-base-uncased,128,16,3,3e-05,0.01,1.0,1.0,"[""bio"", ""category"", ""sentiment""]",0.75,0.25,2.0,1.0,True,explicit-null,0.5,10.0,0.5,"[0.02, 0.05, 0.1, 0.12, 0.14, 0.16, 0.18, 0.2, 0.22, 0.24, 0.26, 0.28, 0.3, 0.32, 0.34, 0.36, 0.38, 0.4, 0.45, 0.5, 0.6, 0.8]",combined,False,0.1,1.0,86b5e0934494bd15c9632b12f734a8a67f723594,True,1024.0,4.0,0.0,0.05,128,0.5,16,8.0,all,2.0,focal,amp,ia_attention
screen,NULL screens,focal_ia_attention_random; LR=3e-05; 3 epochs,focal_ia_attention_random_b3d539181258,13,3,1.0,focal_ia_attention_random,mixed,bert-base-uncased,128,16,3,3e-05,0.01,1.0,1.0,"[""bio"", ""category"", ""sentiment""]",0.75,0.25,2.0,1.0,True,explicit-null,0.5,10.0,0.5,"[0.02, 0.05, 0.1, 0.12, 0.14, 0.16, 0.18, 0.2, 0.22, 0.24, 0.26, 0.28, 0.3, 0.32, 0.34, 0.36, 0.38, 0.4, 0.45, 0.5, 0.6, 0.8]",combined,False,0.1,1.0,86b5e0934494bd15c9632b12f734a8a67f723594,True,1024.0,4.0,0.0,0.05,128,0.5,16,8.0,random,2.0,focal,amp,ia_attention
screen,NULL screens,focal_ia_attention_hard; LR=3e-05; 3 epochs,focal_ia_attention_hard_95336217e8b1,13,3,1.0,focal_ia_attention_hard,mixed,bert-base-uncased,128,16,3,3e-05,0.01,1.0,1.0,"[""bio"", ""category"", ""sentiment""]",0.75,0.25,2.0,1.0,True,explicit-null,0.5,10.0,0.5,"[0.02, 0.05, 0.1, 0.12, 0.14, 0.16, 0.18, 0.2, 0.22, 0.24, 0.26, 0.28, 0.3, 0.32, 0.34, 0.36, 0.38, 0.4, 0.45, 0.5, 0.6, 0.8]",combined,False,0.1,1.0,86b5e0934494bd15c9632b12f734a8a67f723594,True,1024.0,4.0,0.0,0.05,128,0.5,16,8.0,hard,2.0,focal,amp,ia_attention
screen,NULL screens,focal_ia_attention_weight; LR=3e-05; 3 epochs,focal_ia_attention_weight_846ad93ada99,13,3,1.0,focal_ia_attention_weight,mixed,bert-base-uncased,128,16,3,3e-05,0.01,1.0,1.0,"[""bio"", ""category"", ""sentiment""]",0.75,0.25,2.0,1.0,True,explicit-null,0.1,10.0,0.5,"[0.02, 0.05, 0.1, 0.12, 0.14, 0.16, 0.18, 0.2, 0.22, 0.24, 0.26, 0.28, 0.3, 0.32, 0.34, 0.36, 0.38, 0.4, 0.45, 0.5, 0.6, 0.8]",combined,False,0.1,1.0,86b5e0934494bd15c9632b12f734a8a67f723594,True,1024.0,4.0,0.0,0.05,128,0.5,16,8.0,all,2.0,focal,amp,ia_attention
screen,NULL screens,focal_ia_attention_gamma; LR=3e-05; 3 epochs,focal_ia_attention_gamma_6fd4c60ddd2d,13,3,1.0,focal_ia_attention_gamma,mixed,bert-base-uncased,128,16,3,3e-05,0.01,1.0,1.0,"[""bio"", ""category"", ""sentiment""]",0.75,0.25,2.0,1.0,True,explicit-null,0.5,10.0,0.5,"[0.02, 0.05, 0.1, 0.12, 0.14, 0.16, 0.18, 0.2, 0.22, 0.24, 0.26, 0.28, 0.3, 0.32, 0.34, 0.36, 0.38, 0.4, 0.45, 0.5, 0.6, 0.8]",combined,False,0.1,1.0,86b5e0934494bd15c9632b12f734a8a67f723594,True,1024.0,4.0,0.0,0.05,128,0.5,16,8.0,all,1.0,focal,amp,ia_attention
lodo_finalist,LODO,coursera,mixed_025_da1a88a51a5f,13,5,0.5,mixed_025,mixed,bert-base-uncased,128,16,5,3e-05,0.01,1.0,1.0,"[""bio"", ""category"", ""sentiment""]",0.75,0.25,2.0,1.0,False,auto,0.5,1.0,0.5,"[0.2, 0.3, 0.4, 0.5, 0.6, 0.7, 0.8]",explicit,False,0.1,1.0,86b5e0934494bd15c9632b12f734a8a67f723594,True,,,,,,,,,,,,,
lodo_finalist,LODO,coursera,mixed_025_da1a88a51a5f,42,5,0.5,mixed_025,mixed,bert-base-uncased,128,16,5,3e-05,0.01,1.0,1.0,"[""bio"", ""category"", ""sentiment""]",0.75,0.25,2.0,1.0,False,auto,0.5,1.0,0.5,"[0.2, 0.3, 0.4, 0.5, 0.6, 0.7, 0.8]",explicit,False,0.1,1.0,86b5e0934494bd15c9632b12f734a8a67f723594,True,,,,,,,,,,,,,
lodo_finalist,LODO,coursera,mixed_025_da1a88a51a5f,123,5,0.5,mixed_025,mixed,bert-base-uncased,128,16,5,3e-05,0.01,1.0,1.0,"[""bio"", ""category"", ""sentiment""]",0.75,0.25,2.0,1.0,False,auto,0.5,1.0,0.5,"[0.2, 0.3, 0.4, 0.5, 0.6, 0.7, 0.8]",explicit,False,0.1,1.0,86b5e0934494bd15c9632b12f734a8a67f723594,True,,,,,,,,,,,,,
lodo_finalist,LODO,coursera,mixed_025_da1a88a51a5f,2024,5,0.5,mixed_025,mixed,bert-base-uncased,128,16,5,3e-05,0.01,1.0,1.0,"[""bio"", ""category"", ""sentiment""]",0.75,0.25,2.0,1.0,False,auto,0.5,1.0,0.5,"[0.2, 0.3, 0.4, 0.5, 0.6, 0.7, 0.8]",explicit,False,0.1,1.0,86b5e0934494bd15c9632b12f734a8a67f723594,True,,,,,,,,,,,,,
lodo_finalist,LODO,coursera,mixed_025_da1a88a51a5f,777,4,0.5,mixed_025,mixed,bert-base-uncased,128,16,5,3e-05,0.01,1.0,1.0,"[""bio"", ""category"", ""sentiment""]",0.75,0.25,2.0,1.0,False,auto,0.5,1.0,0.5,"[0.2, 0.3, 0.4, 0.5, 0.6, 0.7, 0.8]",explicit,False,0.1,1.0,86b5e0934494bd15c9632b12f734a8a67f723594,True,,,,,,,,,,,,,
lodo_finalist,LODO,hotel,mixed_025_da1a88a51a5f,13,5,0.5,mixed_025,mixed,bert-base-uncased,128,16,5,3e-05,0.01,1.0,1.0,"[""bio"", ""category"", ""sentiment""]",0.75,0.25,2.0,1.0,False,auto,0.5,1.0,0.5,"[0.2, 0.3, 0.4, 0.5, 0.6, 0.7, 0.8]",explicit,False,0.1,1.0,86b5e0934494bd15c9632b12f734a8a67f723594,True,,,,,,,,,,,,,
lodo_finalist,LODO,hotel,mixed_025_da1a88a51a5f,42,5,0.5,mixed_025,mixed,bert-base-uncased,128,16,5,3e-05,0.01,1.0,1.0,"[""bio"", ""category"", ""sentiment""]",0.75,0.25,2.0,1.0,False,auto,0.5,1.0,0.5,"[0.2, 0.3, 0.4, 0.5, 0.6, 0.7, 0.8]",explicit,False,0.1,1.0,86b5e0934494bd15c9632b12f734a8a67f723594,True,,,,,,,,,,,,,
lodo_finalist,LODO,hotel,mixed_025_da1a88a51a5f,123,5,0.5,mixed_025,mixed,bert-base-uncased,128,16,5,3e-05,0.01,1.0,1.0,"[""bio"", ""category"", ""sentiment""]",0.75,0.25,2.0,1.0,False,auto,0.5,1.0,0.5,"[0.2, 0.3, 0.4, 0.5, 0.6, 0.7, 0.8]",explicit,False,0.1,1.0,86b5e0934494bd15c9632b12f734a8a67f723594,True,,,,,,,,,,,,,
lodo_finalist,LODO,hotel,mixed_025_da1a88a51a5f,2024,5,0.5,mixed_025,mixed,bert-base-uncased,128,16,5,3e-05,0.01,1.0,1.0,"[""bio"", ""category"", ""sentiment""]",0.75,0.25,2.0,1.0,False,auto,0.5,1.0,0.5,"[0.2, 0.3, 0.4, 0.5, 0.6, 0.7, 0.8]",explicit,False,0.1,1.0,86b5e0934494bd15c9632b12f734a8a67f723594,True,,,,,,,,,,,,,
lodo_finalist,LODO,hotel,mixed_025_da1a88a51a5f,777,5,0.5,mixed_025,mixed,bert-base-uncased,128,16,5,3e-05,0.01,1.0,1.0,"[""bio"", ""category"", ""sentiment""]",0.75,0.25,2.0,1.0,False,auto,0.5,1.0,0.5,"[0.2, 0.3, 0.4, 0.5, 0.6, 0.7, 0.8]",explicit,False,0.1,1.0,86b5e0934494bd15c9632b12f734a8a67f723594,True,,,,,,,,,,,,,
lodo_finalist,LODO,laptop,mixed_025_da1a88a51a5f,13,5,0.5,mixed_025,mixed,bert-base-uncased,128,16,5,3e-05,0.01,1.0,1.0,"[""bio"", ""category"", ""sentiment""]",0.75,0.25,2.0,1.0,False,auto,0.5,1.0,0.5,"[0.2, 0.3, 0.4, 0.5, 0.6, 0.7, 0.8]",explicit,False,0.1,1.0,86b5e0934494bd15c9632b12f734a8a67f723594,True,,,,,,,,,,,,,
lodo_finalist,LODO,laptop,mixed_025_da1a88a51a5f,42,5,0.5,mixed_025,mixed,bert-base-uncased,128,16,5,3e-05,0.01,1.0,1.0,"[""bio"", ""category"", ""sentiment""]",0.75,0.25,2.0,1.0,False,auto,0.5,1.0,0.5,"[0.2, 0.3, 0.4, 0.5, 0.6, 0.7, 0.8]",explicit,False,0.1,1.0,86b5e0934494bd15c9632b12f734a8a67f723594,True,,,,,,,,,,,,,
lodo_finalist,LODO,laptop,mixed_025_da1a88a51a5f,123,5,0.5,mixed_025,mixed,bert-base-uncased,128,16,5,3e-05,0.01,1.0,1.0,"[""bio"", ""category"", ""sentiment""]",0.75,0.25,2.0,1.0,False,auto,0.5,1.0,0.5,"[0.2, 0.3, 0.4, 0.5, 0.6, 0.7, 0.8]",explicit,False,0.1,1.0,86b5e0934494bd15c9632b12f734a8a67f723594,True,,,,,,,,,,,,,
lodo_finalist,LODO,laptop,mixed_025_da1a88a51a5f,2024,5,0.5,mixed_025,mixed,bert-base-uncased,128,16,5,3e-05,0.01,1.0,1.0,"[""bio"", ""category"", ""sentiment""]",0.75,0.25,2.0,1.0,False,auto,0.5,1.0,0.5,"[0.2, 0.3, 0.4, 0.5, 0.6, 0.7, 0.8]",explicit,False,0.1,1.0,86b5e0934494bd15c9632b12f734a8a67f723594,True,,,,,,,,,,,,,
lodo_finalist,LODO,laptop,mixed_025_da1a88a51a5f,777,5,0.5,mixed_025,mixed,bert-base-uncased,128,16,5,3e-05,0.01,1.0,1.0,"[""bio"", ""category"", ""sentiment""]",0.75,0.25,2.0,1.0,False,auto,0.5,1.0,0.5,"[0.2, 0.3, 0.4, 0.5, 0.6, 0.7, 0.8]",explicit,False,0.1,1.0,86b5e0934494bd15c9632b12f734a8a67f723594,True,,,,,,,,,,,,,
lodo_finalist,LODO,restaurant,mixed_025_da1a88a51a5f,13,5,0.5,mixed_025,mixed,bert-base-uncased,128,16,5,3e-05,0.01,1.0,1.0,"[""bio"", ""category"", ""sentiment""]",0.75,0.25,2.0,1.0,False,auto,0.5,1.0,0.5,"[0.2, 0.3, 0.4, 0.5, 0.6, 0.7, 0.8]",explicit,False,0.1,1.0,86b5e0934494bd15c9632b12f734a8a67f723594,True,,,,,,,,,,,,,
lodo_finalist,LODO,restaurant,mixed_025_da1a88a51a5f,42,5,0.5,mixed_025,mixed,bert-base-uncased,128,16,5,3e-05,0.01,1.0,1.0,"[""bio"", ""category"", ""sentiment""]",0.75,0.25,2.0,1.0,False,auto,0.5,1.0,0.5,"[0.2, 0.3, 0.4, 0.5, 0.6, 0.7, 0.8]",explicit,False,0.1,1.0,86b5e0934494bd15c9632b12f734a8a67f723594,True,,,,,,,,,,,,,
lodo_finalist,LODO,restaurant,mixed_025_da1a88a51a5f,123,4,0.5,mixed_025,mixed,bert-base-uncased,128,16,5,3e-05,0.01,1.0,1.0,"[""bio"", ""category"", ""sentiment""]",0.75,0.25,2.0,1.0,False,auto,0.5,1.0,0.5,"[0.2, 0.3, 0.4, 0.5, 0.6, 0.7, 0.8]",explicit,False,0.1,1.0,86b5e0934494bd15c9632b12f734a8a67f723594,True,,,,,,,,,,,,,
lodo_finalist,LODO,restaurant,mixed_025_da1a88a51a5f,2024,5,0.5,mixed_025,mixed,bert-base-uncased,128,16,5,3e-05,0.01,1.0,1.0,"[""bio"", ""category"", ""sentiment""]",0.75,0.25,2.0,1.0,False,auto,0.5,1.0,0.5,"[0.2, 0.3, 0.4, 0.5, 0.6, 0.7, 0.8]",explicit,False,0.1,1.0,86b5e0934494bd15c9632b12f734a8a67f723594,True,,,,,,,,,,,,,
lodo_finalist,LODO,restaurant,mixed_025_da1a88a51a5f,777,4,0.5,mixed_025,mixed,bert-base-uncased,128,16,5,3e-05,0.01,1.0,1.0,"[""bio"", ""category"", ""sentiment""]",0.75,0.25,2.0,1.0,False,auto,0.5,1.0,0.5,"[0.2, 0.3, 0.4, 0.5, 0.6, 0.7, 0.8]",explicit,False,0.1,1.0,86b5e0934494bd15c9632b12f734a8a67f723594,True,,,,,,,,,,,,,
lodo_finalist,LODO,phone,mixed_025_da1a88a51a5f,13,5,0.5,mixed_025,mixed,bert-base-uncased,128,16,5,3e-05,0.01,1.0,1.0,"[""bio"", ""category"", ""sentiment""]",0.75,0.25,2.0,1.0,False,auto,0.5,1.0,0.5,"[0.2, 0.3, 0.4, 0.5, 0.6, 0.7, 0.8]",explicit,False,0.1,1.0,86b5e0934494bd15c9632b12f734a8a67f723594,True,,,,,,,,,,,,,
lodo_finalist,LODO,phone,mixed_025_da1a88a51a5f,42,5,0.5,mixed_025,mixed,bert-base-uncased,128,16,5,3e-05,0.01,1.0,1.0,"[""bio"", ""category"", ""sentiment""]",0.75,0.25,2.0,1.0,False,auto,0.5,1.0,0.5,"[0.2, 0.3, 0.4, 0.5, 0.6, 0.7, 0.8]",explicit,False,0.1,1.0,86b5e0934494bd15c9632b12f734a8a67f723594,True,,,,,,,,,,,,,
lodo_finalist,LODO,phone,mixed_025_da1a88a51a5f,123,5,0.5,mixed_025,mixed,bert-base-uncased,128,16,5,3e-05,0.01,1.0,1.0,"[""bio"", ""category"", ""sentiment""]",0.75,0.25,2.0,1.0,False,auto,0.5,1.0,0.5,"[0.2, 0.3, 0.4, 0.5, 0.6, 0.7, 0.8]",explicit,False,0.1,1.0,86b5e0934494bd15c9632b12f734a8a67f723594,True,,,,,,,,,,,,,
lodo_finalist,LODO,phone,mixed_025_da1a88a51a5f,2024,5,0.5,mixed_025,mixed,bert-base-uncased,128,16,5,3e-05,0.01,1.0,1.0,"[""bio"", ""category"", ""sentiment""]",0.75,0.25,2.0,1.0,False,auto,0.5,1.0,0.5,"[0.2, 0.3, 0.4, 0.5, 0.6, 0.7, 0.8]",explicit,False,0.1,1.0,86b5e0934494bd15c9632b12f734a8a67f723594,True,,,,,,,,,,,,,
lodo_finalist,LODO,phone,mixed_025_da1a88a51a5f,777,5,0.5,mixed_025,mixed,bert-base-uncased,128,16,5,3e-05,0.01,1.0,1.0,"[""bio"", ""category"", ""sentiment""]",0.75,0.25,2.0,1.0,False,auto,0.5,1.0,0.5,"[0.2, 0.3, 0.4, 0.5, 0.6, 0.7, 0.8]",explicit,False,0.1,1.0,86b5e0934494bd15c9632b12f734a8a67f723594,True,,,,,,,,,,,,,
lodo_finalist,LODO,sight,mixed_025_da1a88a51a5f,13,5,0.5,mixed_025,mixed,bert-base-uncased,128,16,5,3e-05,0.01,1.0,1.0,"[""bio"", ""category"", ""sentiment""]",0.75,0.25,2.0,1.0,False,auto,0.5,1.0,0.5,"[0.2, 0.3, 0.4, 0.5, 0.6, 0.7, 0.8]",explicit,False,0.1,1.0,86b5e0934494bd15c9632b12f734a8a67f723594,True,,,,,,,,,,,,,
lodo_finalist,LODO,sight,mixed_025_da1a88a51a5f,42,5,0.5,mixed_025,mixed,bert-base-uncased,128,16,5,3e-05,0.01,1.0,1.0,"[""bio"", ""category"", ""sentiment""]",0.75,0.25,2.0,1.0,False,auto,0.5,1.0,0.5,"[0.2, 0.3, 0.4, 0.5, 0.6, 0.7, 0.8]",explicit,False,0.1,1.0,86b5e0934494bd15c9632b12f734a8a67f723594,True,,,,,,,,,,,,,
lodo_finalist,LODO,sight,mixed_025_da1a88a51a5f,123,5,0.5,mixed_025,mixed,bert-base-uncased,128,16,5,3e-05,0.01,1.0,1.0,"[""bio"", ""category"", ""sentiment""]",0.75,0.25,2.0,1.0,False,auto,0.5,1.0,0.5,"[0.2, 0.3, 0.4, 0.5, 0.6, 0.7, 0.8]",explicit,False,0.1,1.0,86b5e0934494bd15c9632b12f734a8a67f723594,True,,,,,,,,,,,,,
lodo_finalist,LODO,sight,mixed_025_da1a88a51a5f,2024,5,0.5,mixed_025,mixed,bert-base-uncased,128,16,5,3e-05,0.01,1.0,1.0,"[""bio"", ""category"", ""sentiment""]",0.75,0.25,2.0,1.0,False,auto,0.5,1.0,0.5,"[0.2, 0.3, 0.4, 0.5, 0.6, 0.7, 0.8]",explicit,False,0.1,1.0,86b5e0934494bd15c9632b12f734a8a67f723594,True,,,,,,,,,,,,,
lodo_finalist,LODO,sight,mixed_025_da1a88a51a5f,777,4,0.5,mixed_025,mixed,bert-base-uncased,128,16,5,3e-05,0.01,1.0,1.0,"[""bio"", ""category"", ""sentiment""]",0.75,0.25,2.0,1.0,False,auto,0.5,1.0,0.5,"[0.2, 0.3, 0.4, 0.5, 0.6, 0.7, 0.8]",explicit,False,0.1,1.0,86b5e0934494bd15c9632b12f734a8a67f723594,True,,,,,,,,,,,,,
lodo_finalist,LODO,food,mixed_025_da1a88a51a5f,13,5,0.5,mixed_025,mixed,bert-base-uncased,128,16,5,3e-05,0.01,1.0,1.0,"[""bio"", ""category"", ""sentiment""]",0.75,0.25,2.0,1.0,False,auto,0.5,1.0,0.5,"[0.2, 0.3, 0.4, 0.5, 0.6, 0.7, 0.8]",explicit,False,0.1,1.0,86b5e0934494bd15c9632b12f734a8a67f723594,True,,,,,,,,,,,,,
lodo_finalist,LODO,food,mixed_025_da1a88a51a5f,42,5,0.5,mixed_025,mixed,bert-base-uncased,128,16,5,3e-05,0.01,1.0,1.0,"[""bio"", ""category"", ""sentiment""]",0.75,0.25,2.0,1.0,False,auto,0.5,1.0,0.5,"[0.2, 0.3, 0.4, 0.5, 0.6, 0.7, 0.8]",explicit,False,0.1,1.0,86b5e0934494bd15c9632b12f734a8a67f723594,True,,,,,,,,,,,,,
lodo_finalist,LODO,food,mixed_025_da1a88a51a5f,123,5,0.5,mixed_025,mixed,bert-base-uncased,128,16,5,3e-05,0.01,1.0,1.0,"[""bio"", ""category"", ""sentiment""]",0.75,0.25,2.0,1.0,False,auto,0.5,1.0,0.5,"[0.2, 0.3, 0.4, 0.5, 0.6, 0.7, 0.8]",explicit,False,0.1,1.0,86b5e0934494bd15c9632b12f734a8a67f723594,True,,,,,,,,,,,,,
lodo_finalist,LODO,food,mixed_025_da1a88a51a5f,2024,5,0.5,mixed_025,mixed,bert-base-uncased,128,16,5,3e-05,0.01,1.0,1.0,"[""bio"", ""category"", ""sentiment""]",0.75,0.25,2.0,1.0,False,auto,0.5,1.0,0.5,"[0.2, 0.3, 0.4, 0.5, 0.6, 0.7, 0.8]",explicit,False,0.1,1.0,86b5e0934494bd15c9632b12f734a8a67f723594,True,,,,,,,,,,,,,
lodo_finalist,LODO,food,mixed_025_da1a88a51a5f,777,5,0.5,mixed_025,mixed,bert-base-uncased,128,16,5,3e-05,0.01,1.0,1.0,"[""bio"", ""category"", ""sentiment""]",0.75,0.25,2.0,1.0,False,auto,0.5,1.0,0.5,"[0.2, 0.3, 0.4, 0.5, 0.6, 0.7, 0.8]",explicit,False,0.1,1.0,86b5e0934494bd15c9632b12f734a8a67f723594,True,,,,,,,,,,,,,
