split,mode,domain,trial_id,recipe,n,seeds,explicit_f1_mean,explicit_f1_sd,null_f1_mean,null_f1_sd,combined_f1_mean,combined_f1_sd,term_f1_mean,term_f1_sd,term_sentiment_f1_mean,term_sentiment_f1_sd
dev,crossdomain,coursera,mixed_025_da1a88a51a5f,mixed_025,5,13 42 123 777 2024,0.3629614612592999,0.004988945950833015,0.0,0.0,0.3275009494221162,0.004454238493930356,0.5272288957018848,0.007201889401556282,0.4830901121402185,0.005715808846103101
dev,crossdomain,food,mixed_025_da1a88a51a5f,mixed_025,5,13 42 123 777 2024,0.3766283682038259,0.005364887715324659,0.0,0.0,0.34707872549798563,0.004618066350624575,0.5481231217406514,0.005411006445897322,0.5010020342836627,0.0036004535103602857
dev,crossdomain,hotel,mixed_025_da1a88a51a5f,mixed_025,5,13 42 123 777 2024,0.37092179911536594,0.0035001275606058686,0.0,0.0,0.3319089881790829,0.00311959827093563,0.5389774604064089,0.006383367776181609,0.491346947551644,0.004258567269845885
dev,crossdomain,laptop,mixed_025_da1a88a51a5f,mixed_025,5,13 42 123 777 2024,0.380899180560015,0.01134862419825544,0.0,0.0,0.340378480089102,0.009705693787946472,0.509482444770192,0.0097881669291474,0.4663713293802726,0.010182845711031497
dev,crossdomain,phone,mixed_025_da1a88a51a5f,mixed_025,5,13 42 123 777 2024,0.36966551825807215,0.005241082210682875,0.0,0.0,0.31528419446180417,0.004266802404259202,0.5756572989369744,0.006046109778476758,0.5176628672689082,0.005714165470959564
dev,crossdomain,restaurant,mixed_025_da1a88a51a5f,mixed_025,5,13 42 123 777 2024,0.33759666288903195,0.006041367733154834,0.0,0.0,0.30183105835115476,0.005082446828572413,0.5009500066214224,0.007337506109251981,0.46164218299383314,0.006264495956923372
dev,crossdomain,sight,mixed_025_da1a88a51a5f,mixed_025,5,13 42 123 777 2024,0.38861856288041485,0.005776635951707763,0.0,0.0,0.343927511850251,0.005209800536261624,0.569149683270182,0.008574924763053144,0.5235559177313542,0.011142488391921224
dev,indomain,all_domains,asl_cls_ccd29d82c495,asl_cls,1,13,0.3160261651676206,,0.0,,0.282787634900311,,0.4955933592949375,,0.45231273024969293,
dev,indomain,all_domains,bce_cls_72b9117e2b7f,bce_cls,1,13,0.3212916246215944,,0.0,,0.2878842676311031,,0.5041472789803763,,0.4601090688749747,
dev,indomain,all_domains,focal_2_7911d73535e0,focal_2,1,13,0.33351439435089625,,0.0,,0.28846605590791635,,0.4632553075666848,,0.425,
dev,indomain,all_domains,focal_2_8e92909d4e3b,focal_2,1,13,0.3086160312218553,,0.0,,0.2631848438300051,,0.42187499999999994,,0.39122596153846156,
dev,indomain,all_domains,focal_cls_cb0f8a9e7ef7,focal_cls,1,13,0.32179720704310866,,0.0,,0.28825235678027555,,0.5043619395414891,,0.4614138140571197,
dev,indomain,all_domains,focal_ia_3a9090049047,focal_ia,1,13,0.32654706712356385,,0.0,,0.29263005780346824,,0.508988083215512,,0.46268656716417916,
dev,indomain,all_domains,focal_ia_attention_013a87dbfbd4,focal_ia_attention,1,13,0.32721404075045396,,0.0,,0.2932031814895156,,0.5114210632706692,,0.4659802140117101,
dev,indomain,all_domains,focal_ia_attention_e6801d313247,focal_ia_attention,5,13 42 123 777 2024,0.36807312626375505,0.00604570900201694,0.0,0.0,0.328851693182097,0.0048924597278964714,0.5374793162796517,0.006548771893828179,0.4916815498207174,0.005960320320407076
dev,indomain,all_domains,focal_ia_attention_gamma_6fd4c60ddd2d,focal_ia_attention_gamma,1,13,0.32531824611032534,,0.0,,0.2914554670528603,,0.5097165991902834,,0.46552072800808897,
dev,indomain,all_domains,focal_ia_attention_hard_95336217e8b1,focal_ia_attention_hard,1,13,0.3232117383329937,,0.0,,0.28931047063115656,,0.5063291139240507,,0.4641109298531811,
dev,indomain,all_domains,focal_ia_attention_random_b3d539181258,focal_ia_attention_random,1,13,0.3228314238952537,,0.0,,0.2888522789676002,,0.5076891531679312,,0.46009005321326235,
dev,indomain,all_domains,focal_ia_attention_weight_846ad93ada99,focal_ia_attention_weight,1,13,0.32443365695792875,,0.0,,0.290632360934952,,0.5103364410214836,,0.46265938069216755,
dev,indomain,all_domains,mixed_025_393b9e11646e,mixed_025,5,13 42 123 777 2024,0.36986090573888475,0.005006564162542368,0.0,0.0,0.33022851333832876,0.004001527863359883,0.5420538148744456,0.005614363350689574,0.49776627259181766,0.00641881575932203
dev,indomain,all_domains,mixed_025_728834a76d3e,mixed_025,1,13,0.262706796890572,,0.0,,0.23569384835479257,,0.45625249700359566,,0.41324291982449146,
dev,indomain,all_domains,mixed_025_ab40cdd00db0,mixed_025,2,13 42,0.33549838869377735,0.0037251333968501012,0.0,0.0,0.3003755051722681,0.002824363797697499,0.5090473889391369,0.004529685545092939,0.46408080446838573,0.0048209231709677265
dev,indomain,all_domains,mixed_025_d578b358d050,mixed_025,5,13 42 123 777 2024,0.36749693633908403,0.005297338084853352,0.09293721075781244,0.010130768733565096,0.3083600952135676,0.012969286564425338,0.5413193438893152,0.005212659648316244,0.49766197501990217,0.005938307708825102
dev,indomain,all_domains,mixed_025_da1a88a51a5f,mixed_025,5,13 42 123 777 2024,0.37105076792965214,0.004614844451277924,0.0,0.0,0.3312741699668733,0.003735938877375456,0.5387011974559148,0.0033700889790486853,0.49545102687258935,0.004091094545438547
dev,indomain,all_domains,mixed_025_f8a8e7713832,mixed_025,1,13,0.3623834616943656,,0.07540983606557376,,0.24016755876192694,,0.5354170895067993,,0.48783454987834557,
dev,indomain,all_domains,mixed_033_b29abfd99fa6,mixed_033,2,13 42,0.3307442105411835,0.0028330936203989064,0.0,0.0,0.29765656928580697,0.0021223584964936634,0.5074747462942052,0.0035215101647585578,0.4623470930858702,0.0007686702045449513
dev,indomain,all_domains,mixed_050_28230633aa41,mixed_050,2,13 42,0.3131966475661174,0.010625871840126313,0.0,0.0,0.28398462542214387,0.009142886660758893,0.4903499606961111,0.007871248925434062,0.444273275387658,0.007252437883188109
dev,indomain,all_domains,null_off_e2306bf501df,null_off,1,13,0.32143577334139944,,0.0,,0.28803758583303213,,0.5034371209057824,,0.4602341542188131,
dev,indomain,all_domains,null_off_e53896d9134f,null_off,5,13 42 123 777 2024,0.3685244540234196,0.006524537590862369,0.0,0.0,0.32897261339209743,0.005296863896077912,0.5404279061471188,0.00840789041248607,0.4937837884427571,0.007580398807964199
dev,indomain,all_domains,standard_dc1c37f41da3,standard,2,13 42,0.30349183108614847,0.006688252911947564,0.0,0.0,0.260056758124357,0.006472556168946624,0.42001536233453346,0.023636423786001372,0.39165061627095976,0.0221933157795706
dev,indomain,all_domains,weighted_dbc809433ea0,weighted,2,13 42,0.22779662512314103,0.009833454842516206,0.0,0.0,0.21050712641825997,0.008808419971883516,0.3970411512364619,0.005988601682891812,0.3535840656654394,0.0085252455509763
test,crossdomain,coursera,mixed_025_da1a88a51a5f,mixed_025,5,13 42 123 777 2024,0.0,0.0,0.0,0.0,0.0,0.0,0.5322450134231886,0.014973632162498219,0.4773269016165631,0.010881710242548403
test,crossdomain,food,mixed_025_da1a88a51a5f,mixed_025,5,13 42 123 777 2024,0.0379615062731681,0.002371669863000115,0.0,0.0,0.025041011954713033,0.0013333492672448553,0.40281442193644834,0.008888438669805536,0.33281793739820753,0.0070627438787705344
test,crossdomain,hotel,mixed_025_da1a88a51a5f,mixed_025,5,13 42 123 777 2024,0.18375937116642035,0.018799189547388632,0.0,0.0,0.1545735817324239,0.01591106259799996,0.5309622241958495,0.008031345762159183,0.5057765173624992,0.006900702939571699
test,crossdomain,laptop,mixed_025_da1a88a51a5f,mixed_025,5,13 42 123 777 2024,0.0,0.0,0.0,0.0,0.0,0.0,0.539926476812493,0.01076371589695715,0.4919433120384397,0.008122025622007712
test,crossdomain,phone,mixed_025_da1a88a51a5f,mixed_025,5,13 42 123 777 2024,0.0,0.0,0.0,0.0,0.0,0.0,0.31531737748270483,0.014327270243154751,0.2927923207076621,0.014178882745897946
test,crossdomain,restaurant,mixed_025_da1a88a51a5f,mixed_025,5,13 42 123 777 2024,0.17819443825486728,0.009766903445237847,0.0,0.0,0.15099853330139068,0.008293720340826585,0.5329629583783143,0.0323625048472299,0.49584966859347923,0.025386243004537925
test,crossdomain,sight,mixed_025_da1a88a51a5f,mixed_025,5,13 42 123 777 2024,0.0,0.0,0.0,0.0,0.0,0.0,0.42523526720155613,0.009741855018774968,0.3605906891806303,0.008128938237305943
test,indomain,all_domains,asl_cls_ccd29d82c495,asl_cls,1,13,0.35675440504676964,,0.0,,0.3125595578425767,,0.5386626007405794,,0.49314472252448316,
test,indomain,all_domains,bce_cls_72b9117e2b7f,bce_cls,1,13,0.35805516797252335,,0.0,,0.31421305453517945,,0.5413129902224132,,0.49549162730785756,
test,indomain,all_domains,focal_2_8e92909d4e3b,focal_2,1,13,0.3265494912118409,,0.0,,0.2720267146159774,,0.44691358024691363,,0.4164096236890809,
test,indomain,all_domains,focal_cls_cb0f8a9e7ef7,focal_cls,1,13,0.3614197863847233,,0.0,,0.3169647081086196,,0.5444528464945447,,0.4991906765943671,
test,indomain,all_domains,focal_ia_3a9090049047,focal_ia,1,13,0.3632635441398661,,0.0,,0.3185689948892675,,0.54533664757376,,0.5002698909640505,
test,indomain,all_domains,focal_ia_attention_013a87dbfbd4,focal_ia_attention,1,13,0.3634793870062595,,0.0,,0.318758281279576,,0.5468885047536732,,0.5016729627630869,
test,indomain,all_domains,focal_ia_attention_e6801d313247,focal_ia_attention,5,13 42 123 777 2024,0.4051649582743238,0.0030737058647010962,0.0,0.0,0.35428308783910933,0.002803709814192244,0.5792017582044188,0.0035848744537847086,0.5292869071570172,0.00351511019741724
test,indomain,all_domains,focal_ia_attention_gamma_6fd4c60ddd2d,focal_ia_attention_gamma,1,13,0.3643058262941304,,0.0,,0.31934687677995066,,0.5472086720867209,,0.5029784468753384,
test,indomain,all_domains,focal_ia_attention_hard_95336217e8b1,focal_ia_attention_hard,1,13,0.3584432573858061,,0.0,,0.31395015754798056,,0.5456331877729257,,0.49874604732308364,
test,indomain,all_domains,focal_ia_attention_random_b3d539181258,focal_ia_attention_random,1,13,0.35626911314984705,,0.0,,0.31197398622800304,,0.5425508641435134,,0.4981973123566044,
test,indomain,all_domains,focal_ia_attention_weight_846ad93ada99,focal_ia_attention_weight,1,13,0.36560537145332467,,0.0,,0.3204860451870135,,0.5478204294079375,,0.5024374390640234,
test,indomain,all_domains,mixed_025_393b9e11646e,mixed_025,5,13 42 123 777 2024,0.40738154838989865,0.0038613543696902506,0.0,0.0,0.3559645173579417,0.0032149443265135497,0.5806974231254417,0.0034794780999625094,0.5323377635586212,0.004611528877076713
test,indomain,all_domains,mixed_025_728834a76d3e,mixed_025,1,13,0.2991772625280478,,0.0,,0.26268880758044844,,0.497967044725016,,0.452592196686264,
test,indomain,all_domains,mixed_025_ab40cdd00db0,mixed_025,1,13,0.3742841707185305,,0.0,,0.3281856939838939,,0.5517092167892688,,0.5049173241110991,
test,indomain,all_domains,mixed_025_d578b358d050,mixed_025,5,13 42 123 777 2024,0.40588941993915517,0.00433820040691802,0.08893092190751457,0.004348991363705669,0.3344476488522569,0.010803278635381787,0.5811553171331832,0.003836413943809578,0.53228493972096,0.0038842650998367153
test,indomain,all_domains,mixed_025_da1a88a51a5f,mixed_025,5,13 42 123 777 2024,0.40284892687267776,0.0066142494007901615,0.0,0.0,0.35200108675473535,0.005975583213148275,0.5758478505352778,0.0070280453760582975,0.5274713329279872,0.006526582248702155
test,indomain,all_domains,mixed_025_f8a8e7713832,mixed_025,1,13,0.40261723009814615,,0.0717766947275144,,0.26209146226710994,,0.5804127088110055,,0.5284171484673285,
test,indomain,all_domains,mixed_033_b29abfd99fa6,mixed_033,1,13,0.3701170863122992,,0.0,,0.3261802575107296,,0.5499066196306287,,0.5018136594465747,
test,indomain,all_domains,mixed_050_28230633aa41,mixed_050,1,13,0.34739071827460044,,0.0,,0.3087455074448057,,0.5315967197298601,,0.4808785280801464,
test,indomain,all_domains,null_off_e2306bf501df,null_off,1,13,0.3582121701669359,,0.0,,0.31421823334907883,,0.5425921932283805,,0.4966067004201228,
test,indomain,all_domains,null_off_e53896d9134f,null_off,5,13 42 123 777 2024,0.4054670737769486,0.0024920735299800447,0.0,0.0,0.35426321707036956,0.0028562811821126475,0.5797072106906479,0.004252684640485672,0.5307128278103856,0.003917750060941734
test,indomain,all_domains,standard_dc1c37f41da3,standard,1,13,0.32769869513641753,,0.0,,0.27473893585280956,,0.45120142390981904,,0.4236131711658262,
test,indomain,all_domains,weighted_dbc809433ea0,weighted,1,13,0.2457620498398563,,0.0,,0.22310474434437272,,0.4324239573534024,,0.38087786558172293,
