setting,held_out_domain,model,seed,true_positives,false_positives,false_negatives,precision,recall,f1,aspect_f1,aspect_sentiment_f1,term_category_f1,known_category_f1,category_coverage,gold_triplets,unseen_gold_triplets,artifact_dir,correct,term,category,sentiment,spurious_aspects,duplicate_predictions,category_mismatch_correct_term_sentiment
In-domain,all,standard,13,1321,2144,2844,0.3812409812409812,0.3171668667466987,0.34626474442988203,0.4917387883556255,0.46256719548970765,0.36623410669812556,0.3469012605042017,0.9966386554621849,4165,14,indomain_runs/standard/seed_13,1321,2290,478,76,1586,64,443
In-domain,all,standard,42,1334,2069,2831,0.3920070526006465,0.32028811524609846,0.3525369978858351,0.4960338445267054,0.46735395189003437,0.37293511299061716,0.3531903627217369,0.9966386554621849,4165,14,indomain_runs/standard/seed_42,1334,2289,465,77,1523,34,434
In-domain,all,standard,123,1384,2076,2781,0.4,0.33229291716686676,0.36301639344262293,0.5150958256760304,0.4807768009447579,0.3857255313565993,0.3636841413743266,0.9966386554621849,4165,14,indomain_runs/standard/seed_123,1384,2203,492,86,1491,36,448
In-domain,all,standard,777,1379,2200,2786,0.3853031573065102,0.3310924369747899,0.35614669421487605,0.4978019136281355,0.4666666666666667,0.37735849056603776,0.3567917205692109,0.9966386554621849,4165,14,indomain_runs/standard/seed_777,1379,2240,465,81,1644,49,427
In-domain,all,standard,2024,1266,1971,2899,0.3911028730305839,0.30396158463385353,0.34206971088894894,0.4780962682531098,0.45195296661711043,0.359508041627247,0.3427179209528966,0.9966386554621849,4165,14,indomain_runs/standard/seed_2024,1266,2397,438,64,1463,39,406
In-domain,all,weighted,13,1781,7658,2384,0.1886852420807289,0.4276110444177671,0.2618347544839753,0.46611545843791524,0.41166507106561606,0.2911634756995582,0.2621044885945549,0.9966386554621849,4165,14,indomain_runs/weighted/seed_13,1781,1008,1180,196,6224,169,1013
In-domain,all,weighted,42,1768,7263,2397,0.19577012512457093,0.42448979591836733,0.26795998787511366,0.4776323797930615,0.4240170031880978,0.2947336469874033,0.2682445759368836,0.9966386554621849,4165,14,indomain_runs/weighted/seed_42,1768,1026,1197,174,5840,142,1024
In-domain,all,weighted,123,1759,7568,2406,0.18859225903291518,0.4223289315726291,0.26074710939816187,0.47299813780260713,0.41682770923145535,0.2890653997476059,0.2610179551862294,0.9966386554621849,4165,14,indomain_runs/weighted/seed_123,1759,990,1228,188,6085,132,1043
In-domain,all,weighted,777,1784,7896,2381,0.18429752066115704,0.4283313325330132,0.25771036475261827,0.4611809136465974,0.40648993191366073,0.2863136574074074,0.25797122406189,0.9966386554621849,4165,14,indomain_runs/weighted/seed_777,1784,990,1196,195,6429,141,1020
In-domain,all,weighted,2024,1770,7208,2395,0.19714858543105368,0.4249699879951981,0.26934489842501713,0.4804460739382829,0.4253600548655033,0.2992761904761905,0.2696321121182116,0.9966386554621849,4165,14,indomain_runs/weighted/seed_2024,1770,1020,1181,194,5782,138,1018
LODO,coursera,standard,13,0,324,409,0.0,0.0,0.0,0.5136612021857924,0.4911323328785811,0.0,0.0,0.0024449877750611247,409,408,lodo_runs/coursera/standard/seed_13,0,221,188,0,135,0,180
LODO,coursera,standard,42,0,410,409,0.0,0.0,0.0,0.5641025641025641,0.5347985347985348,0.0,0.0,0.0024449877750611247,409,408,lodo_runs/coursera/standard/seed_42,0,178,231,0,179,4,219
LODO,coursera,standard,123,0,407,409,0.0,0.0,0.0,0.5980392156862745,0.5637254901960785,0.0,0.0,0.0024449877750611247,409,408,lodo_runs/coursera/standard/seed_123,0,165,244,0,163,5,230
LODO,coursera,standard,777,0,390,409,0.0,0.0,0.0,0.6132665832290363,0.5882352941176471,0.0,0.0,0.0024449877750611247,409,408,lodo_runs/coursera/standard/seed_777,0,164,245,0,145,3,235
LODO,coursera,standard,2024,0,364,409,0.0,0.0,0.0,0.5045278137128072,0.47606727037516167,0.0,0.0,0.0024449877750611247,409,408,lodo_runs/coursera/standard/seed_2024,0,214,195,0,169,3,184
LODO,coursera,weighted,13,0,1019,409,0.0,0.0,0.0,0.47578947368421054,0.39775910364145656,0.0,0.0,0.0024449877750611247,409,408,lodo_runs/coursera/weighted/seed_13,0,70,339,0,677,10,284
LODO,coursera,weighted,42,0,1033,409,0.0,0.0,0.0,0.47493036211699163,0.3872310895211658,0.0,0.0,0.0024449877750611247,409,408,lodo_runs/coursera/weighted/seed_42,0,68,341,0,686,9,279
LODO,coursera,weighted,123,0,1026,409,0.0,0.0,0.0,0.4717376133984649,0.3888501742160279,0.0,0.0,0.0024449877750611247,409,408,lodo_runs/coursera/weighted/seed_123,0,71,338,0,686,13,279
LODO,coursera,weighted,777,0,1110,409,0.0,0.0,0.0,0.4456163480553725,0.359447004608295,0.0,0.0,0.0024449877750611247,409,408,lodo_runs/coursera/weighted/seed_777,0,71,338,0,770,14,273
LODO,coursera,weighted,2024,0,1018,409,0.0,0.0,0.0,0.47786366830639493,0.3742116327960757,0.0,0.0,0.0024449877750611247,409,408,lodo_runs/coursera/weighted/seed_2024,0,69,340,0,674,10,267
LODO,food,standard,13,25,383,224,0.061274509803921566,0.10040160642570281,0.076103500761035,0.4305343511450382,0.35114503816793896,0.0974124809741248,0.10482180293501048,0.27710843373493976,249,180,lodo_runs/food/standard/seed_13,25,108,109,7,265,9,90
LODO,food,standard,42,21,306,228,0.06422018348623854,0.08433734939759036,0.07291666666666666,0.4236111111111111,0.3541666666666667,0.08680555555555555,0.10606060606060606,0.27710843373493976,249,180,lodo_runs/food/standard/seed_42,21,127,97,4,205,8,81
LODO,food,standard,123,25,358,224,0.06527415143603134,0.10040160642570281,0.0791139240506329,0.4944532488114105,0.4025356576862124,0.08860759493670887,0.11061946902654868,0.27710843373493976,249,180,lodo_runs/food/standard/seed_123,25,93,128,3,226,5,102
LODO,food,standard,777,21,332,228,0.059490084985835696,0.08433734939759036,0.06976744186046512,0.43521594684385384,0.3588039867109635,0.07641196013289037,0.09952606635071092,0.27710843373493976,249,180,lodo_runs/food/standard/seed_777,21,118,108,2,222,10,87
LODO,food,standard,2024,20,297,229,0.06309148264984227,0.08032128514056225,0.0706713780918728,0.3886925795053004,0.3356890459363958,0.07420494699646643,0.10362694300518134,0.27710843373493976,249,180,lodo_runs/food/standard/seed_2024,20,139,89,1,207,5,75
LODO,food,weighted,13,15,1154,234,0.01283147989734816,0.060240963855421686,0.021156558533145277,0.2891566265060241,0.22804532577903683,0.023994354269583625,0.024232633279483037,0.27710843373493976,249,180,lodo_runs/food/weighted/seed_13,15,45,187,2,958,12,146
LODO,food,weighted,42,24,1070,225,0.021937842778793418,0.0963855421686747,0.035740878629932984,0.31184407796101954,0.23766816143497757,0.04477611940298507,0.0412725709372313,0.27710843373493976,249,180,lodo_runs/food/weighted/seed_42,24,41,178,6,877,7,135
LODO,food,weighted,123,29,1015,220,0.027777777777777776,0.11646586345381527,0.044856921887084296,0.3134212567882079,0.24186046511627907,0.054179566563467486,0.05211141060197663,0.27710843373493976,249,180,lodo_runs/food/weighted/seed_123,29,47,167,6,838,8,127
LODO,food,weighted,777,26,1092,223,0.023255813953488372,0.10441767068273092,0.03803950256035113,0.3029411764705882,0.23806024981631158,0.04538799414348463,0.04380791912384162,0.27710843373493976,249,180,lodo_runs/food/weighted/seed_777,26,43,175,5,905,10,136
LODO,food,weighted,2024,26,1018,223,0.02490421455938697,0.10441767068273092,0.04021655065738593,0.30876648564778897,0.23894491854150504,0.04795050270688322,0.04672057502246182,0.27710843373493976,249,180,lodo_runs/food/weighted/seed_2024,26,50,168,5,841,12,128
LODO,hotel,standard,13,89,451,454,0.1648148148148148,0.16390423572744015,0.16435826408125578,0.5410895660203139,0.515235457063712,0.1735918744228994,0.23828647925033464,0.3812154696132597,543,336,lodo_runs/hotel/standard/seed_13,89,250,199,5,247,1,190
LODO,hotel,standard,42,91,426,452,0.1760154738878143,0.16758747697974216,0.1716981132075472,0.5056603773584906,0.4849056603773585,0.1792452830188679,0.25138121546961323,0.3812154696132597,543,336,lodo_runs/hotel/standard/seed_42,91,275,173,4,249,5,166
LODO,hotel,standard,123,81,465,462,0.14835164835164835,0.14917127071823205,0.1487603305785124,0.5583103764921946,0.5307621671258035,0.15977961432506885,0.21513944223107573,0.3812154696132597,543,336,lodo_runs/hotel/standard/seed_123,81,239,217,6,242,2,208
LODO,hotel,standard,777,88,503,455,0.14890016920473773,0.16206261510128914,0.15520282186948853,0.5396825396825397,0.509700176366843,0.1657848324514991,0.2205513784461153,0.3812154696132597,543,336,lodo_runs/hotel/standard/seed_777,88,237,212,6,285,1,201
LODO,hotel,standard,2024,88,504,455,0.14864864864864866,0.16206261510128914,0.15506607929515417,0.5542806707855252,0.527802294792586,0.1656387665198238,0.2202753441802253,0.3812154696132597,543,336,lodo_runs/hotel/standard/seed_2024,88,229,220,6,276,7,211
LODO,hotel,weighted,13,139,1200,404,0.10380881254667662,0.2559852670349908,0.14771519659936239,0.4885333333333334,0.45071923281832715,0.15523657628920787,0.17981888745148772,0.3812154696132597,543,336,lodo_runs/hotel/weighted/seed_13,139,85,312,7,874,15,284
LODO,hotel,weighted,42,115,1169,428,0.0895638629283489,0.21178637200736647,0.12588943623426382,0.49862712795167496,0.46432491767288697,0.13362541073384449,0.15425888665325282,0.3812154696132597,543,336,lodo_runs/hotel/weighted/seed_42,115,89,332,7,824,14,308
LODO,hotel,weighted,123,86,1176,457,0.06814580031695722,0.15837937384898712,0.09529085872576179,0.51,0.4786229872293171,0.1031042128603104,0.11708645336963922,0.3812154696132597,543,336,lodo_runs/hotel/weighted/seed_123,86,84,366,7,798,14,345
LODO,hotel,weighted,777,136,1225,407,0.09992652461425422,0.2504604051565378,0.14285714285714285,0.4868282402528977,0.45181674565560825,0.15449290593799264,0.17346938775510204,0.3812154696132597,543,336,lodo_runs/hotel/weighted/seed_777,136,81,315,11,893,13,293
LODO,hotel,weighted,2024,141,1267,402,0.10014204545454546,0.2596685082872928,0.14454126089185032,0.4776119402985074,0.44684129429892144,0.155110426296867,0.17461300309597524,0.3812154696132597,543,336,lodo_runs/hotel/weighted/seed_2024,141,79,313,10,936,11,294
LODO,laptop,standard,13,0,311,525,0.0,0.0,0.0,0.4383233532934132,0.41387559808612434,0.0,,0.0,525,525,lodo_runs/laptop/standard/seed_13,0,342,183,0,127,3,173
LODO,laptop,standard,42,0,334,525,0.0,0.0,0.0,0.3748544819557625,0.35389988358556457,0.0,,0.0,525,525,lodo_runs/laptop/standard/seed_42,0,364,161,0,173,3,152
LODO,laptop,standard,123,0,301,525,0.0,0.0,0.0,0.43341404358353514,0.397094430992736,0.0,,0.0,525,525,lodo_runs/laptop/standard/seed_123,0,346,179,0,122,0,164
LODO,laptop,standard,777,0,249,525,0.0,0.0,0.0,0.3281653746770026,0.31007751937984496,0.0,,0.0,525,525,lodo_runs/laptop/standard/seed_777,0,398,127,0,122,2,120
LODO,laptop,standard,2024,0,371,525,0.0,0.0,0.0,0.39062499999999994,0.37053571428571436,0.0,,0.0,525,525,lodo_runs/laptop/standard/seed_2024,0,350,175,0,196,1,166
LODO,laptop,weighted,13,0,1204,525,0.0,0.0,0.0,0.4855156431054461,0.41203703703703703,0.0,,0.0,525,525,lodo_runs/laptop/weighted/seed_13,0,106,419,0,782,6,356
LODO,laptop,weighted,42,0,1185,525,0.0,0.0,0.0,0.5002929115407148,0.4257309941520468,0.0,,0.0,525,525,lodo_runs/laptop/weighted/seed_42,0,98,427,0,755,3,364
LODO,laptop,weighted,123,0,1241,525,0.0,0.0,0.0,0.47754405912450254,0.4106636415201361,0.0,,0.0,525,525,lodo_runs/laptop/weighted/seed_123,0,105,420,0,814,4,362
LODO,laptop,weighted,777,0,1126,525,0.0,0.0,0.0,0.5242718446601942,0.45090909090909087,0.0,,0.0,525,525,lodo_runs/laptop/weighted/seed_777,0,93,432,0,691,5,372
LODO,laptop,weighted,2024,0,1220,525,0.0,0.0,0.0,0.4893739230327399,0.4162844036697248,0.0,,0.0,525,525,lodo_runs/laptop/weighted/seed_2024,0,99,426,0,790,5,363
LODO,phone,standard,13,0,550,1179,0.0,0.0,0.0,0.2338568935427574,0.22247972190034765,0.0,,0.0,1179,1179,lodo_runs/phone/standard/seed_13,0,978,201,0,339,35,192
LODO,phone,standard,42,0,515,1179,0.0,0.0,0.0,0.19019492025989368,0.179456906729634,0.0,,0.0,1179,1179,lodo_runs/phone/standard/seed_42,0,1018,161,0,353,14,152
LODO,phone,standard,123,0,596,1179,0.0,0.0,0.0,0.2219705549263873,0.21254946297343133,0.0,,0.0,1179,1179,lodo_runs/phone/standard/seed_123,0,983,196,0,391,21,188
LODO,phone,standard,777,0,711,1179,0.0,0.0,0.0,0.21914893617021278,0.21303656597774245,0.0,,0.0,1179,1179,lodo_runs/phone/standard/seed_777,0,973,206,0,495,38,201
LODO,phone,standard,2024,0,649,1179,0.0,0.0,0.0,0.22929237520570486,0.21796276013143484,0.0,,0.0,1179,1179,lodo_runs/phone/standard/seed_2024,0,970,209,0,435,23,199
LODO,phone,weighted,13,0,1700,1179,0.0,0.0,0.0,0.34356261022927687,0.311406578026592,0.0,,0.0,1179,1179,lodo_runs/phone/weighted/seed_13,0,692,487,0,1169,60,445
LODO,phone,weighted,42,0,1630,1179,0.0,0.0,0.0,0.32947976878612717,0.29504666188083273,0.0,,0.0,1179,1179,lodo_runs/phone/weighted/seed_42,0,723,456,0,1133,56,411
LODO,phone,weighted,123,0,1720,1179,0.0,0.0,0.0,0.33170048985304407,0.2974287699791522,0.0,,0.0,1179,1179,lodo_runs/phone/weighted/seed_123,0,705,474,0,1205,66,428
LODO,phone,weighted,777,0,1709,1179,0.0,0.0,0.0,0.3354385964912281,0.29867411025819957,0.0,,0.0,1179,1179,lodo_runs/phone/weighted/seed_777,0,701,478,0,1193,74,428
LODO,phone,weighted,2024,0,1718,1179,0.0,0.0,0.0,0.350262697022767,0.31369815266643436,0.0,,0.0,1179,1179,lodo_runs/phone/weighted/seed_2024,0,679,500,0,1176,61,450
LODO,restaurant,standard,13,49,125,515,0.28160919540229884,0.08687943262411348,0.13279132791327913,0.23035230352303523,0.21680216802168023,0.14363143631436315,0.17013888888888887,0.7127659574468085,564,162,lodo_runs/restaurant/standard/seed_13,49,479,32,4,89,0,31
LODO,restaurant,standard,42,43,79,521,0.3524590163934426,0.07624113475177305,0.12536443148688048,0.24198250728862972,0.22448979591836737,0.13702623906705538,0.16412213740458015,0.7127659574468085,564,162,lodo_runs/restaurant/standard/seed_42,43,481,36,4,39,0,34
LODO,restaurant,standard,123,39,85,525,0.31451612903225806,0.06914893617021277,0.11337209302325581,0.25,0.22383720930232562,0.125,0.1482889733840304,0.7127659574468085,564,162,lodo_runs/restaurant/standard/seed_123,39,478,43,4,38,0,38
LODO,restaurant,standard,777,34,74,530,0.3148148148148148,0.06028368794326241,0.10119047619047619,0.20238095238095238,0.1875,0.1130952380952381,0.13333333333333336,0.7127659574468085,564,162,lodo_runs/restaurant/standard/seed_777,34,496,30,4,40,0,29
LODO,restaurant,standard,2024,54,125,510,0.3016759776536313,0.09574468085106383,0.14535666218034995,0.30148048452220727,0.2718707940780619,0.16150740242261102,0.18588640275387264,0.7127659574468085,564,162,lodo_runs/restaurant/standard/seed_2024,54,452,52,6,67,0,47
LODO,restaurant,weighted,13,157,645,407,0.19576059850374064,0.2783687943262411,0.2298682284040995,0.629955947136564,0.5601173020527859,0.24926686217008798,0.260797342192691,0.7127659574468085,564,162,lodo_runs/restaurant/weighted/seed_13,157,135,259,13,369,4,225
LODO,restaurant,weighted,42,122,701,442,0.14823815309842042,0.21631205673758866,0.17591925018024515,0.5891696750902526,0.5310245310245311,0.19336219336219337,0.19918367346938778,0.7127659574468085,564,162,lodo_runs/restaurant/weighted/seed_42,122,156,274,12,413,2,246
LODO,restaurant,weighted,123,157,661,407,0.19193154034229828,0.2783687943262411,0.22720694645441392,0.6357711803041274,0.5701881331403763,0.24909485879797247,0.2573770491803279,0.7127659574468085,564,162,lodo_runs/restaurant/weighted/seed_123,157,125,267,15,378,7,237
LODO,restaurant,weighted,777,142,664,422,0.1761786600496278,0.25177304964539005,0.20729927007299268,0.5960555149744339,0.5430656934306568,0.22498173849525202,0.23509933774834435,0.7127659574468085,564,162,lodo_runs/restaurant/weighted/seed_777,142,156,254,12,397,4,230
LODO,restaurant,weighted,2024,131,651,433,0.16751918158567775,0.2322695035460993,0.1946508172362556,0.6344725111441307,0.575037147102526,0.212481426448737,0.2212837837837838,0.7127659574468085,564,162,lodo_runs/restaurant/weighted/seed_2024,131,137,284,12,355,3,256
LODO,sight,standard,13,0,262,696,0.0,0.0,0.0,0.33611691022964507,0.2985386221294363,0.0,,0.0,696,696,lodo_runs/sight/standard/seed_13,0,535,161,0,101,6,143
LODO,sight,standard,42,0,227,696,0.0,0.0,0.0,0.31635969664138675,0.28602383531960995,0.0,,0.0,696,696,lodo_runs/sight/standard/seed_42,0,550,146,0,81,2,132
LODO,sight,standard,123,0,211,696,0.0,0.0,0.0,0.20507166482910694,0.18302094818081585,0.0,,0.0,696,696,lodo_runs/sight/standard/seed_123,0,603,93,0,118,2,83
LODO,sight,standard,777,0,203,696,0.0,0.0,0.0,0.23581757508342602,0.20912124582869854,0.0,,0.0,696,696,lodo_runs/sight/standard/seed_777,0,590,106,0,97,3,94
LODO,sight,standard,2024,0,177,696,0.0,0.0,0.0,0.23138602520045817,0.20847651775486825,0.0,,0.0,696,696,lodo_runs/sight/standard/seed_2024,0,595,101,0,76,2,91
LODO,sight,weighted,13,0,939,696,0.0,0.0,0.0,0.4374614910659273,0.3423312883435583,0.0,,0.0,696,696,lodo_runs/sight/weighted/seed_13,0,341,355,0,572,21,279
LODO,sight,weighted,42,0,954,696,0.0,0.0,0.0,0.44036697247706424,0.33902439024390246,0.0,,0.0,696,696,lodo_runs/sight/weighted/seed_42,0,336,360,0,579,15,278
LODO,sight,weighted,123,0,937,696,0.0,0.0,0.0,0.44636251541307026,0.343980343980344,0.0,,0.0,696,696,lodo_runs/sight/weighted/seed_123,0,334,362,0,564,31,280
LODO,sight,weighted,777,0,921,696,0.0,0.0,0.0,0.46076585059635905,0.356386292834891,0.0,,0.0,696,696,lodo_runs/sight/weighted/seed_777,0,329,367,0,530,22,286
LODO,sight,weighted,2024,0,783,696,0.0,0.0,0.0,0.4473324213406293,0.35173824130879344,0.0,,0.0,696,696,lodo_runs/sight/weighted/seed_2024,0,369,327,0,439,15,258
