domain,split,scope,sentiment,count,total,percentage
coursera,dev,raw,positive,295,372,79.3010752688172
coursera,dev,raw,negative,54,372,14.516129032258064
coursera,dev,raw,neutral,23,372,6.182795698924731
coursera,dev,raw,conflict,0,372,0.0
coursera,dev,deduplicated,positive,258,332,77.71084337349397
coursera,dev,deduplicated,negative,51,332,15.36144578313253
coursera,dev,deduplicated,neutral,23,332,6.927710843373494
coursera,dev,deduplicated,conflict,0,332,0.0
coursera,dev,retained,positive,147,199,73.86934673366834
coursera,dev,retained,negative,37,199,18.592964824120603
coursera,dev,retained,neutral,15,199,7.5376884422110555
coursera,dev,retained,conflict,0,199,0.0
coursera,test,raw,positive,591,744,79.43548387096774
coursera,test,raw,negative,128,744,17.204301075268816
coursera,test,raw,neutral,25,744,3.360215053763441
coursera,test,raw,conflict,0,744,0.0
coursera,test,deduplicated,positive,558,710,78.59154929577464
coursera,test,deduplicated,negative,127,710,17.887323943661972
coursera,test,deduplicated,neutral,25,710,3.5211267605633805
coursera,test,deduplicated,conflict,0,710,0.0
coursera,test,retained,positive,329,409,80.44009779951101
coursera,test,retained,negative,67,409,16.381418092909534
coursera,test,retained,neutral,13,409,3.1784841075794623
coursera,test,retained,conflict,0,409,0.0
coursera,train,raw,positive,898,1198,74.95826377295492
coursera,train,raw,negative,248,1198,20.70116861435726
coursera,train,raw,neutral,50,1198,4.173622704507513
coursera,train,raw,conflict,2,1198,0.1669449081803005
coursera,train,deduplicated,positive,861,1156,74.48096885813149
coursera,train,deduplicated,negative,243,1156,21.02076124567474
coursera,train,deduplicated,neutral,50,1156,4.325259515570934
coursera,train,deduplicated,conflict,2,1156,0.17301038062283736
coursera,train,retained,positive,512,677,75.62776957163959
coursera,train,retained,negative,137,677,20.236336779911372
coursera,train,retained,neutral,27,677,3.9881831610044314
coursera,train,retained,conflict,1,677,0.14771048744460857
food,dev,raw,positive,252,338,74.55621301775147
food,dev,raw,negative,57,338,16.86390532544379
food,dev,raw,neutral,29,338,8.579881656804734
food,dev,raw,conflict,0,338,0.0
food,dev,deduplicated,positive,219,298,73.48993288590604
food,dev,deduplicated,negative,51,298,17.114093959731544
food,dev,deduplicated,neutral,28,298,9.395973154362416
food,dev,deduplicated,conflict,0,298,0.0
food,dev,retained,positive,68,90,75.55555555555556
food,dev,retained,negative,15,90,16.666666666666668
food,dev,retained,neutral,7,90,7.777777777777778
food,dev,retained,conflict,0,90,0.0
food,test,raw,positive,515,742,69.40700808625337
food,test,raw,negative,137,742,18.463611859838274
food,test,raw,neutral,90,742,12.129380053908356
food,test,raw,conflict,0,742,0.0
food,test,deduplicated,positive,462,665,69.47368421052632
food,test,deduplicated,negative,120,665,18.045112781954888
food,test,deduplicated,neutral,83,665,12.481203007518797
food,test,deduplicated,conflict,0,665,0.0
food,test,retained,positive,185,249,74.29718875502007
food,test,retained,negative,33,249,13.25301204819277
food,test,retained,neutral,31,249,12.449799196787149
food,test,retained,conflict,0,249,0.0
food,train,raw,positive,876,1075,81.48837209302326
food,train,raw,negative,157,1075,14.604651162790697
food,train,raw,neutral,40,1075,3.7209302325581395
food,train,raw,conflict,2,1075,0.18604651162790697
food,train,deduplicated,positive,815,1005,81.09452736318408
food,train,deduplicated,negative,151,1005,15.024875621890548
food,train,deduplicated,neutral,37,1005,3.681592039800995
food,train,deduplicated,conflict,2,1005,0.19900497512437812
food,train,retained,positive,285,323,88.23529411764706
food,train,retained,negative,30,323,9.287925696594428
food,train,retained,neutral,8,323,2.476780185758514
food,train,retained,conflict,0,323,0.0
hotel,dev,raw,positive,271,354,76.55367231638418
hotel,dev,raw,negative,67,354,18.926553672316384
hotel,dev,raw,neutral,16,354,4.519774011299435
hotel,dev,raw,conflict,0,354,0.0
hotel,dev,deduplicated,positive,252,330,76.36363636363636
hotel,dev,deduplicated,negative,63,330,19.09090909090909
hotel,dev,deduplicated,neutral,15,330,4.545454545454546
hotel,dev,deduplicated,conflict,0,330,0.0
hotel,dev,retained,positive,164,224,73.21428571428571
hotel,dev,retained,negative,47,224,20.982142857142858
hotel,dev,retained,neutral,13,224,5.803571428571429
hotel,dev,retained,conflict,0,224,0.0
hotel,test,raw,positive,824,975,84.51282051282051
hotel,test,raw,negative,132,975,13.538461538461538
hotel,test,raw,neutral,19,975,1.9487179487179487
hotel,test,raw,conflict,0,975,0.0
hotel,test,deduplicated,positive,741,883,83.91845979614949
hotel,test,deduplicated,negative,124,883,14.04303510758777
hotel,test,deduplicated,neutral,18,883,2.0385050962627407
hotel,test,deduplicated,conflict,0,883,0.0
hotel,test,retained,positive,467,543,86.0036832412523
hotel,test,retained,negative,67,543,12.338858195211786
hotel,test,retained,neutral,9,543,1.6574585635359116
hotel,test,retained,conflict,0,543,0.0
hotel,train,raw,positive,1335,1631,81.85162477007971
hotel,train,raw,negative,253,1631,15.511955855303494
hotel,train,raw,neutral,42,1631,2.575107296137339
hotel,train,raw,conflict,1,1631,0.061312078479460456
hotel,train,deduplicated,positive,1185,1470,80.61224489795919
hotel,train,deduplicated,negative,242,1470,16.462585034013607
hotel,train,deduplicated,neutral,42,1470,2.857142857142857
hotel,train,deduplicated,conflict,1,1470,0.06802721088435375
hotel,train,retained,positive,770,946,81.3953488372093
hotel,train,retained,negative,145,946,15.3276955602537
hotel,train,retained,neutral,31,946,3.2769556025369977
hotel,train,retained,conflict,0,946,0.0
laptop,dev,raw,positive,279,440,63.40909090909091
laptop,dev,raw,negative,137,440,31.136363636363637
laptop,dev,raw,neutral,24,440,5.454545454545454
laptop,dev,raw,conflict,0,440,0.0
laptop,dev,deduplicated,positive,249,404,61.633663366336634
laptop,dev,deduplicated,negative,131,404,32.42574257425743
laptop,dev,deduplicated,neutral,24,404,5.9405940594059405
laptop,dev,deduplicated,conflict,0,404,0.0
laptop,dev,retained,positive,186,308,60.38961038961039
laptop,dev,retained,negative,101,308,32.79220779220779
laptop,dev,retained,neutral,21,308,6.818181818181818
laptop,dev,retained,conflict,0,308,0.0
laptop,test,raw,positive,470,757,62.087186261558784
laptop,test,raw,negative,245,757,32.36459709379128
laptop,test,raw,neutral,42,757,5.548216644649934
laptop,test,raw,conflict,0,757,0.0
laptop,test,deduplicated,positive,405,677,59.822747415066466
laptop,test,deduplicated,negative,232,677,34.26883308714919
laptop,test,deduplicated,neutral,40,677,5.908419497784343
laptop,test,deduplicated,conflict,0,677,0.0
laptop,test,retained,positive,306,525,58.285714285714285
laptop,test,retained,negative,188,525,35.80952380952381
laptop,test,retained,neutral,31,525,5.904761904761905
laptop,test,retained,conflict,0,525,0.0
laptop,train,raw,positive,1108,1758,63.026166097838455
laptop,train,raw,negative,539,1758,30.659840728100114
laptop,train,raw,neutral,111,1758,6.313993174061434
laptop,train,raw,conflict,0,1758,0.0
laptop,train,deduplicated,positive,973,1594,61.041405269761604
laptop,train,deduplicated,negative,512,1594,32.12045169385195
laptop,train,deduplicated,neutral,109,1594,6.838143036386449
laptop,train,deduplicated,conflict,0,1594,0.0
laptop,train,retained,positive,698,1187,58.803706823925864
laptop,train,retained,negative,397,1187,33.445661331086775
laptop,train,retained,neutral,92,1187,7.750631844987363
laptop,train,retained,conflict,0,1187,0.0
phone,dev,raw,positive,527,710,74.22535211267606
phone,dev,raw,negative,147,710,20.704225352112676
phone,dev,raw,neutral,36,710,5.070422535211268
phone,dev,raw,conflict,0,710,0.0
phone,dev,deduplicated,positive,502,674,74.48071216617211
phone,dev,deduplicated,negative,139,674,20.623145400593472
phone,dev,deduplicated,neutral,33,674,4.896142433234421
phone,dev,deduplicated,conflict,0,674,0.0
phone,dev,retained,positive,494,664,74.39759036144578
phone,dev,retained,negative,137,664,20.632530120481928
phone,dev,retained,neutral,33,664,4.969879518072289
phone,dev,retained,conflict,0,664,0.0
phone,test,raw,positive,908,1217,74.60969597370584
phone,test,raw,negative,263,1217,21.61051766639277
phone,test,raw,neutral,46,1217,3.7797863599013968
phone,test,raw,conflict,0,1217,0.0
phone,test,deduplicated,positive,887,1188,74.66329966329967
phone,test,deduplicated,negative,256,1188,21.54882154882155
phone,test,deduplicated,neutral,45,1188,3.787878787878788
phone,test,deduplicated,conflict,0,1188,0.0
phone,test,retained,positive,881,1179,74.72434266327396
phone,test,retained,negative,253,1179,21.458863443596268
phone,test,retained,neutral,45,1179,3.816793893129771
phone,test,retained,conflict,0,1179,0.0
phone,train,raw,positive,2120,2883,73.53451266042318
phone,train,raw,negative,647,2883,22.44190079778009
phone,train,raw,neutral,116,2883,4.02358654179674
phone,train,raw,conflict,0,2883,0.0
phone,train,deduplicated,positive,2036,2779,73.2637639438647
phone,train,deduplicated,negative,630,2779,22.670025188916878
phone,train,deduplicated,neutral,113,2779,4.066210867218424
phone,train,deduplicated,conflict,0,2779,0.0
phone,train,retained,positive,2009,2738,73.37472607742878
phone,train,retained,negative,617,2738,22.53469685902118
phone,train,retained,neutral,112,2738,4.090577063550037
phone,train,retained,conflict,0,2738,0.0
restaurant,dev,raw,positive,341,507,67.25838264299803
restaurant,dev,raw,negative,143,507,28.205128205128204
restaurant,dev,raw,neutral,23,507,4.536489151873767
restaurant,dev,raw,conflict,0,507,0.0
restaurant,dev,deduplicated,positive,306,459,66.66666666666667
restaurant,dev,deduplicated,negative,130,459,28.32244008714597
restaurant,dev,deduplicated,neutral,23,459,5.010893246187364
restaurant,dev,deduplicated,conflict,0,459,0.0
restaurant,dev,retained,positive,237,339,69.91150442477876
restaurant,dev,retained,negative,83,339,24.48377581120944
restaurant,dev,retained,neutral,19,339,5.6047197640118
restaurant,dev,retained,conflict,0,339,0.0
restaurant,test,raw,positive,583,799,72.96620775969963
restaurant,test,raw,negative,176,799,22.02753441802253
restaurant,test,raw,neutral,40,799,5.006257822277847
restaurant,test,raw,conflict,0,799,0.0
restaurant,test,deduplicated,positive,557,769,72.43172951885566
restaurant,test,deduplicated,negative,174,769,22.62678803641092
restaurant,test,deduplicated,neutral,38,769,4.9414824447334205
restaurant,test,deduplicated,conflict,0,769,0.0
restaurant,test,retained,positive,434,564,76.95035460992908
restaurant,test,retained,negative,103,564,18.26241134751773
restaurant,test,retained,neutral,27,564,4.787234042553192
restaurant,test,retained,conflict,0,564,0.0
restaurant,train,raw,positive,1369,1989,68.82855706385118
restaurant,train,raw,negative,558,1989,28.054298642533936
restaurant,train,raw,neutral,62,1989,3.117144293614882
restaurant,train,raw,conflict,0,1989,0.0
restaurant,train,deduplicated,positive,1255,1838,68.28073993471165
restaurant,train,deduplicated,negative,525,1838,28.563656147986944
restaurant,train,deduplicated,neutral,58,1838,3.1556039173014145
restaurant,train,deduplicated,conflict,0,1838,0.0
restaurant,train,retained,positive,955,1315,72.6235741444867
restaurant,train,retained,negative,317,1315,24.106463878326995
restaurant,train,retained,neutral,43,1315,3.2699619771863118
restaurant,train,retained,conflict,0,1315,0.0
sight,dev,raw,positive,164,320,51.25
sight,dev,raw,negative,48,320,15.0
sight,dev,raw,neutral,108,320,33.75
sight,dev,raw,conflict,0,320,0.0
sight,dev,deduplicated,positive,164,320,51.25
sight,dev,deduplicated,negative,48,320,15.0
sight,dev,deduplicated,neutral,108,320,33.75
sight,dev,deduplicated,conflict,0,320,0.0
sight,dev,retained,positive,142,272,52.205882352941174
sight,dev,retained,negative,38,272,13.970588235294118
sight,dev,retained,neutral,92,272,33.8235294117647
sight,dev,retained,conflict,0,272,0.0
sight,test,raw,positive,423,836,50.59808612440192
sight,test,raw,negative,123,836,14.712918660287082
sight,test,raw,neutral,290,836,34.688995215311
sight,test,raw,conflict,0,836,0.0
sight,test,deduplicated,positive,421,831,50.661853188929
sight,test,deduplicated,negative,120,831,14.440433212996389
sight,test,deduplicated,neutral,290,831,34.89771359807461
sight,test,deduplicated,conflict,0,831,0.0
sight,test,retained,positive,350,696,50.28735632183908
sight,test,retained,negative,90,696,12.931034482758621
sight,test,retained,neutral,256,696,36.7816091954023
sight,test,retained,conflict,0,696,0.0
sight,train,raw,positive,714,1372,52.04081632653061
sight,train,raw,negative,203,1372,14.795918367346939
sight,train,raw,neutral,455,1372,33.16326530612245
sight,train,raw,conflict,0,1372,0.0
sight,train,deduplicated,positive,713,1364,52.27272727272727
sight,train,deduplicated,negative,202,1364,14.809384164222873
sight,train,deduplicated,neutral,449,1364,32.91788856304985
sight,train,deduplicated,conflict,0,1364,0.0
sight,train,retained,positive,600,1149,52.21932114882507
sight,train,retained,negative,161,1149,14.01218450826806
sight,train,retained,neutral,388,1149,33.76849434290688
sight,train,retained,conflict,0,1149,0.0
