setting,held_out_domain,model,seed,gold_sentiment,predicted_sentiment,count
In-domain,all,standard,13,negative,negative,266
In-domain,all,standard,13,negative,neutral,5
In-domain,all,standard,13,negative,positive,31
In-domain,all,standard,13,neutral,negative,23
In-domain,all,standard,13,neutral,neutral,11
In-domain,all,standard,13,neutral,positive,29
In-domain,all,standard,13,positive,negative,20
In-domain,all,standard,13,positive,neutral,3
In-domain,all,standard,13,positive,positive,1487
In-domain,all,standard,42,negative,negative,270
In-domain,all,standard,42,negative,neutral,7
In-domain,all,standard,42,negative,positive,23
In-domain,all,standard,42,neutral,negative,23
In-domain,all,standard,42,neutral,neutral,13
In-domain,all,standard,42,neutral,positive,28
In-domain,all,standard,42,positive,negative,24
In-domain,all,standard,42,positive,neutral,3
In-domain,all,standard,42,positive,positive,1485
In-domain,all,standard,123,negative,negative,271
In-domain,all,standard,123,negative,neutral,5
In-domain,all,standard,123,negative,positive,28
In-domain,all,standard,123,neutral,negative,35
In-domain,all,standard,123,neutral,neutral,16
In-domain,all,standard,123,neutral,positive,33
In-domain,all,standard,123,positive,negative,26
In-domain,all,standard,123,positive,neutral,3
In-domain,all,standard,123,positive,positive,1545
In-domain,all,standard,777,negative,negative,256
In-domain,all,standard,777,negative,neutral,7
In-domain,all,standard,777,negative,positive,23
In-domain,all,standard,777,neutral,negative,27
In-domain,all,standard,777,neutral,neutral,16
In-domain,all,standard,777,neutral,positive,30
In-domain,all,standard,777,positive,negative,27
In-domain,all,standard,777,positive,neutral,5
In-domain,all,standard,777,positive,positive,1534
In-domain,all,standard,2024,negative,negative,250
In-domain,all,standard,2024,negative,neutral,4
In-domain,all,standard,2024,negative,positive,17
In-domain,all,standard,2024,neutral,negative,25
In-domain,all,standard,2024,neutral,neutral,11
In-domain,all,standard,2024,neutral,positive,22
In-domain,all,standard,2024,positive,negative,23
In-domain,all,standard,2024,positive,neutral,5
In-domain,all,standard,2024,positive,positive,1411
In-domain,all,weighted,13,negative,negative,496
In-domain,all,weighted,13,negative,neutral,56
In-domain,all,weighted,13,negative,positive,45
In-domain,all,weighted,13,neutral,negative,49
In-domain,all,weighted,13,neutral,neutral,154
In-domain,all,weighted,13,neutral,positive,60
In-domain,all,weighted,13,positive,negative,82
In-domain,all,weighted,13,positive,neutral,72
In-domain,all,weighted,13,positive,positive,2143
In-domain,all,weighted,42,negative,negative,492
In-domain,all,weighted,42,negative,neutral,47
In-domain,all,weighted,42,negative,positive,43
In-domain,all,weighted,42,neutral,negative,57
In-domain,all,weighted,42,neutral,neutral,145
In-domain,all,weighted,42,neutral,positive,60
In-domain,all,weighted,42,positive,negative,78
In-domain,all,weighted,42,positive,neutral,65
In-domain,all,weighted,42,positive,positive,2152
In-domain,all,weighted,123,negative,negative,510
In-domain,all,weighted,123,negative,neutral,48
In-domain,all,weighted,123,negative,positive,40
In-domain,all,weighted,123,neutral,negative,63
In-domain,all,weighted,123,neutral,neutral,145
In-domain,all,weighted,123,neutral,positive,60
In-domain,all,weighted,123,positive,negative,91
In-domain,all,weighted,123,positive,neutral,72
In-domain,all,weighted,123,positive,positive,2146
In-domain,all,weighted,777,negative,negative,508
In-domain,all,weighted,777,negative,neutral,50
In-domain,all,weighted,777,negative,positive,43
In-domain,all,weighted,777,neutral,negative,66
In-domain,all,weighted,777,neutral,neutral,135
In-domain,all,weighted,777,neutral,positive,54
In-domain,all,weighted,777,positive,negative,90
In-domain,all,weighted,777,positive,neutral,70
In-domain,all,weighted,777,positive,positive,2159
In-domain,all,weighted,2024,negative,negative,496
In-domain,all,weighted,2024,negative,neutral,49
In-domain,all,weighted,2024,negative,positive,37
In-domain,all,weighted,2024,neutral,negative,59
In-domain,all,weighted,2024,neutral,neutral,151
In-domain,all,weighted,2024,neutral,positive,49
In-domain,all,weighted,2024,positive,negative,89
In-domain,all,weighted,2024,positive,neutral,75
In-domain,all,weighted,2024,positive,positive,2140
LODO,coursera,standard,13,negative,negative,16
LODO,coursera,standard,13,negative,neutral,0
LODO,coursera,standard,13,negative,positive,5
LODO,coursera,standard,13,neutral,negative,1
LODO,coursera,standard,13,neutral,neutral,1
LODO,coursera,standard,13,neutral,positive,1
LODO,coursera,standard,13,positive,negative,0
LODO,coursera,standard,13,positive,neutral,1
LODO,coursera,standard,13,positive,positive,163
LODO,coursera,standard,42,negative,negative,20
LODO,coursera,standard,42,negative,neutral,1
LODO,coursera,standard,42,negative,positive,7
LODO,coursera,standard,42,neutral,negative,1
LODO,coursera,standard,42,neutral,neutral,1
LODO,coursera,standard,42,neutral,positive,1
LODO,coursera,standard,42,positive,negative,2
LODO,coursera,standard,42,positive,neutral,0
LODO,coursera,standard,42,positive,positive,198
LODO,coursera,standard,123,negative,negative,14
LODO,coursera,standard,123,negative,neutral,2
LODO,coursera,standard,123,negative,positive,6
LODO,coursera,standard,123,neutral,negative,1
LODO,coursera,standard,123,neutral,neutral,1
LODO,coursera,standard,123,neutral,positive,1
LODO,coursera,standard,123,positive,negative,3
LODO,coursera,standard,123,positive,neutral,1
LODO,coursera,standard,123,positive,positive,215
LODO,coursera,standard,777,negative,negative,21
LODO,coursera,standard,777,negative,neutral,2
LODO,coursera,standard,777,negative,positive,5
LODO,coursera,standard,777,neutral,negative,1
LODO,coursera,standard,777,neutral,neutral,2
LODO,coursera,standard,777,neutral,positive,1
LODO,coursera,standard,777,positive,negative,1
LODO,coursera,standard,777,positive,neutral,0
LODO,coursera,standard,777,positive,positive,212
LODO,coursera,standard,2024,negative,negative,16
LODO,coursera,standard,2024,negative,neutral,2
LODO,coursera,standard,2024,negative,positive,5
LODO,coursera,standard,2024,neutral,negative,1
LODO,coursera,standard,2024,neutral,neutral,0
LODO,coursera,standard,2024,neutral,positive,1
LODO,coursera,standard,2024,positive,negative,2
LODO,coursera,standard,2024,positive,neutral,0
LODO,coursera,standard,2024,positive,positive,168
LODO,coursera,weighted,13,negative,negative,27
LODO,coursera,weighted,13,negative,neutral,19
LODO,coursera,weighted,13,negative,positive,5
LODO,coursera,weighted,13,neutral,negative,2
LODO,coursera,weighted,13,neutral,neutral,7
LODO,coursera,weighted,13,neutral,positive,0
LODO,coursera,weighted,13,positive,negative,4
LODO,coursera,weighted,13,positive,neutral,28
LODO,coursera,weighted,13,positive,positive,247
LODO,coursera,weighted,42,negative,negative,24
LODO,coursera,weighted,42,negative,neutral,22
LODO,coursera,weighted,42,negative,positive,5
LODO,coursera,weighted,42,neutral,negative,1
LODO,coursera,weighted,42,neutral,neutral,7
LODO,coursera,weighted,42,neutral,positive,0
LODO,coursera,weighted,42,positive,negative,4
LODO,coursera,weighted,42,positive,neutral,33
LODO,coursera,weighted,42,positive,positive,245
LODO,coursera,weighted,123,negative,negative,31
LODO,coursera,weighted,123,negative,neutral,16
LODO,coursera,weighted,123,negative,positive,4
LODO,coursera,weighted,123,neutral,negative,3
LODO,coursera,weighted,123,neutral,neutral,7
LODO,coursera,weighted,123,neutral,positive,0
LODO,coursera,weighted,123,positive,negative,5
LODO,coursera,weighted,123,positive,neutral,32
LODO,coursera,weighted,123,positive,positive,240
LODO,coursera,weighted,777,negative,negative,27
LODO,coursera,weighted,777,negative,neutral,23
LODO,coursera,weighted,777,negative,positive,5
LODO,coursera,weighted,777,neutral,negative,3
LODO,coursera,weighted,777,neutral,neutral,7
LODO,coursera,weighted,777,neutral,positive,1
LODO,coursera,weighted,777,positive,negative,5
LODO,coursera,weighted,777,positive,neutral,28
LODO,coursera,weighted,777,positive,positive,239
LODO,coursera,weighted,2024,negative,negative,25
LODO,coursera,weighted,2024,negative,neutral,21
LODO,coursera,weighted,2024,negative,positive,4
LODO,coursera,weighted,2024,neutral,negative,1
LODO,coursera,weighted,2024,neutral,neutral,9
LODO,coursera,weighted,2024,neutral,positive,0
LODO,coursera,weighted,2024,positive,negative,3
LODO,coursera,weighted,2024,positive,neutral,46
LODO,coursera,weighted,2024,positive,positive,231
LODO,food,standard,13,negative,negative,8
LODO,food,standard,13,negative,neutral,0
LODO,food,standard,13,negative,positive,4
LODO,food,standard,13,neutral,negative,7
LODO,food,standard,13,neutral,neutral,0
LODO,food,standard,13,neutral,positive,12
LODO,food,standard,13,positive,negative,2
LODO,food,standard,13,positive,neutral,1
LODO,food,standard,13,positive,positive,107
LODO,food,standard,42,negative,negative,9
LODO,food,standard,42,negative,neutral,0
LODO,food,standard,42,negative,positive,4
LODO,food,standard,42,neutral,negative,4
LODO,food,standard,42,neutral,neutral,0
LODO,food,standard,42,neutral,positive,11
LODO,food,standard,42,positive,negative,1
LODO,food,standard,42,positive,neutral,0
LODO,food,standard,42,positive,positive,93
LODO,food,standard,123,negative,negative,11
LODO,food,standard,123,negative,neutral,0
LODO,food,standard,123,negative,positive,4
LODO,food,standard,123,neutral,negative,7
LODO,food,standard,123,neutral,neutral,0
LODO,food,standard,123,neutral,positive,15
LODO,food,standard,123,positive,negative,3
LODO,food,standard,123,positive,neutral,0
LODO,food,standard,123,positive,positive,116
LODO,food,standard,777,negative,negative,6
LODO,food,standard,777,negative,neutral,0
LODO,food,standard,777,negative,positive,2
LODO,food,standard,777,neutral,negative,6
LODO,food,standard,777,neutral,neutral,0
LODO,food,standard,777,neutral,positive,11
LODO,food,standard,777,positive,negative,3
LODO,food,standard,777,positive,neutral,1
LODO,food,standard,777,positive,positive,102
LODO,food,standard,2024,negative,negative,6
LODO,food,standard,2024,negative,neutral,0
LODO,food,standard,2024,negative,positive,3
LODO,food,standard,2024,neutral,negative,5
LODO,food,standard,2024,neutral,neutral,0
LODO,food,standard,2024,neutral,positive,6
LODO,food,standard,2024,positive,negative,1
LODO,food,standard,2024,positive,neutral,0
LODO,food,standard,2024,positive,positive,89
LODO,food,weighted,13,negative,negative,20
LODO,food,weighted,13,negative,neutral,1
LODO,food,weighted,13,negative,positive,6
LODO,food,weighted,13,neutral,negative,8
LODO,food,weighted,13,neutral,neutral,2
LODO,food,weighted,13,neutral,positive,14
LODO,food,weighted,13,positive,negative,12
LODO,food,weighted,13,positive,neutral,2
LODO,food,weighted,13,positive,positive,139
LODO,food,weighted,42,negative,negative,18
LODO,food,weighted,42,negative,neutral,2
LODO,food,weighted,42,negative,positive,7
LODO,food,weighted,42,neutral,negative,9
LODO,food,weighted,42,neutral,neutral,1
LODO,food,weighted,42,neutral,positive,13
LODO,food,weighted,42,positive,negative,8
LODO,food,weighted,42,positive,neutral,10
LODO,food,weighted,42,positive,positive,140
LODO,food,weighted,123,negative,negative,21
LODO,food,weighted,123,negative,neutral,0
LODO,food,weighted,123,negative,positive,7
LODO,food,weighted,123,neutral,negative,9
LODO,food,weighted,123,neutral,neutral,0
LODO,food,weighted,123,neutral,positive,12
LODO,food,weighted,123,positive,negative,12
LODO,food,weighted,123,positive,neutral,6
LODO,food,weighted,123,positive,positive,135
LODO,food,weighted,777,negative,negative,19
LODO,food,weighted,777,negative,neutral,1
LODO,food,weighted,777,negative,positive,6
LODO,food,weighted,777,neutral,negative,8
LODO,food,weighted,777,neutral,neutral,2
LODO,food,weighted,777,neutral,positive,13
LODO,food,weighted,777,positive,negative,9
LODO,food,weighted,777,positive,neutral,7
LODO,food,weighted,777,positive,positive,141
LODO,food,weighted,2024,negative,negative,19
LODO,food,weighted,2024,negative,neutral,0
LODO,food,weighted,2024,negative,positive,6
LODO,food,weighted,2024,neutral,negative,11
LODO,food,weighted,2024,neutral,neutral,2
LODO,food,weighted,2024,neutral,positive,12
LODO,food,weighted,2024,positive,negative,10
LODO,food,weighted,2024,positive,neutral,6
LODO,food,weighted,2024,positive,positive,133
LODO,hotel,standard,13,negative,negative,20
LODO,hotel,standard,13,negative,neutral,0
LODO,hotel,standard,13,negative,positive,4
LODO,hotel,standard,13,neutral,negative,2
LODO,hotel,standard,13,neutral,neutral,0
LODO,hotel,standard,13,neutral,positive,4
LODO,hotel,standard,13,positive,negative,4
LODO,hotel,standard,13,positive,neutral,0
LODO,hotel,standard,13,positive,positive,259
LODO,hotel,standard,42,negative,negative,20
LODO,hotel,standard,42,negative,neutral,0
LODO,hotel,standard,42,negative,positive,5
LODO,hotel,standard,42,neutral,negative,2
LODO,hotel,standard,42,neutral,neutral,0
LODO,hotel,standard,42,neutral,positive,2
LODO,hotel,standard,42,positive,negative,2
LODO,hotel,standard,42,positive,neutral,0
LODO,hotel,standard,42,positive,positive,237
LODO,hotel,standard,123,negative,negative,23
LODO,hotel,standard,123,negative,neutral,0
LODO,hotel,standard,123,negative,positive,5
LODO,hotel,standard,123,neutral,negative,3
LODO,hotel,standard,123,neutral,neutral,0
LODO,hotel,standard,123,neutral,positive,3
LODO,hotel,standard,123,positive,negative,4
LODO,hotel,standard,123,positive,neutral,0
LODO,hotel,standard,123,positive,positive,266
LODO,hotel,standard,777,negative,negative,17
LODO,hotel,standard,777,negative,neutral,0
LODO,hotel,standard,777,negative,positive,8
LODO,hotel,standard,777,neutral,negative,2
LODO,hotel,standard,777,neutral,neutral,0
LODO,hotel,standard,777,neutral,positive,4
LODO,hotel,standard,777,positive,negative,3
LODO,hotel,standard,777,positive,neutral,0
LODO,hotel,standard,777,positive,positive,272
LODO,hotel,standard,2024,negative,negative,21
LODO,hotel,standard,2024,negative,neutral,0
LODO,hotel,standard,2024,negative,positive,5
LODO,hotel,standard,2024,neutral,negative,2
LODO,hotel,standard,2024,neutral,neutral,0
LODO,hotel,standard,2024,neutral,positive,4
LODO,hotel,standard,2024,positive,negative,4
LODO,hotel,standard,2024,positive,neutral,0
LODO,hotel,standard,2024,positive,positive,278
LODO,hotel,weighted,13,negative,negative,48
LODO,hotel,weighted,13,negative,neutral,4
LODO,hotel,weighted,13,negative,positive,4
LODO,hotel,weighted,13,neutral,negative,4
LODO,hotel,weighted,13,neutral,neutral,1
LODO,hotel,weighted,13,neutral,positive,3
LODO,hotel,weighted,13,positive,negative,13
LODO,hotel,weighted,13,positive,neutral,7
LODO,hotel,weighted,13,positive,positive,374
LODO,hotel,weighted,42,negative,negative,48
LODO,hotel,weighted,42,negative,neutral,3
LODO,hotel,weighted,42,negative,positive,5
LODO,hotel,weighted,42,neutral,negative,4
LODO,hotel,weighted,42,neutral,neutral,1
LODO,hotel,weighted,42,neutral,positive,3
LODO,hotel,weighted,42,positive,negative,8
LODO,hotel,weighted,42,positive,neutral,9
LODO,hotel,weighted,42,positive,positive,373
LODO,hotel,weighted,123,negative,negative,47
LODO,hotel,weighted,123,negative,neutral,0
LODO,hotel,weighted,123,negative,positive,9
LODO,hotel,weighted,123,neutral,negative,1
LODO,hotel,weighted,123,neutral,neutral,1
LODO,hotel,weighted,123,neutral,positive,6
LODO,hotel,weighted,123,positive,negative,9
LODO,hotel,weighted,123,positive,neutral,3
LODO,hotel,weighted,123,positive,positive,383
LODO,hotel,weighted,777,negative,negative,45
LODO,hotel,weighted,777,negative,neutral,2
LODO,hotel,weighted,777,negative,positive,6
LODO,hotel,weighted,777,neutral,negative,3
LODO,hotel,weighted,777,neutral,neutral,1
LODO,hotel,weighted,777,neutral,positive,4
LODO,hotel,weighted,777,positive,negative,14
LODO,hotel,weighted,777,positive,neutral,4
LODO,hotel,weighted,777,positive,positive,383
LODO,hotel,weighted,2024,negative,negative,52
LODO,hotel,weighted,2024,negative,neutral,0
LODO,hotel,weighted,2024,negative,positive,6
LODO,hotel,weighted,2024,neutral,negative,4
LODO,hotel,weighted,2024,neutral,neutral,1
LODO,hotel,weighted,2024,neutral,positive,3
LODO,hotel,weighted,2024,positive,negative,13
LODO,hotel,weighted,2024,positive,neutral,5
LODO,hotel,weighted,2024,positive,positive,380
LODO,laptop,standard,13,negative,negative,54
LODO,laptop,standard,13,negative,neutral,0
LODO,laptop,standard,13,negative,positive,3
LODO,laptop,standard,13,neutral,negative,1
LODO,laptop,standard,13,neutral,neutral,0
LODO,laptop,standard,13,neutral,positive,5
LODO,laptop,standard,13,positive,negative,1
LODO,laptop,standard,13,positive,neutral,0
LODO,laptop,standard,13,positive,positive,119
LODO,laptop,standard,42,negative,negative,43
LODO,laptop,standard,42,negative,neutral,0
LODO,laptop,standard,42,negative,positive,2
LODO,laptop,standard,42,neutral,negative,3
LODO,laptop,standard,42,neutral,neutral,0
LODO,laptop,standard,42,neutral,positive,3
LODO,laptop,standard,42,positive,negative,1
LODO,laptop,standard,42,positive,neutral,0
LODO,laptop,standard,42,positive,positive,109
LODO,laptop,standard,123,negative,negative,41
LODO,laptop,standard,123,negative,neutral,0
LODO,laptop,standard,123,negative,positive,5
LODO,laptop,standard,123,neutral,negative,3
LODO,laptop,standard,123,neutral,neutral,0
LODO,laptop,standard,123,neutral,positive,5
LODO,laptop,standard,123,positive,negative,2
LODO,laptop,standard,123,positive,neutral,0
LODO,laptop,standard,123,positive,positive,123
LODO,laptop,standard,777,negative,negative,25
LODO,laptop,standard,777,negative,neutral,0
LODO,laptop,standard,777,negative,positive,3
LODO,laptop,standard,777,neutral,negative,0
LODO,laptop,standard,777,neutral,neutral,0
LODO,laptop,standard,777,neutral,positive,4
LODO,laptop,standard,777,positive,negative,0
LODO,laptop,standard,777,positive,neutral,0
LODO,laptop,standard,777,positive,positive,95
LODO,laptop,standard,2024,negative,negative,31
LODO,laptop,standard,2024,negative,neutral,1
LODO,laptop,standard,2024,negative,positive,1
LODO,laptop,standard,2024,neutral,negative,2
LODO,laptop,standard,2024,neutral,neutral,0
LODO,laptop,standard,2024,neutral,positive,3
LODO,laptop,standard,2024,positive,negative,2
LODO,laptop,standard,2024,positive,neutral,0
LODO,laptop,standard,2024,positive,positive,135
LODO,laptop,weighted,13,negative,negative,134
LODO,laptop,weighted,13,negative,neutral,3
LODO,laptop,weighted,13,negative,positive,6
LODO,laptop,weighted,13,neutral,negative,16
LODO,laptop,weighted,13,neutral,neutral,2
LODO,laptop,weighted,13,neutral,positive,7
LODO,laptop,weighted,13,positive,negative,23
LODO,laptop,weighted,13,positive,neutral,9
LODO,laptop,weighted,13,positive,positive,219
LODO,laptop,weighted,42,negative,negative,134
LODO,laptop,weighted,42,negative,neutral,5
LODO,laptop,weighted,42,negative,positive,7
LODO,laptop,weighted,42,neutral,negative,13
LODO,laptop,weighted,42,neutral,neutral,2
LODO,laptop,weighted,42,neutral,positive,9
LODO,laptop,weighted,42,positive,negative,14
LODO,laptop,weighted,42,positive,neutral,15
LODO,laptop,weighted,42,positive,positive,228
LODO,laptop,weighted,123,negative,negative,139
LODO,laptop,weighted,123,negative,neutral,3
LODO,laptop,weighted,123,negative,positive,4
LODO,laptop,weighted,123,neutral,negative,14
LODO,laptop,weighted,123,neutral,neutral,3
LODO,laptop,weighted,123,neutral,positive,7
LODO,laptop,weighted,123,positive,negative,17
LODO,laptop,weighted,123,positive,neutral,14
LODO,laptop,weighted,123,positive,positive,219
LODO,laptop,weighted,777,negative,negative,135
LODO,laptop,weighted,777,negative,neutral,7
LODO,laptop,weighted,777,negative,positive,7
LODO,laptop,weighted,777,neutral,negative,12
LODO,laptop,weighted,777,neutral,neutral,2
LODO,laptop,weighted,777,neutral,positive,11
LODO,laptop,weighted,777,positive,negative,14
LODO,laptop,weighted,777,positive,neutral,9
LODO,laptop,weighted,777,positive,positive,235
LODO,laptop,weighted,2024,negative,negative,140
LODO,laptop,weighted,2024,negative,neutral,5
LODO,laptop,weighted,2024,negative,positive,3
LODO,laptop,weighted,2024,neutral,negative,14
LODO,laptop,weighted,2024,neutral,neutral,4
LODO,laptop,weighted,2024,neutral,positive,6
LODO,laptop,weighted,2024,positive,negative,22
LODO,laptop,weighted,2024,positive,neutral,14
LODO,laptop,weighted,2024,positive,positive,218
LODO,phone,standard,13,negative,negative,36
LODO,phone,standard,13,negative,neutral,0
LODO,phone,standard,13,negative,positive,4
LODO,phone,standard,13,neutral,negative,1
LODO,phone,standard,13,neutral,neutral,0
LODO,phone,standard,13,neutral,positive,1
LODO,phone,standard,13,positive,negative,4
LODO,phone,standard,13,positive,neutral,2
LODO,phone,standard,13,positive,positive,153
LODO,phone,standard,42,negative,negative,28
LODO,phone,standard,42,negative,neutral,1
LODO,phone,standard,42,negative,positive,4
LODO,phone,standard,42,neutral,negative,0
LODO,phone,standard,42,neutral,neutral,0
LODO,phone,standard,42,neutral,positive,1
LODO,phone,standard,42,positive,negative,2
LODO,phone,standard,42,positive,neutral,2
LODO,phone,standard,42,positive,positive,123
LODO,phone,standard,123,negative,negative,39
LODO,phone,standard,123,negative,neutral,0
LODO,phone,standard,123,negative,positive,2
LODO,phone,standard,123,neutral,negative,1
LODO,phone,standard,123,neutral,neutral,0
LODO,phone,standard,123,neutral,positive,1
LODO,phone,standard,123,positive,negative,6
LODO,phone,standard,123,positive,neutral,0
LODO,phone,standard,123,positive,positive,147
LODO,phone,standard,777,negative,negative,45
LODO,phone,standard,777,negative,neutral,0
LODO,phone,standard,777,negative,positive,1
LODO,phone,standard,777,neutral,negative,0
LODO,phone,standard,777,neutral,neutral,0
LODO,phone,standard,777,neutral,positive,1
LODO,phone,standard,777,positive,negative,6
LODO,phone,standard,777,positive,neutral,1
LODO,phone,standard,777,positive,positive,152
LODO,phone,standard,2024,negative,negative,39
LODO,phone,standard,2024,negative,neutral,2
LODO,phone,standard,2024,negative,positive,3
LODO,phone,standard,2024,neutral,negative,0
LODO,phone,standard,2024,neutral,neutral,0
LODO,phone,standard,2024,neutral,positive,0
LODO,phone,standard,2024,positive,negative,6
LODO,phone,standard,2024,positive,neutral,1
LODO,phone,standard,2024,positive,positive,158
LODO,phone,weighted,13,negative,negative,99
LODO,phone,weighted,13,negative,neutral,5
LODO,phone,weighted,13,negative,positive,6
LODO,phone,weighted,13,neutral,negative,2
LODO,phone,weighted,13,neutral,neutral,3
LODO,phone,weighted,13,neutral,positive,0
LODO,phone,weighted,13,positive,negative,19
LODO,phone,weighted,13,positive,neutral,15
LODO,phone,weighted,13,positive,positive,338
LODO,phone,weighted,42,negative,negative,95
LODO,phone,weighted,42,negative,neutral,6
LODO,phone,weighted,42,negative,positive,8
LODO,phone,weighted,42,neutral,negative,1
LODO,phone,weighted,42,neutral,neutral,1
LODO,phone,weighted,42,neutral,positive,5
LODO,phone,weighted,42,positive,negative,17
LODO,phone,weighted,42,positive,neutral,14
LODO,phone,weighted,42,positive,positive,309
LODO,phone,weighted,123,negative,negative,93
LODO,phone,weighted,123,negative,neutral,8
LODO,phone,weighted,123,negative,positive,9
LODO,phone,weighted,123,neutral,negative,2
LODO,phone,weighted,123,neutral,neutral,1
LODO,phone,weighted,123,neutral,positive,4
LODO,phone,weighted,123,positive,negative,15
LODO,phone,weighted,123,positive,neutral,10
LODO,phone,weighted,123,positive,positive,332
LODO,phone,weighted,777,negative,negative,104
LODO,phone,weighted,777,negative,neutral,9
LODO,phone,weighted,777,negative,positive,7
LODO,phone,weighted,777,neutral,negative,2
LODO,phone,weighted,777,neutral,neutral,1
LODO,phone,weighted,777,neutral,positive,2
LODO,phone,weighted,777,positive,negative,20
LODO,phone,weighted,777,positive,neutral,15
LODO,phone,weighted,777,positive,positive,318
LODO,phone,weighted,2024,negative,negative,96
LODO,phone,weighted,2024,negative,neutral,11
LODO,phone,weighted,2024,negative,positive,6
LODO,phone,weighted,2024,neutral,negative,2
LODO,phone,weighted,2024,neutral,neutral,3
LODO,phone,weighted,2024,neutral,positive,2
LODO,phone,weighted,2024,positive,negative,17
LODO,phone,weighted,2024,positive,neutral,14
LODO,phone,weighted,2024,positive,positive,349
LODO,restaurant,standard,13,negative,negative,18
LODO,restaurant,standard,13,negative,neutral,0
LODO,restaurant,standard,13,negative,positive,1
LODO,restaurant,standard,13,neutral,negative,1
LODO,restaurant,standard,13,neutral,neutral,0
LODO,restaurant,standard,13,neutral,positive,2
LODO,restaurant,standard,13,positive,negative,1
LODO,restaurant,standard,13,positive,neutral,0
LODO,restaurant,standard,13,positive,positive,62
LODO,restaurant,standard,42,negative,negative,15
LODO,restaurant,standard,42,negative,neutral,0
LODO,restaurant,standard,42,negative,positive,1
LODO,restaurant,standard,42,neutral,negative,2
LODO,restaurant,standard,42,neutral,neutral,0
LODO,restaurant,standard,42,neutral,positive,2
LODO,restaurant,standard,42,positive,negative,1
LODO,restaurant,standard,42,positive,neutral,0
LODO,restaurant,standard,42,positive,positive,62
LODO,restaurant,standard,123,negative,negative,12
LODO,restaurant,standard,123,negative,neutral,0
LODO,restaurant,standard,123,negative,positive,1
LODO,restaurant,standard,123,neutral,negative,2
LODO,restaurant,standard,123,neutral,neutral,0
LODO,restaurant,standard,123,neutral,positive,4
LODO,restaurant,standard,123,positive,negative,2
LODO,restaurant,standard,123,positive,neutral,0
LODO,restaurant,standard,123,positive,positive,65
LODO,restaurant,standard,777,negative,negative,12
LODO,restaurant,standard,777,negative,neutral,0
LODO,restaurant,standard,777,negative,positive,1
LODO,restaurant,standard,777,neutral,negative,2
LODO,restaurant,standard,777,neutral,neutral,0
LODO,restaurant,standard,777,neutral,positive,1
LODO,restaurant,standard,777,positive,negative,1
LODO,restaurant,standard,777,positive,neutral,0
LODO,restaurant,standard,777,positive,positive,51
LODO,restaurant,standard,2024,negative,negative,23
LODO,restaurant,standard,2024,negative,neutral,0
LODO,restaurant,standard,2024,negative,positive,1
LODO,restaurant,standard,2024,neutral,negative,3
LODO,restaurant,standard,2024,neutral,neutral,0
LODO,restaurant,standard,2024,neutral,positive,3
LODO,restaurant,standard,2024,positive,negative,4
LODO,restaurant,standard,2024,positive,neutral,0
LODO,restaurant,standard,2024,positive,positive,78
LODO,restaurant,weighted,13,negative,negative,63
LODO,restaurant,weighted,13,negative,neutral,2
LODO,restaurant,weighted,13,negative,positive,17
LODO,restaurant,weighted,13,neutral,negative,6
LODO,restaurant,weighted,13,neutral,neutral,1
LODO,restaurant,weighted,13,neutral,positive,11
LODO,restaurant,weighted,13,positive,negative,10
LODO,restaurant,weighted,13,positive,neutral,2
LODO,restaurant,weighted,13,positive,positive,317
LODO,restaurant,weighted,42,negative,negative,67
LODO,restaurant,weighted,42,negative,neutral,3
LODO,restaurant,weighted,42,negative,positive,11
LODO,restaurant,weighted,42,neutral,negative,7
LODO,restaurant,weighted,42,neutral,neutral,2
LODO,restaurant,weighted,42,neutral,positive,9
LODO,restaurant,weighted,42,positive,negative,7
LODO,restaurant,weighted,42,positive,neutral,3
LODO,restaurant,weighted,42,positive,positive,299
LODO,restaurant,weighted,123,negative,negative,68
LODO,restaurant,weighted,123,negative,neutral,3
LODO,restaurant,weighted,123,negative,positive,14
LODO,restaurant,weighted,123,neutral,negative,5
LODO,restaurant,weighted,123,neutral,neutral,1
LODO,restaurant,weighted,123,neutral,positive,12
LODO,restaurant,weighted,123,positive,negative,9
LODO,restaurant,weighted,123,positive,neutral,2
LODO,restaurant,weighted,123,positive,positive,325
LODO,restaurant,weighted,777,negative,negative,68
LODO,restaurant,weighted,777,negative,neutral,4
LODO,restaurant,weighted,777,negative,positive,8
LODO,restaurant,weighted,777,neutral,negative,8
LODO,restaurant,weighted,777,neutral,neutral,1
LODO,restaurant,weighted,777,neutral,positive,8
LODO,restaurant,weighted,777,positive,negative,6
LODO,restaurant,weighted,777,positive,neutral,2
LODO,restaurant,weighted,777,positive,positive,303
LODO,restaurant,weighted,2024,negative,negative,64
LODO,restaurant,weighted,2024,negative,neutral,4
LODO,restaurant,weighted,2024,negative,positive,13
LODO,restaurant,weighted,2024,neutral,negative,6
LODO,restaurant,weighted,2024,neutral,neutral,2
LODO,restaurant,weighted,2024,neutral,positive,11
LODO,restaurant,weighted,2024,positive,negative,5
LODO,restaurant,weighted,2024,positive,neutral,1
LODO,restaurant,weighted,2024,positive,positive,321
LODO,sight,standard,13,negative,negative,8
LODO,sight,standard,13,negative,neutral,0
LODO,sight,standard,13,negative,positive,2
LODO,sight,standard,13,neutral,negative,4
LODO,sight,standard,13,neutral,neutral,0
LODO,sight,standard,13,neutral,positive,8
LODO,sight,standard,13,positive,negative,4
LODO,sight,standard,13,positive,neutral,0
LODO,sight,standard,13,positive,positive,135
LODO,sight,standard,42,negative,negative,5
LODO,sight,standard,42,negative,neutral,0
LODO,sight,standard,42,negative,positive,2
LODO,sight,standard,42,neutral,negative,3
LODO,sight,standard,42,neutral,neutral,0
LODO,sight,standard,42,neutral,positive,5
LODO,sight,standard,42,positive,negative,4
LODO,sight,standard,42,positive,neutral,0
LODO,sight,standard,42,positive,positive,127
LODO,sight,standard,123,negative,negative,5
LODO,sight,standard,123,negative,neutral,0
LODO,sight,standard,123,negative,positive,1
LODO,sight,standard,123,neutral,negative,2
LODO,sight,standard,123,neutral,neutral,0
LODO,sight,standard,123,neutral,positive,5
LODO,sight,standard,123,positive,negative,2
LODO,sight,standard,123,positive,neutral,0
LODO,sight,standard,123,positive,positive,78
LODO,sight,standard,777,negative,negative,6
LODO,sight,standard,777,negative,neutral,0
LODO,sight,standard,777,negative,positive,1
LODO,sight,standard,777,neutral,negative,4
LODO,sight,standard,777,neutral,neutral,1
LODO,sight,standard,777,neutral,positive,5
LODO,sight,standard,777,positive,negative,2
LODO,sight,standard,777,positive,neutral,0
LODO,sight,standard,777,positive,positive,87
LODO,sight,standard,2024,negative,negative,5
LODO,sight,standard,2024,negative,neutral,0
LODO,sight,standard,2024,negative,positive,2
LODO,sight,standard,2024,neutral,negative,4
LODO,sight,standard,2024,neutral,neutral,0
LODO,sight,standard,2024,neutral,positive,2
LODO,sight,standard,2024,positive,negative,2
LODO,sight,standard,2024,positive,neutral,0
LODO,sight,standard,2024,positive,positive,86
LODO,sight,weighted,13,negative,negative,34
LODO,sight,weighted,13,negative,neutral,1
LODO,sight,weighted,13,negative,positive,6
LODO,sight,weighted,13,neutral,negative,34
LODO,sight,weighted,13,neutral,neutral,18
LODO,sight,weighted,13,neutral,positive,19
LODO,sight,weighted,13,positive,negative,13
LODO,sight,weighted,13,positive,neutral,5
LODO,sight,weighted,13,positive,positive,225
LODO,sight,weighted,42,negative,negative,29
LODO,sight,weighted,42,negative,neutral,4
LODO,sight,weighted,42,negative,positive,6
LODO,sight,weighted,42,neutral,negative,30
LODO,sight,weighted,42,neutral,neutral,19
LODO,sight,weighted,42,neutral,positive,24
LODO,sight,weighted,42,positive,negative,10
LODO,sight,weighted,42,positive,neutral,9
LODO,sight,weighted,42,positive,positive,229
LODO,sight,weighted,123,negative,negative,31
LODO,sight,weighted,123,negative,neutral,6
LODO,sight,weighted,123,negative,positive,7
LODO,sight,weighted,123,neutral,negative,33
LODO,sight,weighted,123,neutral,neutral,24
LODO,sight,weighted,123,neutral,positive,17
LODO,sight,weighted,123,positive,negative,10
LODO,sight,weighted,123,positive,neutral,10
LODO,sight,weighted,123,positive,positive,224
LODO,sight,weighted,777,negative,negative,36
LODO,sight,weighted,777,negative,neutral,6
LODO,sight,weighted,777,negative,positive,4
LODO,sight,weighted,777,neutral,negative,34
LODO,sight,weighted,777,neutral,neutral,22
LODO,sight,weighted,777,neutral,positive,17
LODO,sight,weighted,777,positive,negative,9
LODO,sight,weighted,777,positive,neutral,13
LODO,sight,weighted,777,positive,positive,226
LODO,sight,weighted,2024,negative,negative,30
LODO,sight,weighted,2024,negative,neutral,2
LODO,sight,weighted,2024,negative,positive,3
LODO,sight,weighted,2024,neutral,negative,31
LODO,sight,weighted,2024,neutral,neutral,8
LODO,sight,weighted,2024,neutral,positive,17
LODO,sight,weighted,2024,positive,negative,12
LODO,sight,weighted,2024,positive,neutral,5
LODO,sight,weighted,2024,positive,positive,219
