setting,held_out_domain,model,n,seed_ids,complete,precision_mean,precision_std,recall_mean,recall_std,f1_mean,f1_std,aspect_f1_mean,aspect_f1_std,aspect_sentiment_f1_mean,aspect_sentiment_f1_std,term_category_f1_mean,term_category_f1_std,known_category_f1_mean,known_category_f1_std,category_coverage_mean,category_coverage_std
In-domain,all,standard,5,"13,42,123,777,2024",True,0.3899308128357444,0.007141452857316471,0.32096038415366146,0.011563808885712708,0.352006908172433,0.00822113015030689,0.4957533280879213,0.013288114015975934,0.46586351632165535,0.010363899254378089,0.37235225664772537,0.010082809557588463,0.35265708122447453,0.008229399526740304,0.9966386554621849,0.0
In-domain,all,weighted,5,"13,42,123,777,2024",True,0.19089874646608512,0.005398761089208355,0.42554621848739493,0.0024402546837496964,0.2635194229869772,0.004947821964634211,0.47167459272369283,0.007987602199943043,0.41687195405286664,0.008031182265028827,0.29211047406363305,0.005049774617019554,0.26379407117955395,0.004958749148526988,0.9966386554621849,0.0
LODO,coursera,standard,5,"13,42,123,777,2024",True,0.0,0.0,0.0,0.0,0.0,0.0,0.558719475783295,0.04877855772298317,0.5307917844732006,0.047349985124429374,0.0,0.0,0.0,0.0,0.0024449877750611247,0.0
LODO,coursera,weighted,5,"13,42,123,777,2024",True,0.0,0.0,0.0,0.0,0.0,0.0,0.4691874931122869,0.01335987182427463,0.38149980095660424,0.014922163058492175,0.0,0.0,0.0,0.0,0.0024449877750611247,0.0
LODO,food,standard,5,"13,42,123,777,2024",True,0.06267008247237388,0.002314172288182047,0.08995983935742971,0.009671963517102247,0.0737145822861345,0.0038838608887707972,0.43450144748334285,0.038169093049559524,0.3604680790336355,0.025065303444129973,0.0846885077191492,0.009488768583535888,0.1049309774756115,0.004017477010313192,0.27710843373493976,0.0
LODO,food,weighted,5,"13,42,123,777,2024",True,0.02214142579335894,0.005642691402598965,0.0963855421686747,0.021439916168737572,0.03600208245357992,0.008955149527439457,0.30522592467472576,0.009835413201361703,0.23691582413762205,0.0052232212565710544,0.04325770741728081,0.011393307309845566,0.041629021792998884,0.010527504138388566,0.27710843373493976,0.0
LODO,hotel,standard,5,"13,42,123,777,2024",True,0.15734615098153276,0.012571861335906664,0.16095764272559854,0.006964151160658939,0.1590171218063916,0.009009671621972233,0.5398047060678128,0.020733513722339572,0.5136811511452606,0.018285654902437252,0.16880807414763183,0.007624264916305224,0.22912677191547282,0.015220800193907084,0.3812154696132597,0.0
LODO,hotel,weighted,5,"13,42,123,777,2024",True,0.09231740917215649,0.014517443075868382,0.227255985267035,0.04300489773469461,0.13125877906167624,0.02181903515376272,0.4923201283672827,0.01238131205348828,0.45846503553501217,0.013038307151905317,0.14031390642364447,0.022759417683526344,0.15984932366509141,0.025798119678873174,0.3812154696132597,0.0
LODO,laptop,standard,5,"13,42,123,777,2024",True,0.0,0.0,0.0,0.0,0.0,0.0,0.3930764507019427,0.04534837687241269,0.36909662926599685,0.040327721008157444,0.0,0.0,,,0.0,0.0
LODO,laptop,weighted,5,"13,42,123,777,2024",True,0.0,0.0,0.0,0.0,0.0,0.0,0.4953996762927195,0.018099535465635773,0.4231250334576071,0.016611509933966113,0.0,0.0,,,0.0,0.0
LODO,phone,standard,5,"13,42,123,777,2024",True,0.0,0.0,0.0,0.0,0.0,0.0,0.2188927360209912,0.017067379285476404,0.20909708354251805,0.017056331360283665,0.0,0.0,,,0.0,0.0
LODO,phone,weighted,5,"13,42,123,777,2024",True,0.0,0.0,0.0,0.0,0.0,0.0,0.3380888324764887,0.008661926326672982,0.3032508545622422,0.008628642676802314,0.0,0.0,,,0.0,0.0
LODO,restaurant,standard,5,"13,42,123,777,2024",True,0.31301502665928915,0.02586610301718336,0.07765957446808511,0.014039597797751175,0.12361499815884831,0.017086118563631503,0.2452392495429649,0.03624500801642675,0.224899993464087,0.030298053446253904,0.13605206317985355,0.018408789546248715,0.16035394715294107,0.02023318928638575,0.7127659574468085,0.0
LODO,restaurant,weighted,5,"13,42,123,777,2024",True,0.17592562671595297,0.019280455892912638,0.25141843971631206,0.02762204218420197,0.20698890246960136,0.022637804809901796,0.6170849657299018,0.022575787713772315,0.5558865613501751,0.018518060531168803,0.22583741585484857,0.024101879177766915,0.23474823727490696,0.025675240862076412,0.7127659574468085,0.0
LODO,sight,standard,5,"13,42,123,777,2024",True,0.0,0.0,0.0,0.0,0.0,0.0,0.2649503743968046,0.057594139520429535,0.23703623384268577,0.05170803585374178,0.0,0.0,,,0.0,0.0
LODO,sight,weighted,5,"13,42,123,777,2024",True,0.0,0.0,0.0,0.0,0.0,0.0,0.44645785017861,0.008993415756107348,0.3466921113422979,0.007152010010209923,0.0,0.0,,,0.0,0.0
