setting,held_out_domain,model,n,dominant_primary_error,gold_triplets_mean,correct_mean,gold_error_rate,term_failure_rate,category_failure_given_term,sentiment_failure_given_term_category,term_mean,term_error_share,category_mean,category_error_share,sentiment_mean,sentiment_error_share
In-domain,all,standard,5,term,4165.0,1336.8,0.6790396158463385,0.5483313325330132,0.24856474590686795,0.05432937181663837,2283.8,0.8075100770808288,467.6,0.1653348419489428,76.8,0.027155080970228413
In-domain,all,weighted,5,category,4165.0,1772.4,0.5744537815126051,0.24172869147659062,0.3788233804065607,0.09654399021306963,1006.8,0.4207974588313968,1196.4,0.5000417955362367,189.4,0.07916074563236647
LODO,coursera,standard,5,category,409.0,0.0,1.0,0.4606356968215159,1.0,,188.4,0.4606356968215159,220.6,0.5393643031784842,0.0,0.0
LODO,coursera,weighted,5,category,409.0,0.0,1.0,0.1706601466992665,1.0,,69.8,0.1706601466992665,339.2,0.8293398533007335,0.0,0.0
LODO,food,standard,5,term,249.0,22.4,0.9100401606425703,0.46987951807228917,0.8045454545454546,0.13178294573643412,117.0,0.5163283318623124,106.2,0.46866725507502205,3.4,0.01500441306266549
LODO,food,weighted,5,category,249.0,24.0,0.9036144578313253,0.18152610441767067,0.858684985279686,0.16666666666666666,45.2,0.2008888888888889,175.0,0.7777777777777778,4.8,0.021333333333333333
LODO,hotel,standard,5,term,543.0,87.4,0.8390423572744015,0.4530386740331492,0.6875420875420876,0.05818965517241379,246.0,0.5399473222124671,204.2,0.4482001755926251,5.4,0.011852502194907815
LODO,hotel,weighted,5,category,543.0,123.4,0.7727440147329651,0.15395948434622467,0.7131040487592512,0.0637329286798179,83.6,0.1992373689227836,327.6,0.780743565300286,8.4,0.02001906577693041
LODO,laptop,standard,5,term,525.0,0.0,1.0,0.6857142857142857,1.0,,360.0,0.6857142857142857,165.0,0.3142857142857143,0.0,0.0
LODO,laptop,weighted,5,category,525.0,0.0,1.0,0.19085714285714286,1.0,,100.2,0.19085714285714286,424.8,0.8091428571428572,0.0,0.0
LODO,phone,standard,5,term,1179.0,0.0,1.0,0.8349448685326548,1.0,,984.4,0.8349448685326548,194.6,0.1650551314673452,0.0,0.0
LODO,phone,weighted,5,term,1179.0,0.0,1.0,0.5937234944868532,1.0,,700.0,0.5937234944868532,479.0,0.40627650551314676,0.0,0.0
LODO,restaurant,standard,5,term,564.0,43.8,0.9223404255319149,0.8460992907801419,0.4447004608294931,0.0912863070539419,477.2,0.9173394848135332,38.6,0.07420222991157248,4.4,0.008458285274894272
LODO,restaurant,weighted,5,category,564.0,141.8,0.7485815602836879,0.25141843971631206,0.6338228327806726,0.08279430789133248,141.8,0.3358597820937944,267.6,0.6338228327806726,12.8,0.030317385125532923
LODO,sight,standard,5,term,696.0,0.0,1.0,0.8255747126436782,1.0,,574.6,0.8255747126436782,121.4,0.17442528735632185,0.0,0.0
LODO,sight,weighted,5,category,696.0,0.0,1.0,0.4910919540229885,1.0,,341.8,0.4910919540229885,354.2,0.5089080459770114,0.0,0.0
