setting,held_out_domain,model,seed,category_on_matched_term_correct,category_on_matched_term_denominator,category_on_matched_term_accuracy,sentiment_on_matched_term_correct,sentiment_on_matched_term_denominator,sentiment_on_matched_term_accuracy,sentiment_on_matched_term_and_category_correct,sentiment_on_matched_term_and_category_denominator,sentiment_on_matched_term_and_category_accuracy
In-domain,all,standard,13,1397,1875,0.7450666666666667,1764,1875,0.9408,1321,1397,0.945597709377237
In-domain,all,standard,42,1411,1876,0.752132196162047,1768,1876,0.9424307036247335,1334,1411,0.9454287739192062
In-domain,all,standard,123,1470,1962,0.7492354740061162,1832,1962,0.9337410805300713,1384,1470,0.9414965986394558
In-domain,all,standard,777,1460,1925,0.7584415584415585,1806,1925,0.9381818181818182,1379,1460,0.9445205479452055
In-domain,all,standard,2024,1330,1768,0.752262443438914,1672,1768,0.9457013574660633,1266,1330,0.9518796992481203
In-domain,all,weighted,13,1977,3157,0.6262274311054798,2795,3157,0.8853341780171049,1781,1977,0.9008598887202832
In-domain,all,weighted,42,1942,3139,0.6186683657215674,2793,3139,0.8897738133163428,1768,1942,0.9104016477857878
In-domain,all,weighted,123,1947,3175,0.6132283464566929,2804,3175,0.8831496062992126,1759,1947,0.9034411915767848
In-domain,all,weighted,777,1979,3175,0.6233070866141732,2806,3175,0.8837795275590551,1784,1979,0.9014653865588681
In-domain,all,weighted,2024,1964,3145,0.624483306836248,2791,3145,0.8874403815580286,1770,1964,0.9012219959266803
LODO,coursera,standard,13,0,188,0.0,180,188,0.9574468085106383,0,0,
LODO,coursera,standard,42,0,231,0.0,219,231,0.948051948051948,0,0,
LODO,coursera,standard,123,0,244,0.0,230,244,0.9426229508196722,0,0,
LODO,coursera,standard,777,0,245,0.0,235,245,0.9591836734693877,0,0,
LODO,coursera,standard,2024,0,195,0.0,184,195,0.9435897435897436,0,0,
LODO,coursera,weighted,13,0,339,0.0,284,339,0.8377581120943953,0,0,
LODO,coursera,weighted,42,0,341,0.0,279,341,0.8181818181818182,0,0,
LODO,coursera,weighted,123,0,338,0.0,279,338,0.8254437869822485,0,0,
LODO,coursera,weighted,777,0,338,0.0,273,338,0.8076923076923077,0,0,
LODO,coursera,weighted,2024,0,340,0.0,267,340,0.7852941176470588,0,0,
LODO,food,standard,13,32,141,0.22695035460992907,115,141,0.8156028368794326,25,32,0.78125
LODO,food,standard,42,25,122,0.20491803278688525,102,122,0.8360655737704918,21,25,0.84
LODO,food,standard,123,28,156,0.1794871794871795,127,156,0.8141025641025641,25,28,0.8928571428571429
LODO,food,standard,777,23,131,0.17557251908396945,108,131,0.8244274809160306,21,23,0.9130434782608695
LODO,food,standard,2024,21,110,0.19090909090909092,95,110,0.8636363636363636,20,21,0.9523809523809523
LODO,food,weighted,13,17,204,0.08333333333333333,161,204,0.7892156862745098,15,17,0.8823529411764706
LODO,food,weighted,42,30,208,0.14423076923076922,159,208,0.7644230769230769,24,30,0.8
LODO,food,weighted,123,35,202,0.17326732673267325,156,202,0.7722772277227723,29,35,0.8285714285714286
LODO,food,weighted,777,31,206,0.15048543689320387,162,206,0.7864077669902912,26,31,0.8387096774193549
LODO,food,weighted,2024,31,199,0.15577889447236182,154,199,0.7738693467336684,26,31,0.8387096774193549
LODO,hotel,standard,13,94,293,0.32081911262798635,279,293,0.9522184300341296,89,94,0.9468085106382979
LODO,hotel,standard,42,95,268,0.35447761194029853,257,268,0.9589552238805971,91,95,0.9578947368421052
LODO,hotel,standard,123,87,304,0.28618421052631576,289,304,0.9506578947368421,81,87,0.9310344827586207
LODO,hotel,standard,777,94,306,0.30718954248366015,289,306,0.9444444444444444,88,94,0.9361702127659575
LODO,hotel,standard,2024,94,314,0.29936305732484075,299,314,0.9522292993630573,88,94,0.9361702127659575
LODO,hotel,weighted,13,146,458,0.31877729257641924,423,458,0.9235807860262009,139,146,0.952054794520548
LODO,hotel,weighted,42,122,454,0.2687224669603524,423,454,0.9317180616740088,115,122,0.9426229508196722
LODO,hotel,weighted,123,93,459,0.20261437908496732,431,459,0.9389978213507625,86,93,0.9247311827956989
LODO,hotel,weighted,777,147,462,0.3181818181818182,429,462,0.9285714285714286,136,147,0.9251700680272109
LODO,hotel,weighted,2024,151,464,0.3254310344827586,435,464,0.9375,141,151,0.9337748344370861
LODO,laptop,standard,13,0,183,0.0,173,183,0.9453551912568307,0,0,
LODO,laptop,standard,42,0,161,0.0,152,161,0.9440993788819876,0,0,
LODO,laptop,standard,123,0,179,0.0,164,179,0.9162011173184358,0,0,
LODO,laptop,standard,777,0,127,0.0,120,127,0.9448818897637795,0,0,
LODO,laptop,standard,2024,0,175,0.0,166,175,0.9485714285714286,0,0,
LODO,laptop,weighted,13,0,419,0.0,356,419,0.8496420047732697,0,0,
LODO,laptop,weighted,42,0,427,0.0,364,427,0.8524590163934426,0,0,
LODO,laptop,weighted,123,0,420,0.0,362,420,0.861904761904762,0,0,
LODO,laptop,weighted,777,0,432,0.0,372,432,0.8611111111111112,0,0,
LODO,laptop,weighted,2024,0,426,0.0,363,426,0.852112676056338,0,0,
LODO,phone,standard,13,0,201,0.0,192,201,0.9552238805970149,0,0,
LODO,phone,standard,42,0,161,0.0,152,161,0.9440993788819876,0,0,
LODO,phone,standard,123,0,196,0.0,188,196,0.9591836734693877,0,0,
LODO,phone,standard,777,0,206,0.0,201,206,0.9757281553398058,0,0,
LODO,phone,standard,2024,0,209,0.0,199,209,0.9521531100478469,0,0,
LODO,phone,weighted,13,0,487,0.0,445,487,0.9137577002053389,0,0,
LODO,phone,weighted,42,0,456,0.0,411,456,0.9013157894736842,0,0,
LODO,phone,weighted,123,0,474,0.0,428,474,0.9029535864978903,0,0,
LODO,phone,weighted,777,0,478,0.0,428,478,0.895397489539749,0,0,
LODO,phone,weighted,2024,0,500,0.0,450,500,0.9,0,0,
LODO,restaurant,standard,13,53,85,0.6235294117647059,80,85,0.9411764705882353,49,53,0.9245283018867925
LODO,restaurant,standard,42,47,83,0.5662650602409639,77,83,0.927710843373494,43,47,0.9148936170212766
LODO,restaurant,standard,123,43,86,0.5,77,86,0.8953488372093024,39,43,0.9069767441860465
LODO,restaurant,standard,777,38,68,0.5588235294117647,63,68,0.9264705882352942,34,38,0.8947368421052632
LODO,restaurant,standard,2024,60,112,0.5357142857142857,101,112,0.9017857142857143,54,60,0.9
LODO,restaurant,weighted,13,170,429,0.3962703962703963,382,429,0.8904428904428905,157,170,0.9235294117647059
LODO,restaurant,weighted,42,134,408,0.3284313725490196,368,408,0.9019607843137255,122,134,0.9104477611940298
LODO,restaurant,weighted,123,172,439,0.3917995444191344,394,439,0.89749430523918,157,172,0.9127906976744186
LODO,restaurant,weighted,777,154,408,0.37745098039215685,372,408,0.9117647058823529,142,154,0.922077922077922
LODO,restaurant,weighted,2024,143,427,0.33489461358313816,387,427,0.9063231850117096,131,143,0.916083916083916
LODO,sight,standard,13,0,161,0.0,143,161,0.8881987577639752,0,0,
LODO,sight,standard,42,0,146,0.0,132,146,0.9041095890410958,0,0,
LODO,sight,standard,123,0,93,0.0,83,93,0.8924731182795699,0,0,
LODO,sight,standard,777,0,106,0.0,94,106,0.8867924528301887,0,0,
LODO,sight,standard,2024,0,101,0.0,91,101,0.900990099009901,0,0,
LODO,sight,weighted,13,0,355,0.0,279,355,0.7859154929577464,0,0,
LODO,sight,weighted,42,0,360,0.0,278,360,0.7722222222222223,0,0,
LODO,sight,weighted,123,0,362,0.0,280,362,0.7734806629834254,0,0,
LODO,sight,weighted,777,0,367,0.0,286,367,0.779291553133515,0,0,
LODO,sight,weighted,2024,0,327,0.0,258,327,0.7889908256880734,0,0,
