setting,held_out_domain,model,seed,domain,true_positives,false_positives,false_negatives,precision,recall,f1,correct,term,category,sentiment
In-domain,all,standard,13,coursera,175,224,234,0.43859649122807015,0.4278728606356968,0.43316831683168316,175,162,62,10
In-domain,all,standard,13,food,25,88,224,0.22123893805309736,0.10040160642570281,0.13812154696132595,25,198,25,1
In-domain,all,standard,13,hotel,278,351,265,0.4419713831478537,0.5119705340699816,0.47440273037542663,278,151,105,9
In-domain,all,standard,13,laptop,103,511,422,0.16775244299674266,0.1961904761904762,0.18086040386303773,103,250,162,10
In-domain,all,standard,13,phone,310,524,869,0.37170263788968827,0.26293469041560646,0.3079980129160457,310,787,72,10
In-domain,all,standard,13,restaurant,251,295,313,0.4597069597069597,0.4450354609929078,0.45225225225225224,251,267,28,18
In-domain,all,standard,13,sight,179,151,517,0.5424242424242425,0.257183908045977,0.34892787524366475,179,475,24,18
In-domain,all,standard,42,coursera,187,206,222,0.4758269720101781,0.4572127139364303,0.4663341645885287,187,145,65,12
In-domain,all,standard,42,food,14,95,235,0.12844036697247707,0.05622489959839357,0.0782122905027933,14,209,25,1
In-domain,all,standard,42,hotel,294,328,249,0.47266881028938906,0.5414364640883977,0.5047210300429185,294,151,89,9
In-domain,all,standard,42,laptop,92,497,433,0.15619694397283532,0.17523809523809525,0.1651705565529623,92,261,161,11
In-domain,all,standard,42,phone,303,497,876,0.37875,0.25699745547073793,0.30621526023244067,303,796,70,10
In-domain,all,standard,42,restaurant,262,293,302,0.4720720720720721,0.4645390070921986,0.46827524575513857,262,253,31,18
In-domain,all,standard,42,sight,182,153,514,0.5432835820895522,0.2614942528735632,0.35305528612997084,182,474,24,16
In-domain,all,standard,123,coursera,188,238,221,0.4413145539906103,0.45965770171149145,0.45029940119760475,188,132,74,15
In-domain,all,standard,123,food,24,84,225,0.2222222222222222,0.0963855421686747,0.13445378151260506,24,194,29,2
In-domain,all,standard,123,hotel,281,301,262,0.48281786941580757,0.5174953959484346,0.4995555555555556,281,156,94,12
In-domain,all,standard,123,laptop,95,515,430,0.1557377049180328,0.18095238095238095,0.16740088105726875,95,261,159,10
In-domain,all,standard,123,phone,333,485,846,0.4070904645476773,0.2824427480916031,0.33350025037556336,333,770,68,8
In-domain,all,standard,123,restaurant,283,298,281,0.48709122203098104,0.50177304964539,0.49432314410480344,283,211,48,22
In-domain,all,standard,123,sight,180,155,516,0.5373134328358209,0.25862068965517243,0.34917555771096026,180,479,20,17
In-domain,all,standard,777,coursera,195,252,214,0.436241610738255,0.4767726161369193,0.45560747663551404,195,126,74,14
In-domain,all,standard,777,food,20,79,229,0.20202020202020202,0.08032128514056225,0.11494252873563221,20,208,20,1
In-domain,all,standard,777,hotel,285,350,258,0.44881889763779526,0.5248618784530387,0.4838709677419355,285,157,91,10
In-domain,all,standard,777,laptop,97,494,428,0.16412859560067683,0.18476190476190477,0.17383512544802868,97,255,162,11
In-domain,all,standard,777,phone,327,542,852,0.3762945914844649,0.27735368956743,0.3193359375,327,771,69,12
In-domain,all,standard,777,restaurant,272,312,292,0.4657534246575342,0.48226950354609927,0.4738675958188154,272,250,26,16
In-domain,all,standard,777,sight,183,171,513,0.5169491525423728,0.2629310344827586,0.34857142857142853,183,473,23,17
In-domain,all,standard,2024,coursera,187,203,222,0.4794871794871795,0.4572127139364303,0.46808510638297873,187,147,67,8
In-domain,all,standard,2024,food,16,79,233,0.16842105263157894,0.0642570281124498,0.09302325581395349,16,209,23,1
In-domain,all,standard,2024,hotel,247,292,296,0.4582560296846011,0.4548802946593002,0.4565619223659889,247,220,69,7
In-domain,all,standard,2024,laptop,94,485,431,0.16234887737478412,0.17904761904761904,0.17028985507246377,94,254,164,13
In-domain,all,standard,2024,phone,292,478,887,0.37922077922077924,0.24766751484308736,0.2996408414571575,292,813,64,10
In-domain,all,standard,2024,restaurant,254,274,310,0.4810606060606061,0.450354609929078,0.46520146520146527,254,266,28,16
In-domain,all,standard,2024,sight,176,160,520,0.5238095238095238,0.25287356321839083,0.3410852713178295,176,488,23,9
In-domain,all,weighted,13,coursera,173,708,236,0.1963677639046538,0.4229828850855746,0.2682170542635659,173,60,165,11
In-domain,all,weighted,13,food,70,625,179,0.10071942446043165,0.28112449799196787,0.14830508474576273,70,50,113,16
In-domain,all,weighted,13,hotel,308,821,235,0.2728077945084145,0.567219152854512,0.368421052631579,308,59,162,14
In-domain,all,weighted,13,laptop,144,867,381,0.142433234421365,0.2742857142857143,0.18750000000000003,144,65,287,29
In-domain,all,weighted,13,phone,452,2849,727,0.13692820357467433,0.3833757421543681,0.20178571428571432,452,483,217,27
In-domain,all,weighted,13,restaurant,341,611,223,0.3581932773109244,0.6046099290780141,0.449868073878628,341,83,110,30
In-domain,all,weighted,13,sight,293,1177,403,0.19931972789115646,0.4209770114942529,0.27054478301015694,293,208,126,69
In-domain,all,weighted,42,coursera,189,704,220,0.2116461366181411,0.4621026894865526,0.2903225806451613,189,53,155,12
In-domain,all,weighted,42,food,84,638,165,0.11634349030470914,0.3373493975903614,0.17301750772399588,84,48,100,17
In-domain,all,weighted,42,hotel,312,731,231,0.29913710450623204,0.574585635359116,0.3934426229508197,312,68,151,12
In-domain,all,weighted,42,laptop,146,834,379,0.1489795918367347,0.2780952380952381,0.19401993355481728,146,80,273,26
In-domain,all,weighted,42,phone,453,2594,726,0.14867082376107646,0.3842239185750636,0.21438712730714624,453,485,215,26
In-domain,all,weighted,42,restaurant,316,635,248,0.3322818086225026,0.5602836879432624,0.4171617161716172,316,81,146,21
In-domain,all,weighted,42,sight,268,1127,428,0.1921146953405018,0.3850574712643678,0.25633668101386897,268,211,157,60
In-domain,all,weighted,123,coursera,198,730,211,0.21336206896551724,0.4841075794621027,0.2961854899027674,198,50,146,15
In-domain,all,weighted,123,food,78,649,171,0.10729023383768914,0.3132530120481928,0.15983606557377047,78,49,111,11
In-domain,all,weighted,123,hotel,312,773,231,0.28755760368663597,0.574585635359116,0.3832923832923833,312,66,150,15
In-domain,all,weighted,123,laptop,141,898,384,0.13570741097208855,0.26857142857142857,0.18030690537084398,141,79,281,24
In-domain,all,weighted,123,phone,439,2696,740,0.14003189792663476,0.37234944868532655,0.20352341214649974,439,464,243,33
In-domain,all,weighted,123,restaurant,317,628,247,0.33544973544973544,0.5620567375886525,0.42014579191517565,317,75,142,30
In-domain,all,weighted,123,sight,274,1194,422,0.18664850136239783,0.3936781609195402,0.2532347504621072,274,207,155,60
In-domain,all,weighted,777,coursera,184,727,225,0.20197585071350166,0.44987775061124696,0.2787878787878788,184,56,153,16
In-domain,all,weighted,777,food,73,688,176,0.09592641261498029,0.2931726907630522,0.14455445544554454,73,46,119,11
In-domain,all,weighted,777,hotel,294,855,249,0.2558746736292428,0.5414364640883977,0.3475177304964539,294,65,169,15
In-domain,all,weighted,777,laptop,143,943,382,0.13167587476979742,0.2723809523809524,0.1775294847920546,143,75,281,26
In-domain,all,weighted,777,phone,475,2856,704,0.14259981987391174,0.4028837998303647,0.21064301552106426,475,455,220,29
In-domain,all,weighted,777,restaurant,346,633,218,0.3534218590398366,0.6134751773049646,0.4484769928710305,346,80,103,35
In-domain,all,weighted,777,sight,269,1194,427,0.18386876281613124,0.3864942528735632,0.24918943955534975,269,213,151,63
In-domain,all,weighted,2024,coursera,181,645,228,0.21912832929782083,0.44254278728606355,0.2931174089068826,181,58,152,18
In-domain,all,weighted,2024,food,86,575,163,0.13010590015128592,0.3453815261044177,0.189010989010989,86,47,99,17
In-domain,all,weighted,2024,hotel,310,765,233,0.28837209302325584,0.570902394106814,0.3831891223733004,310,69,149,15
In-domain,all,weighted,2024,laptop,128,866,397,0.12877263581488935,0.2438095238095238,0.1685319289005925,128,77,294,26
In-domain,all,weighted,2024,phone,453,2638,726,0.1465545131025558,0.3842239185750636,0.21217798594847773,453,466,232,28
In-domain,all,weighted,2024,restaurant,338,615,226,0.3546694648478489,0.599290780141844,0.4456163480553724,338,76,116,34
In-domain,all,weighted,2024,sight,274,1104,422,0.1988388969521045,0.3936781609195402,0.2642237222757955,274,227,139,56
LODO,coursera,standard,13,coursera,0,324,409,0.0,0.0,0.0,0,221,188,0
LODO,coursera,standard,42,coursera,0,410,409,0.0,0.0,0.0,0,178,231,0
LODO,coursera,standard,123,coursera,0,407,409,0.0,0.0,0.0,0,165,244,0
LODO,coursera,standard,777,coursera,0,390,409,0.0,0.0,0.0,0,164,245,0
LODO,coursera,standard,2024,coursera,0,364,409,0.0,0.0,0.0,0,214,195,0
LODO,coursera,weighted,13,coursera,0,1019,409,0.0,0.0,0.0,0,70,339,0
LODO,coursera,weighted,42,coursera,0,1033,409,0.0,0.0,0.0,0,68,341,0
LODO,coursera,weighted,123,coursera,0,1026,409,0.0,0.0,0.0,0,71,338,0
LODO,coursera,weighted,777,coursera,0,1110,409,0.0,0.0,0.0,0,71,338,0
LODO,coursera,weighted,2024,coursera,0,1018,409,0.0,0.0,0.0,0,69,340,0
LODO,food,standard,13,food,25,383,224,0.061274509803921566,0.10040160642570281,0.076103500761035,25,108,109,7
LODO,food,standard,42,food,21,306,228,0.06422018348623854,0.08433734939759036,0.07291666666666666,21,127,97,4
LODO,food,standard,123,food,25,358,224,0.06527415143603134,0.10040160642570281,0.0791139240506329,25,93,128,3
LODO,food,standard,777,food,21,332,228,0.059490084985835696,0.08433734939759036,0.06976744186046512,21,118,108,2
LODO,food,standard,2024,food,20,297,229,0.06309148264984227,0.08032128514056225,0.0706713780918728,20,139,89,1
LODO,food,weighted,13,food,15,1154,234,0.01283147989734816,0.060240963855421686,0.021156558533145277,15,45,187,2
LODO,food,weighted,42,food,24,1070,225,0.021937842778793418,0.0963855421686747,0.035740878629932984,24,41,178,6
LODO,food,weighted,123,food,29,1015,220,0.027777777777777776,0.11646586345381527,0.044856921887084296,29,47,167,6
LODO,food,weighted,777,food,26,1092,223,0.023255813953488372,0.10441767068273092,0.03803950256035113,26,43,175,5
LODO,food,weighted,2024,food,26,1018,223,0.02490421455938697,0.10441767068273092,0.04021655065738593,26,50,168,5
LODO,hotel,standard,13,hotel,89,451,454,0.1648148148148148,0.16390423572744015,0.16435826408125578,89,250,199,5
LODO,hotel,standard,42,hotel,91,426,452,0.1760154738878143,0.16758747697974216,0.1716981132075472,91,275,173,4
LODO,hotel,standard,123,hotel,81,465,462,0.14835164835164835,0.14917127071823205,0.1487603305785124,81,239,217,6
LODO,hotel,standard,777,hotel,88,503,455,0.14890016920473773,0.16206261510128914,0.15520282186948853,88,237,212,6
LODO,hotel,standard,2024,hotel,88,504,455,0.14864864864864866,0.16206261510128914,0.15506607929515417,88,229,220,6
LODO,hotel,weighted,13,hotel,139,1200,404,0.10380881254667662,0.2559852670349908,0.14771519659936239,139,85,312,7
LODO,hotel,weighted,42,hotel,115,1169,428,0.0895638629283489,0.21178637200736647,0.12588943623426382,115,89,332,7
LODO,hotel,weighted,123,hotel,86,1176,457,0.06814580031695722,0.15837937384898712,0.09529085872576179,86,84,366,7
LODO,hotel,weighted,777,hotel,136,1225,407,0.09992652461425422,0.2504604051565378,0.14285714285714285,136,81,315,11
LODO,hotel,weighted,2024,hotel,141,1267,402,0.10014204545454546,0.2596685082872928,0.14454126089185032,141,79,313,10
LODO,laptop,standard,13,laptop,0,311,525,0.0,0.0,0.0,0,342,183,0
LODO,laptop,standard,42,laptop,0,334,525,0.0,0.0,0.0,0,364,161,0
LODO,laptop,standard,123,laptop,0,301,525,0.0,0.0,0.0,0,346,179,0
LODO,laptop,standard,777,laptop,0,249,525,0.0,0.0,0.0,0,398,127,0
LODO,laptop,standard,2024,laptop,0,371,525,0.0,0.0,0.0,0,350,175,0
LODO,laptop,weighted,13,laptop,0,1204,525,0.0,0.0,0.0,0,106,419,0
LODO,laptop,weighted,42,laptop,0,1185,525,0.0,0.0,0.0,0,98,427,0
LODO,laptop,weighted,123,laptop,0,1241,525,0.0,0.0,0.0,0,105,420,0
LODO,laptop,weighted,777,laptop,0,1126,525,0.0,0.0,0.0,0,93,432,0
LODO,laptop,weighted,2024,laptop,0,1220,525,0.0,0.0,0.0,0,99,426,0
LODO,phone,standard,13,phone,0,550,1179,0.0,0.0,0.0,0,978,201,0
LODO,phone,standard,42,phone,0,515,1179,0.0,0.0,0.0,0,1018,161,0
LODO,phone,standard,123,phone,0,596,1179,0.0,0.0,0.0,0,983,196,0
LODO,phone,standard,777,phone,0,711,1179,0.0,0.0,0.0,0,973,206,0
LODO,phone,standard,2024,phone,0,649,1179,0.0,0.0,0.0,0,970,209,0
LODO,phone,weighted,13,phone,0,1700,1179,0.0,0.0,0.0,0,692,487,0
LODO,phone,weighted,42,phone,0,1630,1179,0.0,0.0,0.0,0,723,456,0
LODO,phone,weighted,123,phone,0,1720,1179,0.0,0.0,0.0,0,705,474,0
LODO,phone,weighted,777,phone,0,1709,1179,0.0,0.0,0.0,0,701,478,0
LODO,phone,weighted,2024,phone,0,1718,1179,0.0,0.0,0.0,0,679,500,0
LODO,restaurant,standard,13,restaurant,49,125,515,0.28160919540229884,0.08687943262411348,0.13279132791327913,49,479,32,4
LODO,restaurant,standard,42,restaurant,43,79,521,0.3524590163934426,0.07624113475177305,0.12536443148688048,43,481,36,4
LODO,restaurant,standard,123,restaurant,39,85,525,0.31451612903225806,0.06914893617021277,0.11337209302325581,39,478,43,4
LODO,restaurant,standard,777,restaurant,34,74,530,0.3148148148148148,0.06028368794326241,0.10119047619047619,34,496,30,4
LODO,restaurant,standard,2024,restaurant,54,125,510,0.3016759776536313,0.09574468085106383,0.14535666218034995,54,452,52,6
LODO,restaurant,weighted,13,restaurant,157,645,407,0.19576059850374064,0.2783687943262411,0.2298682284040995,157,135,259,13
LODO,restaurant,weighted,42,restaurant,122,701,442,0.14823815309842042,0.21631205673758866,0.17591925018024515,122,156,274,12
LODO,restaurant,weighted,123,restaurant,157,661,407,0.19193154034229828,0.2783687943262411,0.22720694645441392,157,125,267,15
LODO,restaurant,weighted,777,restaurant,142,664,422,0.1761786600496278,0.25177304964539005,0.20729927007299268,142,156,254,12
LODO,restaurant,weighted,2024,restaurant,131,651,433,0.16751918158567775,0.2322695035460993,0.1946508172362556,131,137,284,12
LODO,sight,standard,13,sight,0,262,696,0.0,0.0,0.0,0,535,161,0
LODO,sight,standard,42,sight,0,227,696,0.0,0.0,0.0,0,550,146,0
LODO,sight,standard,123,sight,0,211,696,0.0,0.0,0.0,0,603,93,0
LODO,sight,standard,777,sight,0,203,696,0.0,0.0,0.0,0,590,106,0
LODO,sight,standard,2024,sight,0,177,696,0.0,0.0,0.0,0,595,101,0
LODO,sight,weighted,13,sight,0,939,696,0.0,0.0,0.0,0,341,355,0
LODO,sight,weighted,42,sight,0,954,696,0.0,0.0,0.0,0,336,360,0
LODO,sight,weighted,123,sight,0,937,696,0.0,0.0,0.0,0,334,362,0
LODO,sight,weighted,777,sight,0,921,696,0.0,0.0,0.0,0,329,367,0
LODO,sight,weighted,2024,sight,0,783,696,0.0,0.0,0.0,0,369,327,0
