domain,split,examples,raw_triplets,unique_triplets,null_triplets,null_percentage,retained_explicit_triplets,scope_recall_upper_bound,null_only_examples,explicit_only_examples,mixed_examples,empty_examples
coursera,dev,336,372,332,104,31.325301204819276,199,0.5993975903614458,83,169,10,74
coursera,test,566,744,710,258,36.33802816901409,409,0.576056338028169,208,336,22,0
coursera,train,1278,1198,1156,417,36.07266435986159,677,0.5856401384083045,343,561,37,337
food,dev,312,338,298,182,61.07382550335571,90,0.30201342281879195,149,86,1,76
food,test,522,742,665,364,54.73684210526316,249,0.3744360902255639,285,225,12,0
food,train,1278,1075,1005,650,64.67661691542288,323,0.32139303482587067,575,295,21,387
hotel,dev,308,354,330,68,20.606060606060606,224,0.6787878787878788,47,130,11,120
hotel,test,584,975,883,247,27.97281993204983,543,0.6149490373725934,173,366,45,0
hotel,train,1255,1631,1470,361,24.5578231292517,946,0.6435374149659864,244,641,72,298
laptop,dev,326,440,404,78,19.306930693069308,308,0.7623762376237624,60,253,13,0
laptop,test,532,757,677,130,19.202363367799112,525,0.7754800590841949,99,409,24,0
laptop,train,1264,1758,1594,352,22.082810539523212,1187,0.7446675031367629,274,941,49,0
phone,dev,307,710,674,0,0.0,664,0.9851632047477745,0,256,0,51
phone,test,522,1217,1188,0,0.0,1179,0.9924242424242424,0,449,0,73
phone,train,1276,2883,2779,0,0.0,2738,0.9852464915437208,0,1073,0,203
restaurant,dev,316,507,459,97,21.132897603485837,339,0.738562091503268,77,229,10,0
restaurant,test,544,799,769,172,22.3667100130039,564,0.7334200260078023,142,380,22,0
restaurant,train,1264,1989,1838,418,22.742110990206747,1315,0.7154515778019587,320,882,62,0
sight,dev,281,320,320,46,14.375,272,0.85,27,160,18,76
sight,test,524,836,831,129,15.52346570397112,696,0.8375451263537906,79,399,46,0
sight,train,1181,1372,1364,197,14.442815249266863,1149,0.842375366568915,108,650,82,341
