setting,held_out_domain,model,seed,rarity,gold_triplets,error_rate,correct,term,category,sentiment
In-domain,all,standard,13,unseen,14,1.0,0,10,4,0
In-domain,all,standard,13,rare,169,1.0,0,105,64,0
In-domain,all,standard,13,low,393,0.9643765903307888,14,231,147,1
In-domain,all,standard,13,medium,1221,0.7395577395577395,318,694,197,12
In-domain,all,standard,13,frequent,2368,0.582347972972973,989,1250,66,63
In-domain,all,standard,42,unseen,14,1.0,0,9,5,0
In-domain,all,standard,42,rare,169,1.0,0,115,54,0
In-domain,all,standard,42,low,393,0.9745547073791349,10,242,140,1
In-domain,all,standard,42,medium,1221,0.7657657657657657,286,712,208,15
In-domain,all,standard,42,frequent,2368,0.5616554054054055,1038,1211,58,61
In-domain,all,standard,123,unseen,14,1.0,0,11,3,0
In-domain,all,standard,123,rare,169,1.0,0,107,62,0
In-domain,all,standard,123,low,393,0.9643765903307888,14,233,145,1
In-domain,all,standard,123,medium,1221,0.7264537264537265,334,655,213,19
In-domain,all,standard,123,frequent,2368,0.5625,1036,1197,69,66
In-domain,all,standard,777,unseen,14,1.0,0,10,4,0
In-domain,all,standard,777,rare,169,1.0,0,120,49,0
In-domain,all,standard,777,low,393,0.9592875318066157,16,227,149,1
In-domain,all,standard,777,medium,1221,0.7411957411957413,316,689,197,19
In-domain,all,standard,777,frequent,2368,0.5578547297297297,1047,1194,66,61
In-domain,all,standard,2024,unseen,14,1.0,0,10,4,0
In-domain,all,standard,2024,rare,169,1.0,0,106,63,0
In-domain,all,standard,2024,low,393,0.9567430025445293,17,253,122,1
In-domain,all,standard,2024,medium,1221,0.7657657657657657,286,732,189,14
In-domain,all,standard,2024,frequent,2368,0.5933277027027026,963,1296,60,49
In-domain,all,weighted,13,unseen,14,1.0,0,4,10,0
In-domain,all,weighted,13,rare,169,0.9763313609467456,4,35,130,0
In-domain,all,weighted,13,low,393,0.8498727735368956,59,98,226,10
In-domain,all,weighted,13,medium,1221,0.6560196560196561,420,317,441,43
In-domain,all,weighted,13,frequent,2368,0.4518581081081081,1298,554,373,143
In-domain,all,weighted,42,unseen,14,1.0,0,4,10,0
In-domain,all,weighted,42,rare,169,0.9526627218934911,8,39,122,0
In-domain,all,weighted,42,low,393,0.8651399491094147,53,98,234,8
In-domain,all,weighted,42,medium,1221,0.6461916461916462,432,337,409,43
In-domain,all,weighted,42,frequent,2368,0.46157094594594594,1275,548,422,123
In-domain,all,weighted,123,unseen,14,1.0,0,5,9,0
In-domain,all,weighted,123,rare,169,0.9763313609467456,4,43,121,1
In-domain,all,weighted,123,low,393,0.8575063613231553,56,95,229,13
In-domain,all,weighted,123,medium,1221,0.6478296478296478,430,312,437,42
In-domain,all,weighted,123,frequent,2368,0.4641047297297297,1269,535,432,132
In-domain,all,weighted,777,unseen,14,1.0,0,4,10,0
In-domain,all,weighted,777,rare,169,0.9763313609467456,4,41,124,0
In-domain,all,weighted,777,low,393,0.8524173027989822,58,104,222,9
In-domain,all,weighted,777,medium,1221,0.651924651924652,425,324,421,51
In-domain,all,weighted,777,frequent,2368,0.4522804054054054,1297,517,419,135
In-domain,all,weighted,2024,unseen,14,1.0,0,4,10,0
In-domain,all,weighted,2024,rare,169,0.9763313609467456,4,41,123,1
In-domain,all,weighted,2024,low,393,0.8575063613231553,56,99,228,10
In-domain,all,weighted,2024,medium,1221,0.6445536445536446,434,324,413,50
In-domain,all,weighted,2024,frequent,2368,0.4611486486486487,1276,552,407,133
LODO,coursera,standard,13,unseen,408,1.0,0,220,188,0
LODO,coursera,standard,13,rare,1,1.0,0,1,0,0
LODO,coursera,standard,13,low,0,,0,0,0,0
LODO,coursera,standard,13,medium,0,,0,0,0,0
LODO,coursera,standard,13,frequent,0,,0,0,0,0
LODO,coursera,standard,42,unseen,408,1.0,0,177,231,0
LODO,coursera,standard,42,rare,1,1.0,0,1,0,0
LODO,coursera,standard,42,low,0,,0,0,0,0
LODO,coursera,standard,42,medium,0,,0,0,0,0
LODO,coursera,standard,42,frequent,0,,0,0,0,0
LODO,coursera,standard,123,unseen,408,1.0,0,165,243,0
LODO,coursera,standard,123,rare,1,1.0,0,0,1,0
LODO,coursera,standard,123,low,0,,0,0,0,0
LODO,coursera,standard,123,medium,0,,0,0,0,0
LODO,coursera,standard,123,frequent,0,,0,0,0,0
LODO,coursera,standard,777,unseen,408,1.0,0,163,245,0
LODO,coursera,standard,777,rare,1,1.0,0,1,0,0
LODO,coursera,standard,777,low,0,,0,0,0,0
LODO,coursera,standard,777,medium,0,,0,0,0,0
LODO,coursera,standard,777,frequent,0,,0,0,0,0
LODO,coursera,standard,2024,unseen,408,1.0,0,214,194,0
LODO,coursera,standard,2024,rare,1,1.0,0,0,1,0
LODO,coursera,standard,2024,low,0,,0,0,0,0
LODO,coursera,standard,2024,medium,0,,0,0,0,0
LODO,coursera,standard,2024,frequent,0,,0,0,0,0
LODO,coursera,weighted,13,unseen,408,1.0,0,70,338,0
LODO,coursera,weighted,13,rare,1,1.0,0,0,1,0
LODO,coursera,weighted,13,low,0,,0,0,0,0
LODO,coursera,weighted,13,medium,0,,0,0,0,0
LODO,coursera,weighted,13,frequent,0,,0,0,0,0
LODO,coursera,weighted,42,unseen,408,1.0,0,68,340,0
LODO,coursera,weighted,42,rare,1,1.0,0,0,1,0
LODO,coursera,weighted,42,low,0,,0,0,0,0
LODO,coursera,weighted,42,medium,0,,0,0,0,0
LODO,coursera,weighted,42,frequent,0,,0,0,0,0
LODO,coursera,weighted,123,unseen,408,1.0,0,71,337,0
LODO,coursera,weighted,123,rare,1,1.0,0,0,1,0
LODO,coursera,weighted,123,low,0,,0,0,0,0
LODO,coursera,weighted,123,medium,0,,0,0,0,0
LODO,coursera,weighted,123,frequent,0,,0,0,0,0
LODO,coursera,weighted,777,unseen,408,1.0,0,71,337,0
LODO,coursera,weighted,777,rare,1,1.0,0,0,1,0
LODO,coursera,weighted,777,low,0,,0,0,0,0
LODO,coursera,weighted,777,medium,0,,0,0,0,0
LODO,coursera,weighted,777,frequent,0,,0,0,0,0
LODO,coursera,weighted,2024,unseen,408,1.0,0,69,339,0
LODO,coursera,weighted,2024,rare,1,1.0,0,0,1,0
LODO,coursera,weighted,2024,low,0,,0,0,0,0
LODO,coursera,weighted,2024,medium,0,,0,0,0,0
LODO,coursera,weighted,2024,frequent,0,,0,0,0,0
LODO,food,standard,13,unseen,180,1.0,0,79,101,0
LODO,food,standard,13,rare,0,,0,0,0,0
LODO,food,standard,13,low,0,,0,0,0,0
LODO,food,standard,13,medium,21,1.0,0,15,4,2
LODO,food,standard,13,frequent,48,0.47916666666666663,25,14,4,5
LODO,food,standard,42,unseen,180,1.0,0,94,86,0
LODO,food,standard,42,rare,0,,0,0,0,0
LODO,food,standard,42,low,0,,0,0,0,0
LODO,food,standard,42,medium,21,1.0,0,16,5,0
LODO,food,standard,42,frequent,48,0.5625,21,17,6,4
LODO,food,standard,123,unseen,180,1.0,0,69,111,0
LODO,food,standard,123,rare,0,,0,0,0,0
LODO,food,standard,123,low,0,,0,0,0,0
LODO,food,standard,123,medium,21,1.0,0,12,9,0
LODO,food,standard,123,frequent,48,0.47916666666666663,25,12,8,3
LODO,food,standard,777,unseen,180,1.0,0,87,93,0
LODO,food,standard,777,rare,0,,0,0,0,0
LODO,food,standard,777,low,0,,0,0,0,0
LODO,food,standard,777,medium,21,1.0,0,15,6,0
LODO,food,standard,777,frequent,48,0.5625,21,16,9,2
LODO,food,standard,2024,unseen,180,1.0,0,101,79,0
LODO,food,standard,2024,rare,0,,0,0,0,0
LODO,food,standard,2024,low,0,,0,0,0,0
LODO,food,standard,2024,medium,21,1.0,0,17,4,0
LODO,food,standard,2024,frequent,48,0.5833333333333333,20,21,6,1
LODO,food,weighted,13,unseen,180,1.0,0,30,150,0
LODO,food,weighted,13,rare,0,,0,0,0,0
LODO,food,weighted,13,low,0,,0,0,0,0
LODO,food,weighted,13,medium,21,0.9047619047619048,2,6,12,1
LODO,food,weighted,13,frequent,48,0.7291666666666667,13,9,25,1
LODO,food,weighted,42,unseen,180,1.0,0,25,155,0
LODO,food,weighted,42,rare,0,,0,0,0,0
LODO,food,weighted,42,low,0,,0,0,0,0
LODO,food,weighted,42,medium,21,0.8095238095238095,4,6,9,2
LODO,food,weighted,42,frequent,48,0.5833333333333333,20,10,14,4
LODO,food,weighted,123,unseen,180,1.0,0,34,146,0
LODO,food,weighted,123,rare,0,,0,0,0,0
LODO,food,weighted,123,low,0,,0,0,0,0
LODO,food,weighted,123,medium,21,0.9523809523809523,1,6,13,1
LODO,food,weighted,123,frequent,48,0.41666666666666663,28,7,8,5
LODO,food,weighted,777,unseen,180,1.0,0,28,152,0
LODO,food,weighted,777,rare,0,,0,0,0,0
LODO,food,weighted,777,low,0,,0,0,0,0
LODO,food,weighted,777,medium,21,0.9523809523809523,1,6,12,2
LODO,food,weighted,777,frequent,48,0.47916666666666663,25,9,11,3
LODO,food,weighted,2024,unseen,180,1.0,0,34,146,0
LODO,food,weighted,2024,rare,0,,0,0,0,0
LODO,food,weighted,2024,low,0,,0,0,0,0
LODO,food,weighted,2024,medium,21,1.0,0,6,15,0
LODO,food,weighted,2024,frequent,48,0.45833333333333337,26,10,7,5
LODO,hotel,standard,13,unseen,336,1.0,0,184,152,0
LODO,hotel,standard,13,rare,1,1.0,0,0,1,0
LODO,hotel,standard,13,low,89,1.0,0,46,43,0
LODO,hotel,standard,13,medium,0,,0,0,0,0
LODO,hotel,standard,13,frequent,117,0.23931623931623935,89,20,3,5
LODO,hotel,standard,42,unseen,336,1.0,0,197,139,0
LODO,hotel,standard,42,rare,1,1.0,0,0,1,0
LODO,hotel,standard,42,low,89,1.0,0,56,33,0
LODO,hotel,standard,42,medium,0,,0,0,0,0
LODO,hotel,standard,42,frequent,117,0.2222222222222222,91,22,0,4
LODO,hotel,standard,123,unseen,336,1.0,0,177,159,0
LODO,hotel,standard,123,rare,1,1.0,0,0,1,0
LODO,hotel,standard,123,low,89,1.0,0,34,55,0
LODO,hotel,standard,123,medium,0,,0,0,0,0
LODO,hotel,standard,123,frequent,117,0.3076923076923077,81,28,2,6
LODO,hotel,standard,777,unseen,336,1.0,0,179,157,0
LODO,hotel,standard,777,rare,1,1.0,0,0,1,0
LODO,hotel,standard,777,low,89,1.0,0,37,52,0
LODO,hotel,standard,777,medium,0,,0,0,0,0
LODO,hotel,standard,777,frequent,117,0.24786324786324787,88,21,2,6
LODO,hotel,standard,2024,unseen,336,1.0,0,163,173,0
LODO,hotel,standard,2024,rare,1,1.0,0,0,1,0
LODO,hotel,standard,2024,low,89,1.0,0,44,45,0
LODO,hotel,standard,2024,medium,0,,0,0,0,0
LODO,hotel,standard,2024,frequent,117,0.24786324786324787,88,22,1,6
LODO,hotel,weighted,13,unseen,336,1.0,0,55,281,0
LODO,hotel,weighted,13,rare,1,1.0,0,0,1,0
LODO,hotel,weighted,13,low,89,0.3707865168539326,56,15,18,0
LODO,hotel,weighted,13,medium,0,,0,0,0,0
LODO,hotel,weighted,13,frequent,117,0.29059829059829057,83,15,12,7
LODO,hotel,weighted,42,unseen,336,1.0,0,56,280,0
LODO,hotel,weighted,42,rare,1,1.0,0,0,1,0
LODO,hotel,weighted,42,low,89,0.6741573033707865,29,15,45,0
LODO,hotel,weighted,42,medium,0,,0,0,0,0
LODO,hotel,weighted,42,frequent,117,0.2649572649572649,86,18,6,7
LODO,hotel,weighted,123,unseen,336,1.0,0,56,280,0
LODO,hotel,weighted,123,rare,1,1.0,0,0,1,0
LODO,hotel,weighted,123,low,89,0.9325842696629214,6,14,69,0
LODO,hotel,weighted,123,medium,0,,0,0,0,0
LODO,hotel,weighted,123,frequent,117,0.3162393162393162,80,14,16,7
LODO,hotel,weighted,777,unseen,336,1.0,0,55,281,0
LODO,hotel,weighted,777,rare,1,1.0,0,0,1,0
LODO,hotel,weighted,777,low,89,0.4382022471910112,50,14,25,0
LODO,hotel,weighted,777,medium,0,,0,0,0,0
LODO,hotel,weighted,777,frequent,117,0.2649572649572649,86,12,8,11
LODO,hotel,weighted,2024,unseen,336,1.0,0,54,282,0
LODO,hotel,weighted,2024,rare,1,1.0,0,0,1,0
LODO,hotel,weighted,2024,low,89,0.3820224719101124,55,11,22,1
LODO,hotel,weighted,2024,medium,0,,0,0,0,0
LODO,hotel,weighted,2024,frequent,117,0.2649572649572649,86,14,8,9
LODO,laptop,standard,13,unseen,525,1.0,0,342,183,0
LODO,laptop,standard,13,rare,0,,0,0,0,0
LODO,laptop,standard,13,low,0,,0,0,0,0
LODO,laptop,standard,13,medium,0,,0,0,0,0
LODO,laptop,standard,13,frequent,0,,0,0,0,0
LODO,laptop,standard,42,unseen,525,1.0,0,364,161,0
LODO,laptop,standard,42,rare,0,,0,0,0,0
LODO,laptop,standard,42,low,0,,0,0,0,0
LODO,laptop,standard,42,medium,0,,0,0,0,0
LODO,laptop,standard,42,frequent,0,,0,0,0,0
LODO,laptop,standard,123,unseen,525,1.0,0,346,179,0
LODO,laptop,standard,123,rare,0,,0,0,0,0
LODO,laptop,standard,123,low,0,,0,0,0,0
LODO,laptop,standard,123,medium,0,,0,0,0,0
LODO,laptop,standard,123,frequent,0,,0,0,0,0
LODO,laptop,standard,777,unseen,525,1.0,0,398,127,0
LODO,laptop,standard,777,rare,0,,0,0,0,0
LODO,laptop,standard,777,low,0,,0,0,0,0
LODO,laptop,standard,777,medium,0,,0,0,0,0
LODO,laptop,standard,777,frequent,0,,0,0,0,0
LODO,laptop,standard,2024,unseen,525,1.0,0,350,175,0
LODO,laptop,standard,2024,rare,0,,0,0,0,0
LODO,laptop,standard,2024,low,0,,0,0,0,0
LODO,laptop,standard,2024,medium,0,,0,0,0,0
LODO,laptop,standard,2024,frequent,0,,0,0,0,0
LODO,laptop,weighted,13,unseen,525,1.0,0,106,419,0
LODO,laptop,weighted,13,rare,0,,0,0,0,0
LODO,laptop,weighted,13,low,0,,0,0,0,0
LODO,laptop,weighted,13,medium,0,,0,0,0,0
LODO,laptop,weighted,13,frequent,0,,0,0,0,0
LODO,laptop,weighted,42,unseen,525,1.0,0,98,427,0
LODO,laptop,weighted,42,rare,0,,0,0,0,0
LODO,laptop,weighted,42,low,0,,0,0,0,0
LODO,laptop,weighted,42,medium,0,,0,0,0,0
LODO,laptop,weighted,42,frequent,0,,0,0,0,0
LODO,laptop,weighted,123,unseen,525,1.0,0,105,420,0
LODO,laptop,weighted,123,rare,0,,0,0,0,0
LODO,laptop,weighted,123,low,0,,0,0,0,0
LODO,laptop,weighted,123,medium,0,,0,0,0,0
LODO,laptop,weighted,123,frequent,0,,0,0,0,0
LODO,laptop,weighted,777,unseen,525,1.0,0,93,432,0
LODO,laptop,weighted,777,rare,0,,0,0,0,0
LODO,laptop,weighted,777,low,0,,0,0,0,0
LODO,laptop,weighted,777,medium,0,,0,0,0,0
LODO,laptop,weighted,777,frequent,0,,0,0,0,0
LODO,laptop,weighted,2024,unseen,525,1.0,0,99,426,0
LODO,laptop,weighted,2024,rare,0,,0,0,0,0
LODO,laptop,weighted,2024,low,0,,0,0,0,0
LODO,laptop,weighted,2024,medium,0,,0,0,0,0
LODO,laptop,weighted,2024,frequent,0,,0,0,0,0
LODO,phone,standard,13,unseen,1179,1.0,0,978,201,0
LODO,phone,standard,13,rare,0,,0,0,0,0
LODO,phone,standard,13,low,0,,0,0,0,0
LODO,phone,standard,13,medium,0,,0,0,0,0
LODO,phone,standard,13,frequent,0,,0,0,0,0
LODO,phone,standard,42,unseen,1179,1.0,0,1018,161,0
LODO,phone,standard,42,rare,0,,0,0,0,0
LODO,phone,standard,42,low,0,,0,0,0,0
LODO,phone,standard,42,medium,0,,0,0,0,0
LODO,phone,standard,42,frequent,0,,0,0,0,0
LODO,phone,standard,123,unseen,1179,1.0,0,983,196,0
LODO,phone,standard,123,rare,0,,0,0,0,0
LODO,phone,standard,123,low,0,,0,0,0,0
LODO,phone,standard,123,medium,0,,0,0,0,0
LODO,phone,standard,123,frequent,0,,0,0,0,0
LODO,phone,standard,777,unseen,1179,1.0,0,973,206,0
LODO,phone,standard,777,rare,0,,0,0,0,0
LODO,phone,standard,777,low,0,,0,0,0,0
LODO,phone,standard,777,medium,0,,0,0,0,0
LODO,phone,standard,777,frequent,0,,0,0,0,0
LODO,phone,standard,2024,unseen,1179,1.0,0,970,209,0
LODO,phone,standard,2024,rare,0,,0,0,0,0
LODO,phone,standard,2024,low,0,,0,0,0,0
LODO,phone,standard,2024,medium,0,,0,0,0,0
LODO,phone,standard,2024,frequent,0,,0,0,0,0
LODO,phone,weighted,13,unseen,1179,1.0,0,692,487,0
LODO,phone,weighted,13,rare,0,,0,0,0,0
LODO,phone,weighted,13,low,0,,0,0,0,0
LODO,phone,weighted,13,medium,0,,0,0,0,0
LODO,phone,weighted,13,frequent,0,,0,0,0,0
LODO,phone,weighted,42,unseen,1179,1.0,0,723,456,0
LODO,phone,weighted,42,rare,0,,0,0,0,0
LODO,phone,weighted,42,low,0,,0,0,0,0
LODO,phone,weighted,42,medium,0,,0,0,0,0
LODO,phone,weighted,42,frequent,0,,0,0,0,0
LODO,phone,weighted,123,unseen,1179,1.0,0,705,474,0
LODO,phone,weighted,123,rare,0,,0,0,0,0
LODO,phone,weighted,123,low,0,,0,0,0,0
LODO,phone,weighted,123,medium,0,,0,0,0,0
LODO,phone,weighted,123,frequent,0,,0,0,0,0
LODO,phone,weighted,777,unseen,1179,1.0,0,701,478,0
LODO,phone,weighted,777,rare,0,,0,0,0,0
LODO,phone,weighted,777,low,0,,0,0,0,0
LODO,phone,weighted,777,medium,0,,0,0,0,0
LODO,phone,weighted,777,frequent,0,,0,0,0,0
LODO,phone,weighted,2024,unseen,1179,1.0,0,679,500,0
LODO,phone,weighted,2024,rare,0,,0,0,0,0
LODO,phone,weighted,2024,low,0,,0,0,0,0
LODO,phone,weighted,2024,medium,0,,0,0,0,0
LODO,phone,weighted,2024,frequent,0,,0,0,0,0
LODO,restaurant,standard,13,unseen,162,1.0,0,146,16,0
LODO,restaurant,standard,13,rare,10,1.0,0,10,0,0
LODO,restaurant,standard,13,low,37,1.0,0,37,0,0
LODO,restaurant,standard,13,medium,249,1.0,0,234,15,0
LODO,restaurant,standard,13,frequent,106,0.5377358490566038,49,52,1,4
LODO,restaurant,standard,42,unseen,162,1.0,0,148,14,0
LODO,restaurant,standard,42,rare,10,1.0,0,10,0,0
LODO,restaurant,standard,42,low,37,1.0,0,37,0,0
LODO,restaurant,standard,42,medium,249,1.0,0,227,22,0
LODO,restaurant,standard,42,frequent,106,0.5943396226415094,43,59,0,4
LODO,restaurant,standard,123,unseen,162,1.0,0,147,15,0
LODO,restaurant,standard,123,rare,10,1.0,0,10,0,0
LODO,restaurant,standard,123,low,37,1.0,0,37,0,0
LODO,restaurant,standard,123,medium,249,1.0,0,222,27,0
LODO,restaurant,standard,123,frequent,106,0.6320754716981132,39,62,1,4
LODO,restaurant,standard,777,unseen,162,1.0,0,143,19,0
LODO,restaurant,standard,777,rare,10,1.0,0,10,0,0
LODO,restaurant,standard,777,low,37,1.0,0,37,0,0
LODO,restaurant,standard,777,medium,249,1.0,0,239,10,0
LODO,restaurant,standard,777,frequent,106,0.679245283018868,34,67,1,4
LODO,restaurant,standard,2024,unseen,162,1.0,0,140,22,0
LODO,restaurant,standard,2024,rare,10,1.0,0,10,0,0
LODO,restaurant,standard,2024,low,37,1.0,0,37,0,0
LODO,restaurant,standard,2024,medium,249,1.0,0,219,30,0
LODO,restaurant,standard,2024,frequent,106,0.49056603773584906,54,46,0,6
LODO,restaurant,weighted,13,unseen,162,1.0,0,52,110,0
LODO,restaurant,weighted,13,rare,10,1.0,0,3,7,0
LODO,restaurant,weighted,13,low,37,1.0,0,9,28,0
LODO,restaurant,weighted,13,medium,249,0.6305220883534137,92,62,89,6
LODO,restaurant,weighted,13,frequent,106,0.3867924528301887,65,9,25,7
LODO,restaurant,weighted,42,unseen,162,1.0,0,68,94,0
LODO,restaurant,weighted,42,rare,10,1.0,0,3,7,0
LODO,restaurant,weighted,42,low,37,0.9189189189189189,3,7,25,2
LODO,restaurant,weighted,42,medium,249,0.7389558232931727,65,69,110,5
LODO,restaurant,weighted,42,frequent,106,0.49056603773584906,54,9,38,5
LODO,restaurant,weighted,123,unseen,162,1.0,0,49,113,0
LODO,restaurant,weighted,123,rare,10,1.0,0,3,7,0
LODO,restaurant,weighted,123,low,37,0.972972972972973,1,8,28,0
LODO,restaurant,weighted,123,medium,249,0.6626506024096386,84,53,105,7
LODO,restaurant,weighted,123,frequent,106,0.3207547169811321,72,12,14,8
LODO,restaurant,weighted,777,unseen,162,1.0,0,63,99,0
LODO,restaurant,weighted,777,rare,10,1.0,0,4,6,0
LODO,restaurant,weighted,777,low,37,0.972972972972973,1,12,21,3
LODO,restaurant,weighted,777,medium,249,0.7269076305220883,68,66,113,2
LODO,restaurant,weighted,777,frequent,106,0.3113207547169812,73,11,15,7
LODO,restaurant,weighted,2024,unseen,162,1.0,0,54,108,0
LODO,restaurant,weighted,2024,rare,10,1.0,0,3,7,0
LODO,restaurant,weighted,2024,low,37,1.0,0,6,31,0
LODO,restaurant,weighted,2024,medium,249,0.7228915662650602,69,64,111,5
LODO,restaurant,weighted,2024,frequent,106,0.41509433962264153,62,10,27,7
LODO,sight,standard,13,unseen,696,1.0,0,535,161,0
LODO,sight,standard,13,rare,0,,0,0,0,0
LODO,sight,standard,13,low,0,,0,0,0,0
LODO,sight,standard,13,medium,0,,0,0,0,0
LODO,sight,standard,13,frequent,0,,0,0,0,0
LODO,sight,standard,42,unseen,696,1.0,0,550,146,0
LODO,sight,standard,42,rare,0,,0,0,0,0
LODO,sight,standard,42,low,0,,0,0,0,0
LODO,sight,standard,42,medium,0,,0,0,0,0
LODO,sight,standard,42,frequent,0,,0,0,0,0
LODO,sight,standard,123,unseen,696,1.0,0,603,93,0
LODO,sight,standard,123,rare,0,,0,0,0,0
LODO,sight,standard,123,low,0,,0,0,0,0
LODO,sight,standard,123,medium,0,,0,0,0,0
LODO,sight,standard,123,frequent,0,,0,0,0,0
LODO,sight,standard,777,unseen,696,1.0,0,590,106,0
LODO,sight,standard,777,rare,0,,0,0,0,0
LODO,sight,standard,777,low,0,,0,0,0,0
LODO,sight,standard,777,medium,0,,0,0,0,0
LODO,sight,standard,777,frequent,0,,0,0,0,0
LODO,sight,standard,2024,unseen,696,1.0,0,595,101,0
LODO,sight,standard,2024,rare,0,,0,0,0,0
LODO,sight,standard,2024,low,0,,0,0,0,0
LODO,sight,standard,2024,medium,0,,0,0,0,0
LODO,sight,standard,2024,frequent,0,,0,0,0,0
LODO,sight,weighted,13,unseen,696,1.0,0,341,355,0
LODO,sight,weighted,13,rare,0,,0,0,0,0
LODO,sight,weighted,13,low,0,,0,0,0,0
LODO,sight,weighted,13,medium,0,,0,0,0,0
LODO,sight,weighted,13,frequent,0,,0,0,0,0
LODO,sight,weighted,42,unseen,696,1.0,0,336,360,0
LODO,sight,weighted,42,rare,0,,0,0,0,0
LODO,sight,weighted,42,low,0,,0,0,0,0
LODO,sight,weighted,42,medium,0,,0,0,0,0
LODO,sight,weighted,42,frequent,0,,0,0,0,0
LODO,sight,weighted,123,unseen,696,1.0,0,334,362,0
LODO,sight,weighted,123,rare,0,,0,0,0,0
LODO,sight,weighted,123,low,0,,0,0,0,0
LODO,sight,weighted,123,medium,0,,0,0,0,0
LODO,sight,weighted,123,frequent,0,,0,0,0,0
LODO,sight,weighted,777,unseen,696,1.0,0,329,367,0
LODO,sight,weighted,777,rare,0,,0,0,0,0
LODO,sight,weighted,777,low,0,,0,0,0,0
LODO,sight,weighted,777,medium,0,,0,0,0,0
LODO,sight,weighted,777,frequent,0,,0,0,0,0
LODO,sight,weighted,2024,unseen,696,1.0,0,369,327,0
LODO,sight,weighted,2024,rare,0,,0,0,0,0
LODO,sight,weighted,2024,low,0,,0,0,0,0
LODO,sight,weighted,2024,medium,0,,0,0,0,0
LODO,sight,weighted,2024,frequent,0,,0,0,0,0
