mode,domain,baseline,seed,evaluation_scope,phase2_trial_id,phase2_recipe,explicit_gold,null_gold,phase1_best_epoch,phase2_best_epoch,phase1_explicit_f1,phase2_explicit_f1,explicit_f1_delta_pp,phase1_explicit_precision,phase2_explicit_precision,explicit_precision_delta_pp,phase1_explicit_recall,phase2_explicit_recall,explicit_recall_delta_pp,phase1_null_f1,phase2_null_f1,null_f1_delta_pp,phase1_combined_f1,phase2_combined_f1,combined_f1_delta_pp,phase1_term_f1,phase2_term_f1,term_f1_delta_pp,phase1_term_category_f1,phase2_term_category_f1,term_category_f1_delta_pp,phase1_term_sentiment_f1,phase2_term_sentiment_f1,term_sentiment_f1_delta_pp,phase1_known_category_coverage,phase2_known_category_coverage,known_category_coverage_delta_pp,phase1_rare_recall,phase2_rare_recall,rare_recall_delta_pp,phase1_term_errors,phase2_term_errors,phase1_category_errors,phase2_category_errors,phase1_sentiment_errors,phase2_sentiment_errors,phase1_rare_gold,phase2_rare_gold
indomain,all_domains,standard,13,same_corrected_phase2_gold,mixed_025_da1a88a51a5f,mixed_025,1855,575,5,5,0.3061662198391421,0.3635993485342019,5.743312869505979,0.3045333333333333,0.2921164540399084,-1.2416879293424943,0.3078167115902965,0.4814016172506739,17.358490566037737,0.0,0.0,0.0,0.26527293844367017,0.3254966283943867,6.022368995071653,0.4416980118216013,0.5350448247758761,9.334681295427483,0.330738255033557,0.39478508861275213,6.40468335791951,0.40622484572041856,0.48829159030747304,8.206674458705448,0.9935309973045822,0.9935309973045822,0.0,0.0,0.0,0.0,1033,542,206,344,45,76,83,104
indomain,all_domains,weighted,13,same_corrected_phase2_gold,mixed_025_da1a88a51a5f,mixed_025,1855,575,4,5,0.21764625664802945,0.3635993485342019,14.595309188617245,0.1456736035049288,0.2921164540399084,14.644285053497958,0.43018867924528303,0.4814016172506739,5.121293800539084,0.0,0.0,0.0,0.20182094081942337,0.3254966283943867,12.367568757496333,0.3854266538830297,0.5350448247758761,14.96181708928464,0.2396174863387978,0.39478508861275213,15.516760227395432,0.34244329051653455,0.48829159030747304,14.58482997909385,0.9935309973045822,0.9935309973045822,0.0,0.012048192771084338,0.0,-1.2048192771084338,448,542,530,344,79,76,83,104
indomain,all_domains,standard,42,same_corrected_phase2_gold,mixed_025_da1a88a51a5f,mixed_025,1855,575,5,5,0.31179925253603846,0.37542087542087543,6.362162288483697,0.30883130618720256,0.3079047290300311,-0.0926577157171482,0.3148247978436658,0.48086253369272236,16.603773584905657,0.0,0.0,0.0,0.27030779912057395,0.33489769100807215,6.45898918874982,0.4410585404971933,0.5393684210526316,9.830988055543832,0.3377872795296633,0.4045464112818354,6.675913175217207,0.4064085447263017,0.4975794569564302,9.117091223012846,0.9935309973045822,0.9935309973045822,0.0,0.0,0.009615384615384616,0.9615384615384616,1030,574,193,320,48,69,83,104
indomain,all_domains,weighted,42,same_corrected_phase2_gold,mixed_025_da1a88a51a5f,mixed_025,1855,575,5,5,0.22306932090921927,0.37542087542087543,15.235155451165616,0.15110941086457536,0.3079047290300311,15.679531816545571,0.42587601078167114,0.48086253369272236,5.498652291105122,0.0,0.0,0.0,0.2063201880386524,0.33489769100807215,12.857750296941974,0.39409845368137325,0.5393684210526316,14.526996737125836,0.2470288624787776,0.4045464112818354,15.751754880305779,0.35026170604045836,0.4975794569564302,14.731775091597182,0.9935309973045822,0.9935309973045822,0.0,0.04819277108433735,0.009615384615384616,-3.8577386468952737,466,574,516,320,83,69,83,104
indomain,all_domains,standard,123,same_corrected_phase2_gold,mixed_025_da1a88a51a5f,mixed_025,1855,575,5,5,0.3247770872737098,0.3739094308267553,4.913234355304552,0.32556879739978334,0.3041568097330179,-2.141198766676544,0.323989218328841,0.48517520215633425,16.118598382749326,0.0,0.0,0.0,0.28110383536014966,0.33401373167563553,5.290989631548587,0.46765899864682003,0.5440565253532834,7.639752670646338,0.3515413737155219,0.40390608767920216,5.236471396368025,0.429421308815576,0.49771499792272533,6.829368910714933,0.9935309973045822,0.9935309973045822,0.0,0.0,0.009615384615384616,0.9615384615384616,991,546,214,337,49,72,83,104
indomain,all_domains,weighted,123,same_corrected_phase2_gold,mixed_025_da1a88a51a5f,mixed_025,1855,575,5,5,0.2232130416608611,0.3739094308267553,15.069638916589422,0.15050732807215333,0.3041568097330179,15.364948166086457,0.43180592991913747,0.48517520215633425,5.3369272237196785,0.0,0.0,0.0,0.206656346749226,0.33401373167563553,12.735738492640952,0.3947884561501821,0.5440565253532834,14.926806920310131,0.24578044357650997,0.40390608767920216,15.81256441026922,0.349636668529905,0.49771499792272533,14.807832939282035,0.9935309973045822,0.9935309973045822,0.0,0.08433734939759036,0.009615384615384616,-7.4721964782205745,446,546,528,337,80,72,83,104
indomain,all_domains,standard,2024,same_corrected_phase2_gold,mixed_025_da1a88a51a5f,mixed_025,1855,575,5,4,0.30503833515881706,0.37225042301184436,6.721208785302729,0.3099610461880913,0.30630003480682216,-0.3661011381269119,0.30026954177897575,0.4743935309973046,17.41239892183288,0.0,0.0,0.0,0.26354388455169153,0.3318876107863473,6.834372623465579,0.4306088864509051,0.5372565622353938,10.664767578448863,0.3256578947368421,0.3996613039796782,7.4003409242836105,0.39835616438356164,0.4978849407783418,9.952877639478015,0.9935309973045822,0.9935309973045822,0.0,0.0,0.009615384615384616,0.9615384615384616,1070,586,191,325,37,64,83,104
indomain,all_domains,weighted,2024,same_corrected_phase2_gold,mixed_025_da1a88a51a5f,mixed_025,1855,575,5,4,0.22603516732841747,0.37225042301184436,14.621525568342689,0.15335770636905907,0.30630003480682216,15.294232843776308,0.4296495956873315,0.4743935309973046,4.474393530997306,0.0,0.0,0.0,0.2089943621345221,0.3318876107863473,12.289324865182522,0.39412519606445173,0.5372565622353938,14.313136617094202,0.24950269963057686,0.3996613039796782,15.015860434910133,0.3493101976959181,0.4978849407783418,14.857474308242368,0.9935309973045822,0.9935309973045822,0.0,0.04819277108433735,0.009615384615384616,-3.8577386468952737,473,586,504,325,81,64,83,104
indomain,all_domains,standard,777,same_corrected_phase2_gold,mixed_025_da1a88a51a5f,mixed_025,1855,575,5,4,0.31051930758988017,0.37007376185458374,5.955445426470357,0.3068421052631579,0.3038062283737024,-0.3035876889455502,0.3142857142857143,0.4733153638814016,15.902964959568733,0.0,0.0,0.0,0.269284064665127,0.3300751879699248,6.07911233047978,0.4388681260010678,0.5377796538623891,9.891152786132135,0.3327112769928019,0.3987341772151899,6.602290022238799,0.4073580378565716,0.49578414839797635,8.842611054140475,0.9935309973045822,0.9935309973045822,0.0,0.0,0.009615384615384616,0.9615384615384616,1033,581,198,329,41,67,83,104
indomain,all_domains,weighted,777,same_corrected_phase2_gold,mixed_025_da1a88a51a5f,mixed_025,1855,575,4,4,0.21819158941287115,0.37007376185458374,15.188217244171259,0.14531138153185397,0.3038062283737024,15.849484684184844,0.4377358490566038,0.4733153638814016,3.557951482479782,0.0,0.0,0.0,0.2025442753803941,0.3300751879699248,12.75309125895307,0.38140289228274094,0.5377796538623891,15.637676157964819,0.2391597091300835,0.3987341772151899,15.957446808510639,0.33732992051731103,0.49578414839797635,15.845422788066532,0.9935309973045822,0.9935309973045822,0.0,0.024096385542168676,0.009615384615384616,-1.448100092678406,444,581,523,329,76,67,83,104
crossdomain,coursera,standard,13,same_corrected_phase2_gold,mixed_025_da1a88a51a5f,mixed_025,1682,471,5,5,0.29271171437002064,0.3589047295768273,6.619301520680665,0.29056824838898654,0.2897332846181951,-0.08349637707914526,0.29488703923900117,0.4714625445897741,17.65755053507729,0.0,0.0,0.0,0.25699481865284973,0.3243353783231084,6.734055967025865,0.428190701806337,0.5152957171991843,8.710501539284731,0.3173758865248227,0.3877689694224235,7.039308289760083,0.39503252513305737,0.4748755092802173,7.984298414715996,0.9934601664684899,0.9934601664684899,0.0,0.0,0.0,0.0,959,545,186,281,41,63,71,90
crossdomain,coursera,weighted,13,same_corrected_phase2_gold,mixed_025_da1a88a51a5f,mixed_025,1682,471,5,5,0.21692169216921692,0.3589047295768273,14.198303740761038,0.14506420545746387,0.2897332846181951,14.46690791607312,0.42984542211652793,0.4714625445897741,4.161712247324617,0.0,0.0,0.0,0.20260613703236655,0.3243353783231084,12.172924129074184,0.37620772946859904,0.5152957171991843,13.908798773058528,0.238796992481203,0.3877689694224235,14.897197694122049,0.3355401745410773,0.4748755092802173,13.933533473914,0.9934601664684899,0.9934601664684899,0.0,0.028169014084507043,0.0,-2.8169014084507045,436,545,452,281,71,63,71,90
crossdomain,coursera,standard,42,same_corrected_phase2_gold,mixed_025_da1a88a51a5f,mixed_025,1682,471,5,5,0.287396937573616,0.3630897317298798,7.5692794156263785,0.2847141190198366,0.29712339137017413,1.2409272350337508,0.2901307966706302,0.4667063020214031,17.65755053507729,0.0,0.0,0.0,0.25239203516938197,0.3274244004171012,7.503236524771922,0.41263282172373084,0.5281445448227935,11.551172309906265,0.30669419050427604,0.39527887063179823,8.858468012752219,0.3831417624521073,0.4832214765100671,10.00797140579598,0.9934601664684899,0.9934601664684899,0.0,0.0,0.011111111111111112,1.1111111111111112,983,542,179,286,32,69,71,90
crossdomain,coursera,weighted,42,same_corrected_phase2_gold,mixed_025_da1a88a51a5f,mixed_025,1682,471,5,5,0.22103004291845493,0.3630897317298798,14.205968881142486,0.14890541098719537,0.29712339137017413,14.821798038297876,0.4286563614744352,0.4667063020214031,3.8049940546967917,0.0,0.0,0.0,0.20614724803431023,0.3274244004171012,12.127715238279096,0.38858905165767155,0.5281445448227935,13.955549316512194,0.2451989552926717,0.39527887063179823,15.007991533912653,0.3441388846212936,0.4832214765100671,13.908259188877349,0.9934601664684899,0.9934601664684899,0.0,0.056338028169014086,0.011111111111111112,-4.522691705790297,422,542,462,286,77,69,71,90
crossdomain,coursera,standard,123,same_corrected_phase2_gold,mixed_025_da1a88a51a5f,mixed_025,1682,471,5,5,0.3121185701830863,0.3706739526411657,5.8555382458079395,0.305287094940307,0.3003690036900369,-0.4918091250270096,0.3192627824019025,0.4839476813317479,16.468489892984543,0.0,0.0,0.0,0.2745398773006135,0.33477277400781413,6.023289670720061,0.45181950509461427,0.533728350045579,8.190884495096467,0.33507853403141363,0.40109389243391064,6.6015358402497,0.41652123327516,0.48998178506375223,7.346055178859223,0.9934601664684899,0.9934601664684899,0.0,0.0,0.022222222222222223,2.2222222222222223,906,511,200,291,39,66,71,90
crossdomain,coursera,weighted,123,same_corrected_phase2_gold,mixed_025_da1a88a51a5f,mixed_025,1682,471,5,5,0.23442773857011354,0.3706739526411657,13.624621407105217,0.15798180314309346,0.3003690036900369,14.238720054694342,0.45422116527942924,0.4839476813317479,2.9726516052318686,0.0,0.0,0.0,0.2186292745743311,0.33477277400781413,11.614349943348303,0.39060568603213847,0.533728350045579,14.312266401344049,0.25919655225488686,0.40109389243391064,14.189734017902378,0.34707692307692306,0.48998178506375223,14.290486198682917,0.9934601664684899,0.9934601664684899,0.0,0.04225352112676056,0.022222222222222223,-2.003129890453834,418,511,422,291,78,66,71,90
crossdomain,coursera,standard,2024,same_corrected_phase2_gold,mixed_025_da1a88a51a5f,mixed_025,1682,471,5,5,0.2848786194793799,0.3582021446497833,7.332352517040336,0.28036845135290733,0.29063309885227695,1.0264647499369617,0.28953626634958385,0.4667063020214031,17.717003567181926,0.0,0.0,0.0,0.25038560411311056,0.3234445817882159,7.305897767510533,0.41784037558685444,0.5270609728248458,10.922059723799132,0.31008206330597887,0.39095683946106424,8.087477615508536,0.3830161054172767,0.4809491216062058,9.793301618892908,0.9934601664684899,0.9934601664684899,0.0,0.0,0.0,0.0,970,528,183,298,42,71,71,90
crossdomain,coursera,weighted,2024,same_corrected_phase2_gold,mixed_025_da1a88a51a5f,mixed_025,1682,471,5,5,0.21764346764346765,0.3582021446497833,14.055867700631563,0.14640657084188913,0.29063309885227695,14.422652801038783,0.4239001189060642,0.4667063020214031,4.280618311533891,0.0,0.0,0.0,0.20304713085575965,0.3234445817882159,12.039745093245624,0.3825153374233129,0.5270609728248458,14.454563540153288,0.24029348822989913,0.39095683946106424,15.066335123116511,0.3387911247130834,0.4809491216062058,14.215799689312236,0.9934601664684899,0.9934601664684899,0.0,0.04225352112676056,0.0,-4.225352112676056,435,528,461,298,73,71,71,90
crossdomain,coursera,standard,777,same_corrected_phase2_gold,mixed_025_da1a88a51a5f,mixed_025,1682,471,5,4,0.3080118694362018,0.3639367476988435,5.59248782626417,0.3074644549763033,0.30176125244618396,-0.5703202530119356,0.3085612366230678,0.4583828775267539,14.98216409036861,0.0,0.0,0.0,0.27024212444675866,0.32752761257434154,5.728548812758288,0.43822566239952365,0.5319148936170213,9.368923121749761,0.3284823284823285,0.3968816442239546,6.839931574162611,0.4061849539101992,0.48642266824085006,8.023771433065086,0.9934601664684899,0.9934601664684899,0.0,0.0,0.011111111111111112,1.1111111111111112,946,557,183,285,34,69,71,90
crossdomain,coursera,weighted,777,same_corrected_phase2_gold,mixed_025_da1a88a51a5f,mixed_025,1682,471,5,4,0.2118314908873618,0.3639367476988435,15.210525681148168,0.14146049481245013,0.30176125244618396,16.030075763373382,0.4215219976218787,0.4583828775267539,3.686087990487519,0.0,0.0,0.0,0.19790648988136775,0.32752761257434154,12.96211226929738,0.3773868591189295,0.5319148936170213,15.452803449809178,0.23659778376759508,0.3968816442239546,16.028386045635955,0.33228464419475656,0.48642266824085006,15.413802404609351,0.9934601664684899,0.9934601664684899,0.0,0.04225352112676056,0.011111111111111112,-3.114241001564945,427,557,465,285,81,69,71,90
crossdomain,hotel,standard,13,same_corrected_phase2_gold,mixed_025_da1a88a51a5f,mixed_025,1673,507,4,5,0.29546946815495734,0.36904761904761907,7.357815089266174,0.3277494537509104,0.29907235621521333,-2.8677097535697085,0.26897788404064554,0.48176927674835623,21.27913927077107,0.0,0.0,0.0,0.2533070644525753,0.33066666666666666,7.7359602214091385,0.40789473684210525,0.5322026128810452,12.430787603893995,0.3147174770039422,0.40036646816307836,8.564899115913615,0.3800131492439185,0.4878607420980302,10.784759285411171,0.9940227136879857,0.9940227136879857,0.0,0.0,0.0,0.0,1053,512,141,287,29,68,71,74
crossdomain,hotel,weighted,13,same_corrected_phase2_gold,mixed_025_da1a88a51a5f,mixed_025,1673,507,5,5,0.21550946798917944,0.36904761904761907,15.353815105843962,0.1439469985946597,0.29907235621521333,15.512535762055363,0.42857142857142855,0.48176927674835623,5.319784817692769,0.0,0.0,0.0,0.20025136154168413,0.33066666666666666,13.041530512498253,0.37645634740505374,0.5322026128810452,15.574626547599147,0.23754327863916905,0.40036646816307836,16.28231895239093,0.33142340168878165,0.4878607420980302,15.643734040924857,0.9940227136879857,0.9940227136879857,0.0,0.028169014084507043,0.0,-2.8169014084507045,429,512,455,287,72,68,71,74
crossdomain,hotel,standard,42,same_corrected_phase2_gold,mixed_025_da1a88a51a5f,mixed_025,1673,507,4,5,0.27393785668991755,0.3717020779827223,9.776422129280476,0.29169480081026333,0.3049808429118774,1.3286042101614048,0.2582187686790197,0.4757919904363419,21.75732217573222,0.0,0.0,0.0,0.23600109259765092,0.3323590814196242,9.63579888219733,0.39123531279771356,0.5492760392340028,15.804072643628924,0.2945096794668359,0.4053233714685968,11.08136920017609,0.3597715736040609,0.49871585337380353,13.89442797697426,0.9940227136879857,0.9940227136879857,0.0,0.0,0.02702702702702703,2.7027027027027026,1057,497,152,308,32,72,71,74
crossdomain,hotel,weighted,42,same_corrected_phase2_gold,mixed_025_da1a88a51a5f,mixed_025,1673,507,5,5,0.22688946803617968,0.3717020779827223,14.481260994654264,0.15257731958762888,0.3049808429118774,15.24035233242485,0.44231918708906154,0.4757919904363419,3.347280334728037,0.0,0.0,0.0,0.21052631578947367,0.3323590814196242,12.183276563015056,0.38792173779078726,0.5492760392340028,16.135430144321557,0.250230273257599,0.4053233714685968,15.509309821099782,0.34096144985409305,0.49871585337380353,15.77544035197105,0.9940227136879857,0.9940227136879857,0.0,0.056338028169014086,0.02702702702702703,-2.931100114198706,414,497,444,308,75,72,71,74
crossdomain,hotel,standard,123,same_corrected_phase2_gold,mixed_025_da1a88a51a5f,mixed_025,1673,507,5,5,0.3033639143730887,0.37114358617490145,6.777967180181276,0.3105823418910457,0.3032600454890068,-0.7322296402038908,0.2964734010759115,0.4781829049611476,18.17095038852361,0.0,0.0,0.0,0.2626423087106169,0.33208800332088,6.944569461026312,0.43920367534456356,0.5387470997679814,9.954342442341785,0.327517600244873,0.4037122969837587,7.619469673888574,0.40208078335373315,0.49037346323358855,8.82926798798554,0.9940227136879857,0.9940227136879857,0.0,0.0,0.02702702702702703,2.7027027027027026,956,512,182,291,39,70,71,74
crossdomain,hotel,weighted,123,same_corrected_phase2_gold,mixed_025_da1a88a51a5f,mixed_025,1673,507,4,5,0.22194897018137105,0.37114358617490145,14.91946159935304,0.1493896130767639,0.3032600454890068,15.38704324122429,0.43156007172743577,0.4781829049611476,4.662283323371186,0.0,0.0,0.0,0.2059033224012548,0.33208800332088,12.61846809196252,0.3894980694980695,0.5387470997679814,14.924903026991194,0.24795934082858462,0.4037122969837587,15.57529561551741,0.3415460425007699,0.49037346323358855,14.882742073281863,0.9940227136879857,0.9940227136879857,0.0,0.07042253521126761,0.02702702702702703,-4.339550818424058,412,512,456,291,83,70,71,74
crossdomain,hotel,standard,2024,same_corrected_phase2_gold,mixed_025_da1a88a51a5f,mixed_025,1673,507,4,5,0.29800695982284087,0.3666433729326811,6.8636413109840255,0.3165322580645161,0.300381679389313,-1.6150578675203142,0.28153018529587565,0.47041243275552896,18.88822474596533,0.0,0.0,0.0,0.2568157033805889,0.32791666666666663,7.110096328607773,0.4309252217997465,0.5356643356643357,10.473911386458918,0.32488917036098797,0.39757632253553943,7.268715217455146,0.39632795188350745,0.49056603773584895,9.42380858523415,0.9940227136879857,0.9940227136879857,0.0,0.0,0.013513513513513514,1.3513513513513513,993,524,167,296,42,66,71,74
crossdomain,hotel,weighted,2024,same_corrected_phase2_gold,mixed_025_da1a88a51a5f,mixed_025,1673,507,5,5,0.2222222222222222,0.3666433729326811,14.44211507104589,0.1494229183841715,0.300381679389313,15.09587610051415,0.43335325762104004,0.47041243275552896,3.7059175134488918,0.0,0.0,0.0,0.20620022753128556,0.32791666666666663,12.171643913538107,0.3803945745992602,0.5356643356643357,15.52697610650755,0.24324324324324326,0.39757632253553943,15.433307929229617,0.33768628053464433,0.49056603773584895,15.28797572012046,0.9940227136879857,0.9940227136879857,0.0,0.07042253521126761,0.013513513513513514,-5.690902169775409,439,524,442,296,67,66,71,74
crossdomain,hotel,standard,777,same_corrected_phase2_gold,mixed_025_da1a88a51a5f,mixed_025,1673,507,5,5,0.3039607000307031,0.3760723394389056,7.211163940820253,0.3125,0.3071969696969697,-0.5303030303030309,0.2958756724447101,0.4847579199043634,18.88822474596533,0.0,0.0,0.0,0.2630180658873539,0.33651452282157673,7.349645693422286,0.4360393603936039,0.5389972144846796,10.295785409107571,0.32688172043010755,0.4102088167053364,8.332709627522883,0.4006144393241167,0.4892186413169488,8.860420199283208,0.9940227136879857,0.9940227136879857,0.0,0.0,0.0,0.0,964,512,177,277,37,73,71,74
crossdomain,hotel,weighted,777,same_corrected_phase2_gold,mixed_025_da1a88a51a5f,mixed_025,1673,507,5,5,0.22122031860535016,0.3760723394389056,15.485202083355546,0.1477614936759687,0.3071969696969697,15.9435476021001,0.4399282725642558,0.4847579199043634,4.482964734010758,0.0,0.0,0.0,0.20555788297723782,0.33651452282157673,13.095663984433891,0.38108189785433666,0.5389972144846796,15.791531663034297,0.24476892970043654,0.4102088167053364,16.543988700489983,0.3357950263752826,0.4892186413169488,15.342361494166623,0.9940227136879857,0.9940227136879857,0.0,0.04225352112676056,0.0,-4.225352112676056,412,512,448,277,77,73,71,74
crossdomain,laptop,standard,13,same_corrected_phase2_gold,mixed_025_da1a88a51a5f,mixed_025,1570,497,5,5,0.33025708635464734,0.37235810971265737,4.210102335801002,0.3422131147540984,0.29685725104127225,-4.535586371282613,0.31910828025477705,0.49936305732484076,18.02547770700637,0.0,0.0,0.0,0.28377230246389124,0.3330501274426508,4.927782497875954,0.42965905329361137,0.5,7.034094670638863,0.3581103402708953,0.40466000951022346,4.654966923932818,0.39696169088507266,0.45854122119268237,6.157953030760971,0.9974522292993631,0.9974522292993631,0.0,0.0,0.029411764705882353,2.941176470588235,921,519,107,200,41,67,48,68
crossdomain,laptop,weighted,13,same_corrected_phase2_gold,mixed_025_da1a88a51a5f,mixed_025,1570,497,5,5,0.2282862934663964,0.37235810971265737,14.407181624626098,0.1511459838942804,0.29685725104127225,14.571126714699185,0.4662420382165605,0.49936305732484076,3.3121019108280247,0.0,0.0,0.0,0.21186685962373372,0.3330501274426508,12.118326781891705,0.36500470366886173,0.5,13.499529633113827,0.2543352601156069,0.40466000951022346,15.032474939461654,0.3241131426785435,0.45854122119268237,13.442807851413885,0.9974522292993631,0.9974522292993631,0.0,0.10416666666666667,0.029411764705882353,-7.475490196078432,406,519,350,200,82,67,48,68
crossdomain,laptop,standard,42,same_corrected_phase2_gold,mixed_025_da1a88a51a5f,mixed_025,1570,497,5,5,0.3226020577497511,0.367394879022786,4.479282127303491,0.3367983367983368,0.291030889467808,-4.576744733052884,0.3095541401273885,0.4980891719745223,18.85350318471338,0.0,0.0,0.0,0.27692307692307694,0.3289861169541439,5.206304003106698,0.4234354194407457,0.5060014120969639,8.256599265621823,0.3496178132269857,0.40225829216654907,5.264047893956336,0.38896276595744683,0.45864661654135336,6.968385058390653,0.9974522292993631,0.9974522292993631,0.0,0.0,0.014705882352941176,1.4705882352941175,934,495,110,220,40,73,48,68
crossdomain,laptop,weighted,42,same_corrected_phase2_gold,mixed_025_da1a88a51a5f,mixed_025,1570,497,5,5,0.23752151462994836,0.367394879022786,12.987336439283764,0.15743621655258244,0.291030889467808,13.359467291522552,0.4834394904458599,0.4980891719745223,1.4649681528662417,0.0,0.0,0.0,0.22038327526132404,0.3289861169541439,10.86028416928199,0.37059193954659947,0.5060014120969639,13.540947255036444,0.2637190341799937,0.40225829216654907,13.853925798655537,0.3260630786128982,0.45864661654135336,13.258353792845517,0.9974522292993631,0.9974522292993631,0.0,0.125,0.014705882352941176,-11.029411764705882,393,495,336,220,82,73,48,68
crossdomain,laptop,standard,123,same_corrected_phase2_gold,mixed_025_da1a88a51a5f,mixed_025,1570,497,5,5,0.3448275862068966,0.38959788104984355,4.477029484294698,0.3523936170212766,0.3132017034456059,-3.91919135756707,0.3375796178343949,0.5152866242038217,17.770700636942678,0.0,0.0,0.0,0.29683562027443294,0.3479569892473118,5.112136897287884,0.45842843169220737,0.5162689804772235,5.78405487850161,0.3745928338762215,0.42062153697904126,4.6028703102819755,0.4226636274829046,0.4778420038535645,5.517837637065992,0.9974522292993631,0.9974522292993631,0.0,0.0,0.029411764705882353,2.941176470588235,867,499,128,198,45,64,48,68
crossdomain,laptop,weighted,123,same_corrected_phase2_gold,mixed_025_da1a88a51a5f,mixed_025,1570,497,5,5,0.22458222708105577,0.38959788104984355,16.501565396878778,0.14876888061245602,0.3132017034456059,16.443282283314986,0.45796178343949046,0.5152866242038217,5.73248407643312,0.0,0.0,0.0,0.20840579710144927,0.3479569892473118,13.95511921458625,0.3625510524662268,0.5162689804772235,15.371792801099666,0.24921728240450847,0.42062153697904126,17.14042545745328,0.32195427497651113,0.4778420038535645,15.588772887705337,0.9974522292993631,0.9974522292993631,0.0,0.0625,0.029411764705882353,-3.308823529411765,416,499,358,198,77,64,48,68
crossdomain,laptop,standard,2024,same_corrected_phase2_gold,mixed_025_da1a88a51a5f,mixed_025,1570,497,4,5,0.32045598480050663,0.38067632850241545,6.022034370190882,0.31863979848866497,0.3066147859922179,-1.2025012496447052,0.32229299363057323,0.5019108280254777,17.961783439490446,0.0,0.0,0.0,0.2768809849521204,0.33987491912874707,6.299393417662669,0.4197844007609385,0.502177068214804,8.239266745386553,0.3453738910012674,0.4144100580270793,6.903616702581189,0.39036755386565275,0.4596423392943451,6.9274785428692365,0.9974522292993631,0.9974522292993631,0.0,0.0,0.04411764705882353,4.411764705882353,908,532,117,181,39,69,48,68
crossdomain,laptop,weighted,2024,same_corrected_phase2_gold,mixed_025_da1a88a51a5f,mixed_025,1570,497,5,5,0.22693726937269373,0.38067632850241545,15.373905912972171,0.14957438184029184,0.3066147859922179,15.704040415192608,0.47006369426751593,0.5019108280254777,3.1847133757961776,0.0,0.0,0.0,0.2108270247107556,0.33987491912874707,12.904789441799148,0.3549234812181172,0.502177068214804,14.725358699668684,0.25354282193468886,0.4144100580270793,16.086723609239044,0.3133867982726712,0.4596423392943451,14.625554102167392,0.9974522292993631,0.9974522292993631,0.0,0.0625,0.04411764705882353,-1.8382352941176467,422,532,325,181,85,69,48,68
crossdomain,laptop,standard,777,same_corrected_phase2_gold,mixed_025_da1a88a51a5f,mixed_025,1570,497,5,5,0.3366981439270596,0.39446870451237265,5.777056058531304,0.34443704197201863,0.31857366771159873,-2.5863374260419905,0.3292993630573248,0.5178343949044586,18.85350318471338,0.0,0.0,0.0,0.2897982062780269,0.35202424767265644,6.222604139462956,0.42857142857142855,0.5229647630619685,9.439333449053994,0.3603779732811991,0.4303059737736766,6.99280004924775,0.39895697522816165,0.4771844660194175,7.822749079125585,0.9974522292993631,0.9974522292993631,0.0,0.0,0.0,0.0,913,494,104,190,36,73,48,68
crossdomain,laptop,weighted,777,same_corrected_phase2_gold,mixed_025_da1a88a51a5f,mixed_025,1570,497,5,5,0.2280060882800609,0.39446870451237265,16.646261623231176,0.1498,0.31857366771159873,16.877366771159874,0.4770700636942675,0.5178343949044586,4.076433121019107,0.0,0.0,0.0,0.21197113343710203,0.35202424767265644,14.005311423555442,0.3519681421350896,0.5229647630619685,17.09966209268789,0.2531297709923664,0.4303059737736766,17.71762027813102,0.31248092767775404,0.4771844660194175,16.470353834166346,0.9974522292993631,0.9974522292993631,0.0,0.041666666666666664,0.0,-4.166666666666666,421,494,320,190,80,73,48,68
crossdomain,restaurant,standard,13,same_corrected_phase2_gold,mixed_025_da1a88a51a5f,mixed_025,1544,478,5,5,0.2738675958188153,0.3339121806003473,6.004458478153197,0.29638009049773756,0.27060715721753115,-2.577293328020641,0.2545336787564767,0.43588082901554404,18.134715025906733,0.0,0.0,0.0,0.23476702508960573,0.29851408294522064,6.374705785561491,0.40712290502793297,0.4965174129353233,8.939450790739034,0.2903000697836706,0.3562732919254658,6.597322214179519,0.3793584379358438,0.4584057611124907,7.904732317664692,0.9922279792746114,0.9922279792746114,0.0,0.0,0.0,0.0,961,546,167,281,23,44,85,106
crossdomain,restaurant,weighted,13,same_corrected_phase2_gold,mixed_025_da1a88a51a5f,mixed_025,1544,478,5,5,0.18467336683417085,0.3339121806003473,14.923881376617643,0.12189054726368159,0.27060715721753115,14.871660995384955,0.38082901554404147,0.43588082901554404,5.505181347150256,0.0,0.0,0.0,0.17177914110429449,0.29851408294522064,12.673494184092615,0.347661188369153,0.4965174129353233,14.885622456617032,0.20201384518565135,0.3562732919254658,15.425944673981446,0.30551181102362207,0.4584057611124907,15.289395008886864,0.9922279792746114,0.9922279792746114,0.0,0.07058823529411765,0.0,-7.0588235294117645,444,546,458,281,54,44,85,106
crossdomain,restaurant,standard,42,same_corrected_phase2_gold,mixed_025_da1a88a51a5f,mixed_025,1544,478,5,5,0.2631578947368421,0.3444333996023857,8.127550486554364,0.2871362940275651,0.2794354838709677,-0.7700810156597349,0.24287564766839378,0.4488341968911917,20.59585492227979,0.0,0.0,0.0,0.22536057692307693,0.3078631719235895,8.250259500051255,0.3814541622760801,0.5060960437919881,12.464188151590804,0.277992277992278,0.36955981099229046,9.156753300001247,0.3553370786516854,0.46544007956240674,11.010300091072134,0.9922279792746114,0.9922279792746114,0.0,0.0,0.009433962264150943,0.9433962264150944,1001,527,147,274,21,50,85,106
crossdomain,restaurant,weighted,42,same_corrected_phase2_gold,mixed_025_da1a88a51a5f,mixed_025,1544,478,5,5,0.18592964824120603,0.3444333996023857,15.85037513611797,0.12271973466003316,0.2794354838709677,15.671574921093455,0.38341968911917096,0.4488341968911917,6.541450777202074,0.0,0.0,0.0,0.17294770669003798,0.3078631719235895,13.491546523355149,0.35641998734977864,0.5060960437919881,14.96760564422095,0.20097499606856423,0.36955981099229046,16.858481492372622,0.31494325346784363,0.46544007956240674,15.04968260945631,0.9922279792746114,0.9922279792746114,0.0,0.047058823529411764,0.009433962264150943,-3.762486126526082,417,527,488,274,47,50,85,106
crossdomain,restaurant,standard,123,same_corrected_phase2_gold,mixed_025_da1a88a51a5f,mixed_025,1544,478,5,4,0.2923387096774194,0.34254143646408836,5.020272678666898,0.30377094972067037,0.2797374897456932,-2.403345997497719,0.2817357512953368,0.4417098445595855,15.997409326424872,0.0,0.0,0.0,0.25188187608569773,0.3058295964125561,5.394772032685835,0.4332324251597713,0.5108094519859225,7.757702682615125,0.3072268907563025,0.3674290022618748,6.02021115055723,0.406186953597848,0.4692288369756342,6.304188337778621,0.9922279792746114,0.9922279792746114,0.0,0.0,0.009433962264150943,0.9433962264150944,900,528,187,285,22,49,85,106
crossdomain,restaurant,weighted,123,same_corrected_phase2_gold,mixed_025_da1a88a51a5f,mixed_025,1544,478,5,4,0.18631778058007567,0.34254143646408836,15.62236558840127,0.123125,0.2797374897456932,15.66124897456932,0.38277202072538863,0.4417098445595855,5.893782383419688,0.0,0.0,0.0,0.17326297273526825,0.3058295964125561,13.256662367728783,0.3548848292295473,0.5108094519859225,15.592462275637525,0.20477168589034603,0.3674290022618748,16.26573163715288,0.31445745017399557,0.4692288369756342,15.477138680163865,0.9922279792746114,0.9922279792746114,0.0,0.058823529411764705,0.009433962264150943,-4.938956714761376,427,528,469,285,57,49,85,106
crossdomain,restaurant,standard,2024,same_corrected_phase2_gold,mixed_025_da1a88a51a5f,mixed_025,1544,478,5,5,0.2726017943409248,0.3373193821624315,6.471758782150672,0.2917282127031019,0.27408906882591094,-1.7639143877190955,0.25582901554404147,0.4384715025906736,18.26424870466321,0.0,0.0,0.0,0.23400473933649288,0.3014247551202137,6.742001578372084,0.40415224913494807,0.498502994011976,9.435074487702794,0.2884814942926323,0.3610972568578554,7.261576256522306,0.37901277183293064,0.4621136590229312,8.310088719000058,0.9922279792746114,0.9922279792746114,0.0,0.0,0.018867924528301886,1.8867924528301887,960,545,167,275,22,47,85,106
crossdomain,restaurant,weighted,2024,same_corrected_phase2_gold,mixed_025_da1a88a51a5f,mixed_025,1544,478,5,5,0.1774572817055965,0.3373193821624315,15.986210045683503,0.11706308169596691,0.27408906882591094,15.702598712994403,0.36658031088082904,0.4384715025906736,7.189119170984454,0.0,0.0,0.0,0.1650867726410967,0.3014247551202137,13.633798247911702,0.3514749960561603,0.498502994011976,14.702799795581573,0.195635107552206,0.3610972568578554,16.546214930564936,0.30834512022630833,0.4621136590229312,15.376853879662288,0.9922279792746114,0.9922279792746114,0.0,0.058823529411764705,0.018867924528301886,-3.9955604883462823,430,545,491,275,57,47,85,106
crossdomain,restaurant,standard,777,same_corrected_phase2_gold,mixed_025_da1a88a51a5f,mixed_025,1544,478,5,4,0.2675862068965517,0.3297769156159069,6.219070871935517,0.2861356932153392,0.26356589147286824,-2.256980174247097,0.25129533678756477,0.44041450777202074,18.911917098445596,0.0,0.0,0.0,0.22972172883362937,0.2955236853541938,6.580195652056445,0.39280774550484093,0.49282413038190226,10.001638487706133,0.28305143251639625,0.3551992225461613,7.214779002976507,0.3680939226519337,0.45302257829570286,8.492865564376917,0.9922279792746114,0.9922279792746114,0.0,0.0,0.0,0.0,976,531,158,282,22,51,85,106
crossdomain,restaurant,weighted,777,same_corrected_phase2_gold,mixed_025_da1a88a51a5f,mixed_025,1544,478,5,4,0.18228228228228227,0.3297769156159069,14.749463333362462,0.11864738076622361,0.26356589147286824,14.491851070664463,0.39313471502590674,0.44041450777202074,4.727979274611399,0.0,0.0,0.0,0.17007565144298123,0.2955236853541938,12.54480339112126,0.34266686847283184,0.49282413038190226,15.015726190907042,0.19789156626506024,0.3551992225461613,15.730765628110108,0.3025463311737231,0.45302257829570286,15.047624712197976,0.9922279792746114,0.9922279792746114,0.0,0.03529411764705882,0.0,-3.5294117647058822,412,531,475,282,50,51,85,106
crossdomain,phone,standard,13,same_corrected_phase2_gold,mixed_025_da1a88a51a5f,mixed_025,1255,575,5,5,0.33282674772036475,0.36656716417910445,3.374041645873971,0.31808278867102396,0.29307875894988067,-2.5004029721143297,0.349003984063745,0.4892430278884462,14.023904382470121,0.0,0.0,0.0,0.2731524789522919,0.31286624203821656,3.971376308592467,0.5032307107563664,0.5690376569037656,6.580694614739924,0.3639817629179331,0.4039438302957873,3.9962067377854185,0.45686050931204863,0.5123917587339505,5.553124942190185,0.9912350597609562,0.9912350597609562,0.0,0.0,0.0,0.0,593,303,183,276,41,62,62,83
crossdomain,phone,weighted,13,same_corrected_phase2_gold,mixed_025_da1a88a51a5f,mixed_025,1255,575,5,5,0.2564324324324324,0.36656716417910445,11.013473174667205,0.17596439169139466,0.29307875894988067,11.7114367258486,0.47250996015936253,0.4892430278884462,1.6733067729083673,0.0,0.0,0.0,0.22807692307692307,0.31286624203821656,8.47893189612935,0.45183735594694496,0.5690376569037656,11.720030095682066,0.2862711130359463,0.4039438302957873,11.767271725984097,0.3954900260190807,0.5123917587339505,11.69017327148698,0.9912350597609562,0.9912350597609562,0.0,0.016129032258064516,0.0,-1.6129032258064515,216,303,378,276,68,62,62,83
crossdomain,phone,standard,42,same_corrected_phase2_gold,mixed_025_da1a88a51a5f,mixed_025,1255,575,5,5,0.31906906906906907,0.3664890467732386,4.741997770416956,0.3016323633782825,0.29156853509185116,-1.006382828643132,0.3386454183266932,0.4932270916334661,15.458167330677291,0.0,0.0,0.0,0.2624266748996604,0.3131798633948899,5.075318849522953,0.47801578354002255,0.5734639358860195,9.544815234599696,0.3546205860255447,0.4011851851851852,4.656459915964051,0.42733758918512954,0.5168938944872554,8.955630530212588,0.9912350597609562,0.9912350597609562,0.0,0.0,0.024096385542168676,2.4096385542168677,619,289,164,289,47,58,62,83
crossdomain,phone,weighted,42,same_corrected_phase2_gold,mixed_025_da1a88a51a5f,mixed_025,1255,575,5,5,0.24709926944563815,0.3664890467732386,11.938977732760048,0.1691674021771109,0.29156853509185116,12.240113291474024,0.4581673306772908,0.4932270916334661,3.5059760956175303,0.0,0.0,0.0,0.2199273283610633,0.3131798633948899,9.32525350338266,0.4466983167889512,0.5734639358860195,12.67656190970683,0.2768568353067815,0.4011851851851852,12.43283498784037,0.39087386999569523,0.5168938944872554,12.60200244915602,0.9912350597609562,0.9912350597609562,0.0,0.04838709677419355,0.024096385542168676,-2.4290711232024873,220,289,392,289,68,58,62,83
crossdomain,phone,standard,123,same_corrected_phase2_gold,mixed_025_da1a88a51a5f,mixed_025,1255,575,5,5,0.32792925571112747,0.37273823884197826,4.4808983130850795,0.3050034270047978,0.29985443959243085,-0.5148987412366968,0.3545816733067729,0.49243027888446217,13.784860557768924,0.0,0.0,0.0,0.27059896625114016,0.3176561295296839,4.705716327854375,0.4841328413284133,0.5823014195107218,9.81685781823085,0.35706381409074145,0.41339770669885334,5.633389260811189,0.4386288241798747,0.5206636500754147,8.203482589554001,0.9912350597609562,0.9912350597609562,0.0,0.0,0.012048192771084338,1.2048192771084338,599,291,172,279,39,67,62,83
crossdomain,phone,weighted,123,same_corrected_phase2_gold,mixed_025_da1a88a51a5f,mixed_025,1255,575,5,5,0.25182239893969516,0.37273823884197826,12.09158399022831,0.17420537897310515,0.29985443959243085,12.564906061932572,0.4541832669322709,0.49243027888446217,3.8247011952191268,0.0,0.0,0.0,0.22344178753430027,0.3176561295296839,9.421434199538364,0.45583666222814023,0.5823014195107218,12.646475728258155,0.28286852589641437,0.41339770669885334,13.052918080243897,0.3988490482514387,0.5206636500754147,12.181460182397602,0.9912350597609562,0.9912350597609562,0.0,0.016129032258064516,0.012048192771084338,-0.4080839486980178,228,291,388,279,69,67,62,83
crossdomain,phone,standard,2024,same_corrected_phase2_gold,mixed_025_da1a88a51a5f,mixed_025,1255,575,5,5,0.32574031890660593,0.3651176825588413,3.9377363652235378,0.3110949963741842,0.29383195726080624,-1.7263039113377954,0.34183266932270917,0.4820717131474104,14.023904382470121,0.0,0.0,0.0,0.267373013399813,0.3111339676009257,4.37609542011127,0.4825227963525836,0.5716872924841533,8.916449613156969,0.3541033434650456,0.4013277006638504,4.72243571988048,0.4411541381928626,0.5125264111077573,7.137227291489473,0.9912350597609562,0.9912350597609562,0.0,0.0,0.012048192771084338,1.2048192771084338,620,308,169,282,37,60,62,83
crossdomain,phone,weighted,2024,same_corrected_phase2_gold,mixed_025_da1a88a51a5f,mixed_025,1255,575,5,5,0.25277838308999784,0.3651176825588413,11.233929946884347,0.1739652069586083,0.29383195726080624,11.986675030219796,0.46215139442231074,0.4820717131474104,1.992031872509964,0.0,0.0,0.0,0.2246320681642138,0.3111339676009257,8.65018994367119,0.450229709035222,0.5716872924841533,12.145758344893126,0.2774869109947644,0.4013277006638504,12.384078966908596,0.3949322848405417,0.5125264111077573,11.759412626721561,0.9912350597609562,0.9912350597609562,0.0,0.03225806451612903,0.012048192771084338,-2.0209871745044694,226,308,393,282,56,60,62,83
crossdomain,phone,standard,777,same_corrected_phase2_gold,mixed_025_da1a88a51a5f,mixed_025,1255,575,5,5,0.32050333086602517,0.3774154589371981,5.6912128071172905,0.299239806496199,0.3038405444822557,0.4600737986056702,0.3450199203187251,0.49800796812749004,15.298804780876496,0.0,0.0,0.0,0.2642660970399756,0.32158476974530487,5.731867270532925,0.4618235730170497,0.5817961899002116,11.997261688316197,0.34814814814814815,0.41437632135306546,6.62281732049173,0.4220659015179563,0.5258386219401633,10.377272042220698,0.9912350597609562,0.9912350597609562,0.0,0.0,0.024096385542168676,2.4096385542168677,632,293,153,276,37,61,62,83
crossdomain,phone,weighted,777,same_corrected_phase2_gold,mixed_025_da1a88a51a5f,mixed_025,1255,575,5,5,0.23822714681440443,0.3774154589371981,13.918831212279365,0.16259453170447935,0.3038405444822557,14.124601277777638,0.4454183266932271,0.49800796812749004,5.258964143426292,0.0,0.0,0.0,0.21222475322703113,0.32158476974530487,10.936001651827373,0.4442064681944742,0.5817961899002116,13.758972170573747,0.26270824434002565,0.41437632135306546,15.16680770130398,0.38727583262169085,0.5258386219401633,13.856278931847243,0.9912350597609562,0.9912350597609562,0.0,0.04838709677419355,0.024096385542168676,-2.4290711232024873,218,293,422,276,56,61,62,83
crossdomain,sight,standard,13,same_corrected_phase2_gold,mixed_025_da1a88a51a5f,mixed_025,1613,529,5,5,0.319533527696793,0.3951397326852977,7.560620498850468,0.30159603742432584,0.3249400479616307,2.334401053730484,0.3397396156230626,0.5040297582145071,16.429014259144452,0.0,0.0,0.0,0.2768375852488002,0.35012919896640826,7.329161371760806,0.47192982456140353,0.5801898272085666,10.826000264716306,0.3463785046728972,0.42315175097276264,7.6773246299865425,0.43315820198482197,0.5348893751519572,10.173117316713526,0.9925604463732176,0.9925604463732176,0.0,0.0,0.0,0.0,806,421,214,322,45,57,83,104
crossdomain,sight,weighted,13,same_corrected_phase2_gold,mixed_025_da1a88a51a5f,mixed_025,1613,529,5,5,0.223739837398374,0.3951397326852977,17.139989528692368,0.15164205422085078,0.3249400479616307,17.32979937407799,0.4265344079355239,0.5040297582145071,7.749535027898324,0.0,0.0,0.0,0.2060188650995658,0.35012919896640826,14.411033386684247,0.4001964958244637,0.5801898272085666,17.99933313841029,0.2465753424657534,0.42315175097276264,17.657640850700922,0.35393899853205024,0.5348893751519572,18.0950376619907,0.9925604463732176,0.9925604463732176,0.0,0.03614457831325301,0.0,-3.614457831325301,391,421,466,322,68,57,83,104
crossdomain,sight,standard,42,same_corrected_phase2_gold,mixed_025_da1a88a51a5f,mixed_025,1613,529,5,5,0.308513794126372,0.38444714459295265,7.593335046658067,0.29579067121729236,0.3161470823341327,2.0356411116840336,0.32238065716057035,0.4903905765654061,16.800991940483573,0.0,0.0,0.0,0.26666666666666666,0.3406546080964686,7.398794142980192,0.44101040118870727,0.5592601606230225,11.824975943431525,0.3324428613831998,0.4153696498054475,8.29267884222477,0.4062964062964063,0.5130075370775589,10.671113078115258,0.9925604463732176,0.9925604463732176,0.0,0.0,0.0,0.0,871,464,182,295,40,63,83,104
crossdomain,sight,weighted,42,same_corrected_phase2_gold,mixed_025_da1a88a51a5f,mixed_025,1613,529,5,5,0.21657710470607394,0.38444714459295265,16.78700398868787,0.14686395759717313,0.3161470823341327,16.928312473695957,0.41227526348419097,0.4903905765654061,7.811531308121511,0.0,0.0,0.0,0.19940029985007496,0.3406546080964686,14.125430824639363,0.39744429882044563,0.5592601606230225,16.18158618025769,0.23625387502039485,0.4153696498054475,17.911577478505265,0.3558823529411765,0.5130075370775589,15.712518413638238,0.9925604463732176,0.9925604463732176,0.0,0.060240963855421686,0.0,-6.024096385542169,400,464,489,295,59,63,83,104
crossdomain,sight,standard,123,same_corrected_phase2_gold,mixed_025_da1a88a51a5f,mixed_025,1613,529,5,5,0.3142857142857143,0.39354681007088727,7.926109578517298,0.308288610614192,0.3248587570621469,1.6570146447954903,0.32052076875387475,0.4990700557966522,17.854928704277746,0.0,0.0,0.0,0.270751505629746,0.3484848484848485,7.773334285510253,0.4472163066626103,0.5732452922474933,12.6028985584883,0.3381995133819951,0.42053789731051344,8.233838392851833,0.41410763149893587,0.5325183374083129,11.841070590937703,0.9925604463732176,0.9925604463732176,0.0,0.0,0.0,0.0,878,441,179,312,39,55,83,104
crossdomain,sight,weighted,123,same_corrected_phase2_gold,mixed_025_da1a88a51a5f,mixed_025,1613,529,5,5,0.2351150202976996,0.39354681007088727,15.843178977318766,0.16166550360548965,0.3248587570621469,16.319325345665725,0.43087414755114695,0.4990700557966522,6.8195908245505255,0.0,0.0,0.0,0.21580499922372304,0.3484848484848485,13.267984926112547,0.42840115784096716,0.5732452922474933,14.484413440652617,0.2572009488309048,0.42053789731051344,16.333694847960867,0.3841059602649007,0.5325183374083129,14.84123771434122,0.9925604463732176,0.9925604463732176,0.0,0.060240963855421686,0.0,-6.024096385542169,355,441,499,312,64,55,83,104
crossdomain,sight,standard,2024,same_corrected_phase2_gold,mixed_025_da1a88a51a5f,mixed_025,1613,529,5,5,0.30792227204783257,0.38160469667318986,7.368242462535729,0.29734411085450346,0.3151515151515151,1.7807404297011664,0.319280843149411,0.48357098574085555,16.429014259144452,0.0,0.0,0.0,0.26587506453278265,0.3378817413905133,7.200667685773066,0.4473053892215569,0.5618417830026942,11.453639378113728,0.3310386111942532,0.4136074400391581,8.25688288449049,0.416866028708134,0.5106487148102816,9.378268610214763,0.9925604463732176,0.9925604463732176,0.0,0.0,0.009615384615384616,0.9615384615384616,866,466,194,302,38,65,83,104
crossdomain,sight,weighted,2024,same_corrected_phase2_gold,mixed_025_da1a88a51a5f,mixed_025,1613,529,5,5,0.22274483453720814,0.38160469667318986,15.885986213598171,0.15276497695852534,0.3151515151515151,16.238653819298978,0.41103533787972724,0.48357098574085555,7.253564786112832,0.0,0.0,0.0,0.20456649182351125,0.3378817413905133,13.331524956700205,0.41428329666610253,0.5618417830026942,14.755848633659163,0.24507658643326038,0.4136074400391581,16.853085360589773,0.3681726230613621,0.5106487148102816,14.24760917489195,0.9925604463732176,0.9925604463732176,0.0,0.04819277108433735,0.009615384615384616,-3.8577386468952737,389,466,496,302,65,65,83,104
crossdomain,sight,standard,777,same_corrected_phase2_gold,mixed_025_da1a88a51a5f,mixed_025,1613,529,5,4,0.3167420814479638,0.3883544303797469,7.1612348931783085,0.3084606345475911,0.3281985451433462,1.9737910595755082,0.3254804711717297,0.4755114693118413,15.003099814011161,0.0,0.0,0.0,0.27315296566077,0.34248716231301635,6.9334196652246325,0.4560024191109767,0.5712113532691333,11.520893415815658,0.3382663847780127,0.41753230301494804,7.926591823693535,0.4245169082125604,0.5267156242086604,10.219871599609998,0.9925604463732176,0.9925604463732176,0.0,0.0,0.0,0.0,859,486,194,303,35,57,83,104
crossdomain,sight,weighted,777,same_corrected_phase2_gold,mixed_025_da1a88a51a5f,mixed_025,1613,529,4,4,0.22867758824522885,0.3883544303797469,15.967684213451802,0.15714948932219128,0.3281985451433462,17.10490558211549,0.41971481711097336,0.4755114693118413,5.5796652200867936,0.0,0.0,0.0,0.20992248062015503,0.34248716231301635,13.256468169286132,0.4173174872665535,0.5712113532691333,15.389386600257982,0.2530446549391069,0.41753230301494804,16.448764807584116,0.36865267433987814,0.5267156242086604,15.806294986878221,0.9925604463732176,0.9925604463732176,0.0,0.060240963855421686,0.0,-6.024096385542169,384,486,481,303,71,57,83,104
crossdomain,food,standard,13,same_corrected_phase2_gold,mixed_025_da1a88a51a5f,mixed_025,1793,393,5,5,0.3163405896941306,0.3699936427209155,5.365305302678491,0.31263616557734203,0.2983595352016405,-1.4276630375701538,0.32013385387618515,0.486893474623536,16.675962074735086,0.0,0.0,0.0,0.2854301342615614,0.3415492957746479,5.611916151308649,0.46217559359469906,0.5406322936558455,7.845670006114647,0.3436293436293436,0.3960983884648007,5.246904483545711,0.42250413678985105,0.4981980072079712,7.569387041812014,0.992749581706637,0.992749581706637,0.0,0.0,0.0,0.0,956,519,214,340,49,61,80,101
crossdomain,food,weighted,13,same_corrected_phase2_gold,mixed_025_da1a88a51a5f,mixed_025,1793,393,4,5,0.21976727058476947,0.3699936427209155,15.022637213614603,0.14931945556445156,0.2983595352016405,14.904007963718893,0.41606246514221973,0.486893474623536,7.0831009481316265,0.0,0.0,0.0,0.20774157616262878,0.3415492957746479,13.380771961201908,0.4045643153526971,0.5406322936558455,13.606797830314843,0.24354243542435425,0.3960983884648007,15.255595304044647,0.3553389455028799,0.4981980072079712,14.285906170509127,0.992749581706637,0.992749581706637,0.0,0.025,0.0,-2.5,428,519,540,340,79,61,80,101
crossdomain,food,standard,42,same_corrected_phase2_gold,mixed_025_da1a88a51a5f,mixed_025,1793,393,5,5,0.3118536197295147,0.3819139596136961,7.006033988418142,0.2972699696663296,0.31487513572204123,1.7605166055711607,0.3279419966536531,0.4852203011712214,15.72783045175683,0.0,0.0,0.0,0.2824207492795389,0.35158617902606587,6.916542974652695,0.4349442379182156,0.5545554335894621,11.961119567124651,0.33607645341120257,0.4136114160263447,7.753496261514215,0.3989389920424403,0.5052677787532924,10.63287867108521,0.992749581706637,0.992749581706637,0.0,0.0,0.009900990099009901,0.9900990099009901,974,530,186,321,45,72,80,101
crossdomain,food,weighted,42,same_corrected_phase2_gold,mixed_025_da1a88a51a5f,mixed_025,1793,393,5,5,0.22580168464607656,0.3819139596136961,15.611227496761956,0.15359871330920788,0.31487513572204123,16.127642241283336,0.42610150585610707,0.4852203011712214,5.911879531511433,0.0,0.0,0.0,0.21340782122905028,0.35158617902606587,13.817835779701559,0.40279429250891796,0.5545554335894621,15.176114108054417,0.24737075988742407,0.4136114160263447,16.624065613892064,0.3553118980589717,0.5052677787532924,14.995588069432076,0.992749581706637,0.992749581706637,0.0,0.0625,0.009900990099009901,-5.25990099009901,438,530,520,321,71,72,80,101
crossdomain,food,standard,123,same_corrected_phase2_gold,mixed_025_da1a88a51a5f,mixed_025,1793,393,5,5,0.33253905215779717,0.3717616580310881,3.922260587329096,0.3165322580645161,0.30327580133849946,-1.3256456726016663,0.35025097601784716,0.48020078081427775,12.99498047964306,0.0,0.0,0.0,0.3011990407673861,0.3426865671641791,4.148752639679304,0.4835630965005302,0.5451403887688986,6.157729226836839,0.3585805084745763,0.40475161987041036,4.6171111395834075,0.44503311258278144,0.49654576856649396,5.151265598371252,0.992749581706637,0.992749581706637,0.0,0.0,0.009900990099009901,0.9900990099009901,881,531,235,325,49,76,80,101
crossdomain,food,weighted,123,same_corrected_phase2_gold,mixed_025_da1a88a51a5f,mixed_025,1793,393,5,5,0.2265315116791538,0.3717616580310881,14.523014635193432,0.15376944555245314,0.30327580133849946,14.950635578604633,0.43000557724484106,0.48020078081427775,5.019520356943668,0.0,0.0,0.0,0.21416666666666667,0.3426865671641791,12.851990049751244,0.3980496453900709,0.5451403887688986,14.709074337882766,0.2515463917525773,0.40475161987041036,15.320522811783304,0.35193638639375646,0.49654576856649396,14.46093821727375,0.992749581706637,0.992749581706637,0.0,0.0625,0.009900990099009901,-5.25990099009901,446,531,493,325,83,76,80,101
crossdomain,food,standard,2024,same_corrected_phase2_gold,mixed_025_da1a88a51a5f,mixed_025,1793,393,5,5,0.3059348007801616,0.3794466403162055,7.35118395360439,0.3056792873051225,0.31293009779065556,0.7250810485533055,0.30619074177356387,0.4818739542665923,17.568321249302844,0.0,0.0,0.0,0.27574083375188346,0.3493026076409946,7.356177388911112,0.43335192414947016,0.549010989010989,11.565906486151883,0.331195985503206,0.4130960228521204,8.190003734891437,0.40122596823627754,0.5016472655392049,10.042129730292737,0.992749581706637,0.992749581706637,0.0,0.0,0.019801980198019802,1.9801980198019802,1016,544,183,309,45,76,80,101
crossdomain,food,weighted,2024,same_corrected_phase2_gold,mixed_025_da1a88a51a5f,mixed_025,1793,393,5,5,0.22993361496680748,0.3794466403162055,14.951302534939803,0.15760082730093072,0.31293009779065556,15.532927048972484,0.42498605688789737,0.4818739542665923,5.688789737869493,0.0,0.0,0.0,0.21706309642501068,0.3493026076409946,13.22395112159839,0.40849128127369216,0.549010989010989,14.051970773729682,0.2526061338570781,0.4130960228521204,16.04898889950423,0.3627836611195159,0.5016472655392049,13.886360441968904,0.992749581706637,0.992749581706637,0.0,0.0625,0.019801980198019802,-4.26980198019802,446,544,511,309,74,76,80,101
crossdomain,food,standard,777,same_corrected_phase2_gold,mixed_025_da1a88a51a5f,mixed_025,1793,393,5,5,0.3313086692435119,0.3800259403372243,4.8717271093712435,0.3280481137233461,0.3102717966819626,-1.7776317041383494,0.33463469046291133,0.4902398215281651,15.560513106525375,0.0,0.0,0.0,0.298879202988792,0.35026897788404066,5.138977489524866,0.46000553556601165,0.5512765036780615,9.127096811204982,0.3547941420281846,0.41185377460523476,5.705963257705015,0.42797898811169477,0.5033513513513513,7.537236323965657,0.992749581706637,0.992749581706637,0.0,0.0,0.0,0.0,962,519,189,322,42,73,80,101
crossdomain,food,weighted,777,same_corrected_phase2_gold,mixed_025_da1a88a51a5f,mixed_025,1793,393,5,5,0.2255201513167467,0.3800259403372243,15.450578902047763,0.15255905511811024,0.3102717966819626,15.771274156385234,0.43223647518126046,0.4902398215281651,5.800334634690463,0.0,0.0,0.0,0.21332232314891275,0.35026897788404066,13.69466547351279,0.39806961099736765,0.5512765036780615,15.320689268069382,0.24646346798891644,0.41185377460523476,16.53903066163183,0.3504373177842566,0.5033513513513513,15.291403356709477,0.992749581706637,0.992749581706637,0.0,0.025,0.0,-2.5,432,519,516,322,70,73,80,101
