split,mode,domain,baseline,n,seeds,explicit_gold,null_gold,explicit_f1_phase1_mean,explicit_f1_phase1_sd,explicit_f1_phase2_mean,explicit_f1_phase2_sd,explicit_f1_delta_pp_mean,explicit_f1_delta_pp_sd,combined_f1_phase1_mean,combined_f1_phase1_sd,combined_f1_phase2_mean,combined_f1_phase2_sd,combined_f1_delta_pp_mean,combined_f1_delta_pp_sd,term_f1_phase1_mean,term_f1_phase1_sd,term_f1_phase2_mean,term_f1_phase2_sd,term_f1_delta_pp_mean,term_f1_delta_pp_sd,term_sentiment_f1_phase1_mean,term_sentiment_f1_phase1_sd,term_sentiment_f1_phase2_mean,term_sentiment_f1_phase2_sd,term_sentiment_f1_delta_pp_mean,term_sentiment_f1_delta_pp_sd
dev,crossdomain,coursera,standard,5,13 42 123 777 2024,1682,471,0.29702354220846094,0.012322395556647546,0.3629614612592999,0.004988945950833015,6.593791905083898,0.8725432259981588,0.2609108919365429,0.010857133329780366,0.3275009494221162,0.004454238493930356,6.659005748557334,0.7756791321130733,0.42974181332221206,0.01578106404669828,0.5272288957018848,0.007201889401556282,9.748708237967271,1.4382763240661007,0.3967793160375601,0.014634457906307111,0.4830901121402185,0.005715808846103101,8.63107961026584,1.1921648313319593
dev,crossdomain,coursera,weighted,5,13 42 123 777 2024,1682,471,0.22037088643772296,0.008518899721863505,0.3629614612592999,0.004988945950833015,14.259057482157694,0.5821504038876572,0.20566725607562705,0.00782159372711057,0.3275009494221162,0.004454238493930356,12.183369334648917,0.48837947065318293,0.3830609327401303,0.006460313107605779,0.5272288957018848,0.007201889401556282,14.416796296175447,0.6237936248778131,0.33956635022942677,0.006065292311841863,0.4830901121402185,0.005715808846103101,14.35237619107917,0.6168018831297765
dev,crossdomain,food,standard,5,13 42 123 777 2024,1793,393,0.3195953463210232,0.011852001207257783,0.3766283682038259,0.005364887715324659,5.703302188280273,1.4483173552812911,0.28873399220983237,0.010930432489662899,0.34707872549798563,0.004618066350624575,5.834473328815325,1.309709735634762,0.45480807754578534,0.020994544654545193,0.5481231217406514,0.005411006445897322,9.3315044194866,2.461186897005609,0.41913623955260904,0.01929307901964024,0.5010020342836627,0.0036004535103602857,8.186579473105374,2.204719362170549
dev,crossdomain,food,weighted,5,13 42 123 777 2024,1793,393,0.2255108466387108,0.0036631945082048157,0.3766283682038259,0.005364887715324659,15.11175215651151,0.4314442612107514,0.21314029672645382,0.003379818021484304,0.34707872549798563,0.004618066350624575,13.393842877153178,0.38500089607191257,0.4023938291045492,0.004461532775578339,0.5481231217406514,0.005411006445897322,14.572929263610218,0.7325162381586846,0.3551616417718761,0.004766306271493724,0.5010020342836627,0.0036004535103602857,14.584039251178666,0.5613664860760532
dev,crossdomain,hotel,standard,5,13 42 123 777 2024,1673,507,0.2949477798143015,0.012279165917121356,0.37092179911536594,0.0035001275606058686,7.597401930106441,1.2414294807438657,0.25435684700575717,0.011042501145000529,0.3319089881790829,0.00311959827093563,7.755214117332568,1.0925631831786444,0.4210596614355466,0.020698628663067917,0.5389774604064089,0.006383367776181609,11.791779897086238,2.4422211843310873,0.38776157948186735,0.017938066659789056,0.491346947551644,0.004258567269845885,10.358536806977666,2.1296082566224004
dev,crossdomain,hotel,weighted,5,13 42 123 777 2024,1673,507,0.2215580894068605,0.00405331248592637,0.37092179911536594,0.0035001275606058686,14.93637097085054,0.4814496618711577,0.2056878220481872,0.00365006878245728,0.3319089881790829,0.00311959827093563,12.622116613089565,0.44600299500712787,0.3830705254295015,0.005470609827645772,0.5389774604064089,0.006383367776181609,15.590693497690749,0.4429077179672742,0.33748244019071433,0.004129686301960407,0.491346947551644,0.004258567269845885,15.38645073609297,0.34744468164787506
dev,crossdomain,laptop,standard,5,13 42 123 777 2024,1570,497,0.33096817180777227,0.010073722383057494,0.380899180560015,0.01134862419825544,4.993100875224275,0.8391537352428344,0.28484203817830966,0.008597125450694285,0.340378480089102,0.009705693787946472,5.553644191079233,0.6540118647934414,0.4319757467517863,0.015315572949270554,0.509482444770192,0.0097881669291474,7.750669801840568,1.3899038351933606,0.3995825226838477,0.013580246232396474,0.4663713293802726,0.010182845711031497,6.678880669642488,0.876560773753851
dev,crossdomain,laptop,weighted,5,13 42 123 777 2024,1570,497,0.22906667856603102,0.0049462812839523515,0.380899180560015,0.01134862419825544,15.183250199398397,1.527991055430395,0.21269081802687292,0.004533372958384267,0.340378480089102,0.009705693787946472,12.768766206222907,1.3247976246985624,0.36100786380697897,0.007565496469089446,0.509482444770192,0.0097881669291474,14.847458096321303,1.490481441252063,0.3195996444436756,0.006264333932274208,0.4663713293802726,0.010182845711031497,14.677168493659696,1.377123962505946
dev,crossdomain,phone,standard,5,13 42 123 777 2024,1255,575,0.32521374445463846,0.005602547021921314,0.36966551825807215,0.005241082210682875,4.445177380343367,0.8727558019369142,0.2675634461085762,0.004408709125513919,0.31528419446180417,0.004266802404259202,4.7720748353227975,0.6736986956955671,0.4819451409988871,0.014819856160125332,0.5756572989369744,0.006046109778476758,9.371215793808727,1.944136784650816,0.43720939247757434,0.013514066899407968,0.5176628672689082,0.005714165470959564,8.045347479133389,1.825332131627952
dev,crossdomain,phone,weighted,5,13 42 123 777 2024,1255,575,0.2492719261444336,0.007013925250364374,0.36966551825807215,0.005241082210682875,12.039359211363855,1.145248589976063,0.2216605720727063,0.006025174039065759,0.31528419446180417,0.004266802404259202,9.362362238909787,0.9706758090787965,0.4497617024387465,0.004518779239222122,0.5756572989369744,0.006046109778476758,12.589559649822785,0.7634421590205667,0.3934842123456894,0.004479384241161315,0.5176628672689082,0.005714165470959564,12.417865492321882,0.8834482521518473
dev,crossdomain,restaurant,standard,5,13 42 123 777 2024,1544,478,0.27391044029411066,0.011145948438463888,0.33759666288903195,0.006041367733154834,6.368622259492129,1.1266646705578758,0.23514718925370054,0.010083561643210236,0.30183105835115476,0.005082446828572413,6.668386909745422,1.0276017184566337,0.40375389742071466,0.01934934703868773,0.5009500066214224,0.007337506109251981,9.719610920070778,1.7429098133311727,0.3775978329340483,0.018763695626524638,0.46164218299383314,0.006264495956923372,8.404435005978485,1.6932212548296859
dev,crossdomain,restaurant,weighted,5,13 42 123 777 2024,1544,478,0.18333207192866627,0.003642668985127266,0.33759666288903195,0.006041367733154834,15.42645909603657,0.5572954591494994,0.17063044892273574,0.003341388404196551,0.30183105835115476,0.005082446828572413,13.120060942841901,0.4875783591542602,0.3506215738954942,0.005580468054750857,0.5009500066214224,0.007337506109251981,15.032843272592824,0.3347853926711945,0.30916079321309853,0.005459462498038615,0.46164218299383314,0.006264495956923372,15.248138978073461,0.19384359068027165
dev,crossdomain,sight,standard,5,13 42 123 777 2024,1613,529,0.31339947792093514,0.005085633446353303,0.38861856288041485,0.005776635951707763,7.521908495947974,0.2844633473862589,0.2706567575477531,0.0045614711591029046,0.343927511850251,0.005209800536261624,7.32707543024979,0.3062836389718307,0.45269286814905096,0.012005324951545628,0.569149683270182,0.008574924763053144,11.645681512113104,0.6466723599543274,0.4189890353401717,0.010256226822773395,0.5235559177313542,0.011142488391921224,10.45668823911825,0.9030470630584314
dev,crossdomain,sight,weighted,5,13 42 123 777 2024,1613,529,0.2253708770369169,0.006942072605160989,0.38861856288041485,0.005776635951707763,16.324768584349798,0.5979578838724164,0.20714262732340602,0.006136106698157505,0.343927511850251,0.005209800536261624,13.6784884526845,0.5484928205206121,0.4115285472837065,0.0127726945312216,0.569149683270182,0.008574924763053144,15.762113598647549,1.4111272802843418,0.36615052182787355,0.0121171781321792,0.5235559177313542,0.011142488391921224,15.740539590348066,1.4651241600517444
dev,indomain,all_domains,standard,5,13 42 123 777 2024,1855,575,0.3116600404795175,0.007864582231530463,0.37105076792965214,0.004614844451277924,5.939072745013463,0.6858709686724227,0.2699025044282425,0.006853493162510499,0.3312741699668733,0.003735938877375456,6.137166553863084,0.574941359625211,0.4439785126835175,0.013958467813948928,0.5387011974559148,0.0033700889790486853,9.47226847723973,1.1295178529458043,0.4095537803004859,0.011682261003936292,0.49545102687258935,0.004091094545438547,8.589724657210343,1.1668154188150248
dev,indomain,all_domains,weighted,5,13 42 123 777 2024,1855,575,0.2216310751918797,0.003594302347151524,0.37105076792965214,0.004614844451277924,14.941969273777246,0.31054513288181346,0.2052672226244436,0.0030092054972471935,0.3312741699668733,0.003735938877375456,12.60069473424297,0.25438061843095705,0.38996833041235557,0.0061555791450642865,0.5387011974559148,0.0033700889790486853,14.873286704355925,0.507118857129038,0.3457963566600254,0.0056999564185632005,0.49545102687258935,0.004091094545438547,14.965467021256394,0.502575754802334
test,crossdomain,coursera,standard,5,13 42 123 777 2024,351,258,0.0,0.0,0.0,0.0,0.0,0.0,0.0,0.0,0.0,0.0,0.0,0.0,0.5020570174248319,0.039328876795818216,0.5322450134231886,0.014973632162498219,3.0187995998356754,3.275614651730524,0.47733675794495933,0.04044368616267441,0.4773269016165631,0.010881710242548403,-0.0009856328396251168,3.5883135211016
test,crossdomain,coursera,weighted,5,13 42 123 777 2024,351,258,0.0,0.0,0.0,0.0,0.0,0.0,0.0,0.0,0.0,0.0,0.0,0.0,0.4144230073384501,0.011182677093569127,0.5322450134231886,0.014973632162498219,11.782200608473854,1.9136852992237063,0.3364202714082305,0.012105055416370225,0.4773269016165631,0.010881710242548403,14.09066302083326,1.907503581310911
test,crossdomain,food,standard,5,13 42 123 777 2024,199,364,0.04447131485276287,0.0032404417037023314,0.0379615062731681,0.002371669863000115,-0.6509808579594774,0.4581538482717999,0.026883663867829703,0.002395411972818944,0.025041011954713033,0.0013333492672448553,-0.18426519131166713,0.3063186455193076,0.35787503093386264,0.033002780775612355,0.40281442193644834,0.008888438669805536,4.493939100258572,2.9475868470096707,0.31325538743705184,0.022176573925165616,0.33281793739820753,0.0070627438787705344,1.956254996115574,1.9494642178415627
test,crossdomain,food,weighted,5,13 42 123 777 2024,199,364,0.02210734425329382,0.005084941779136336,0.0379615062731681,0.002371669863000115,1.585416201987428,0.37756540565346447,0.01722302277890957,0.003874422948875795,0.025041011954713033,0.0013333492672448553,0.7817989175803464,0.3134947224152805,0.25237674621616357,0.008815491304948759,0.40281442193644834,0.008888438669805536,15.04376757202848,1.0109619720424234,0.19701109714216378,0.004304088896978519,0.33281793739820753,0.0070627438787705344,13.580684025604379,0.7165965445590415
test,crossdomain,hotel,standard,5,13 42 123 777 2024,436,247,0.1689355355020455,0.009999490048799506,0.18375937116642035,0.018799189547388632,1.4823835664374851,1.9804946164690937,0.1352406158260554,0.007363013617788817,0.1545735817324239,0.01591106259799996,1.9332965906368504,1.5823737093738721,0.4936847883629133,0.015305019355805796,0.5309622241958495,0.008031345762159183,3.727743583293613,1.7180506457873792,0.473555108696328,0.013996727226167302,0.5057765173624992,0.006900702939571699,3.2221408666171127,1.6932777158049603
test,crossdomain,hotel,weighted,5,13 42 123 777 2024,436,247,0.13198268248548564,0.021491274075876702,0.18375937116642035,0.018799189547388632,5.17766886809347,0.7428208890853493,0.11583363663025331,0.019190211919783862,0.1545735817324239,0.01591106259799996,3.873994510217058,0.6736710867143533,0.415871120316624,0.011254646909444985,0.5309622241958495,0.008031345762159183,11.509110387922547,1.0094093276518785,0.38797394138753294,0.011939939665799213,0.5057765173624992,0.006900702939571699,11.780257597496618,1.3313941095640187
test,crossdomain,laptop,standard,5,13 42 123 777 2024,494,130,0.0,0.0,0.0,0.0,0.0,0.0,0.0,0.0,0.0,0.0,0.0,0.0,0.36642777252094466,0.04760098169321757,0.539926476812493,0.01076371589695715,17.349870429154826,4.275848886023782,0.3445938756505551,0.041856697231499096,0.4919433120384397,0.008122025622007712,14.734943638788463,4.155526412702297
test,crossdomain,laptop,weighted,5,13 42 123 777 2024,494,130,0.0,0.0,0.0,0.0,0.0,0.0,0.0,0.0,0.0,0.0,0.0,0.0,0.4743511373319627,0.01734453351356242,0.539926476812493,0.01076371589695715,6.55753394805302,2.641395504741845,0.4019726773022625,0.015730428559511792,0.4919433120384397,0.008122025622007712,8.997063473617725,1.961072168852471
test,crossdomain,phone,standard,5,13 42 123 777 2024,1089,0,0.0,0.0,0.0,0.0,0.0,0.0,0.0,0.0,0.0,0.0,0.0,0.0,0.19023156937048738,0.013337312361008494,0.31531737748270483,0.014327270243154751,12.508580811221746,2.4158413129013288,0.18094017931644,0.013410219348920371,0.2927923207076621,0.014178882745897946,11.185214139122213,2.479111411141339
test,crossdomain,phone,weighted,5,13 42 123 777 2024,1089,0,0.0,0.0,0.0,0.0,0.0,0.0,0.0,0.0,0.0,0.0,0.0,0.0,0.3032469918622826,0.008570359493919754,0.31531737748270483,0.014327270243154751,1.2070385620422264,1.865421916381331,0.2704122103062541,0.008220588132075513,0.2927923207076621,0.014178882745897946,2.238011040140797,2.022753525784884
test,crossdomain,restaurant,standard,5,13 42 123 777 2024,523,172,0.13122078711188004,0.017806387661419922,0.17819443825486728,0.009766903445237847,4.697365114298722,2.433046715825728,0.10430535813534401,0.01509152158589269,0.15099853330139068,0.008293720340826585,4.669317516604667,2.0931227772404144,0.24787555324736313,0.02982393031325775,0.5329629583783143,0.0323625048472299,28.50874051309512,3.799245798374906,0.22690190000701616,0.023683532951784502,0.49584966859347923,0.025386243004537925,26.894776858646306,3.231563929836024
test,crossdomain,restaurant,weighted,5,13 42 123 777 2024,523,172,0.20315517532960004,0.019266795461335747,0.17819443825486728,0.009766903445237847,-2.4960737074732777,1.7362001075132827,0.17987405057522268,0.017041801928511766,0.15099853330139068,0.008293720340826585,-2.8875517273831997,1.5702082062995413,0.584933762853581,0.022433810410204376,0.5329629583783143,0.0323625048472299,-5.197080447526673,4.098265775801889,0.5315078047706048,0.01996100737012183,0.49584966859347923,0.025386243004537925,-3.5658136177125566,3.2986544476538446
test,crossdomain,sight,standard,5,13 42 123 777 2024,636,129,0.0,0.0,0.0,0.0,0.0,0.0,0.0,0.0,0.0,0.0,0.0,0.0,0.2708827824205405,0.05866104410992404,0.42523526720155613,0.009741855018774968,15.435248478101562,5.592953773139729,0.2410122772387509,0.05243109789521973,0.3605906891806303,0.008128938237305943,11.957841194187944,5.051455897782988
test,crossdomain,sight,weighted,5,13 42 123 777 2024,636,129,0.0,0.0,0.0,0.0,0.0,0.0,0.0,0.0,0.0,0.0,0.0,0.0,0.4300173087564669,0.007932233740543233,0.42523526720155613,0.009741855018774968,-0.47820415549107764,0.950367941594025,0.3347153934052183,0.006536526340367398,0.3605906891806303,0.008128938237305943,2.5875295775412077,0.6669205906933156
test,indomain,all_domains,standard,5,13 42 123 777 2024,3728,1300,0.33407164591588445,0.007511698068184508,0.40284892687267776,0.0066142494007901615,6.877728095679329,0.6200862067098933,0.2827141329315892,0.006715593032453455,0.35200108675473535,0.005975583213148275,6.928695382314613,0.5505476321246915,0.46456548670106007,0.010756728145342577,0.5758478505352778,0.0070280453760582975,11.12823638342177,0.686953705227879,0.4361004315568378,0.008430168735546912,0.5274713329279872,0.006526582248702155,9.137090137114944,0.4704137335517034
test,indomain,all_domains,weighted,5,13 42 123 777 2024,3728,1300,0.2416687444254472,0.004882939708673762,0.40284892687267776,0.0066142494007901615,16.118018244723057,1.0432590612203216,0.2197138736227944,0.004016050426749209,0.35200108675473535,0.005975583213148275,13.228721313194093,0.9035939592331192,0.4302145461790456,0.0073127411172805405,0.5758478505352778,0.0070280453760582975,14.563330435623213,1.0813257578186732,0.38050572456377907,0.007268736549504801,0.5274713329279872,0.006526582248702155,14.696560836420819,1.1539350726905164
