schema_version,mode,config,seed,status,task_scope,best_epoch,selection_metric,best_dev_micro_f1,dev_loss,dev_micro_precision,dev_micro_recall,dev_micro_f1,dev_macro_f1,dev_rare_category_recall,test_loss,test_micro_precision,test_micro_recall,test_micro_f1,test_macro_f1,test_rare_category_recall,train_size,dev_size,test_size,trainable_params,training_time_sec,device,artifact_dir,completed_at,held_out_domain
2,indomain,standard,13,complete,single-pair-aligned-explicit-aspect,5,dev_complete_triplet_micro_f1,0.3248552002014606,2.07054291214564,0.344,0.3077290076335878,0.3248552002014606,0.08398300691133243,0.0,1.991153802040834,0.3812409812409812,0.3171668667466987,0.34626474442988203,0.08629361468544497,0.0,8796,2186,3794,109684487,1211.3738067150116,cuda,indomain_runs/standard/seed_13,2026-09-17T11:55:21.307323+00:00,all
2,indomain,standard,42,complete,single-pair-aligned-explicit-aspect,5,dev_complete_triplet_micro_f1,0.3300727363932781,2.0637828500000115,0.34796404019037547,0.3139312977099237,0.3300727363932781,0.07999667068277884,0.0,1.9926507193108285,0.3920070526006465,0.32028811524609846,0.3525369978858351,0.08735990510420495,0.0,8796,2186,3794,109684487,1216.958312034607,cuda,indomain_runs/standard/seed_42,2026-09-17T12:16:32.843639+00:00,all
2,indomain,standard,123,complete,single-pair-aligned-explicit-aspect,5,dev_complete_triplet_micro_f1,0.3414510400811771,2.064647893252827,0.3645720476706392,0.321087786259542,0.3414510400811771,0.08921193324926088,0.0,1.993057347274589,0.4,0.33229291716686676,0.36301639344262293,0.09367970518062008,0.0,8796,2186,3794,109684487,1217.2512855529785,cuda,indomain_runs/standard/seed_123,2026-09-17T12:37:44.663974+00:00,all
2,indomain,standard,777,complete,single-pair-aligned-explicit-aspect,5,dev_complete_triplet_micro_f1,0.3253253253253253,2.0386938905158356,0.34210526315789475,0.3101145038167939,0.3253253253253253,0.08702340268549015,0.0,1.9659319803120592,0.3853031573065102,0.3310924369747899,0.35614669421487605,0.08686441023251251,0.0,8796,2186,3794,109684487,1217.1726994514465,cuda,indomain_runs/standard/seed_777,2026-09-17T13:20:05.619577+00:00,all
2,indomain,standard,2024,complete,single-pair-aligned-explicit-aspect,5,dev_complete_triplet_micro_f1,0.31954790649884407,2.050479779169718,0.34613244296048973,0.2967557251908397,0.31954790649884407,0.08540316971567112,0.0,1.98025746919692,0.3911028730305839,0.30396158463385353,0.34206971088894894,0.08997996585413878,0.0,8796,2186,3794,109684487,1216.9452154636383,cuda,indomain_runs/standard/seed_2024,2026-09-17T12:58:55.422036+00:00,all
2,indomain,weighted,13,complete,single-pair-aligned-explicit-aspect,4,dev_complete_triplet_micro_f1,0.2384473197781885,3.3649463945687486,0.16484118291347208,0.4308206106870229,0.2384473197781885,0.09340153188139284,0.01098901098901099,3.2523686403112806,0.1886852420807289,0.4276110444177671,0.2618347544839753,0.1024213736125855,0.023668639053254437,8796,2186,3794,109684487,1217.1950361728668,cuda,indomain_runs/weighted/seed_13,2026-09-17T13:41:16.951650+00:00,all
2,indomain,weighted,42,complete,single-pair-aligned-explicit-aspect,5,dev_complete_triplet_micro_f1,0.2446750409612234,3.280023806191648,0.1713848508033665,0.42748091603053434,0.2446750409612234,0.1037972441692371,0.04395604395604396,3.1757576188853274,0.19577012512457093,0.42448979591836733,0.26795998787511366,0.106542413516909,0.047337278106508875,8796,2186,3794,109684487,1216.9963908195496,cuda,indomain_runs/weighted/seed_42,2026-09-17T14:02:27.184975+00:00,all
2,indomain,weighted,123,complete,single-pair-aligned-explicit-aspect,5,dev_complete_triplet_micro_f1,0.24427069290913994,3.3576674780027784,0.17023675310033823,0.43225190839694655,0.24427069290913994,0.1023470125312639,0.07692307692307693,3.2675344274300624,0.18859225903291518,0.4223289315726291,0.26074710939816187,0.100274854728327,0.023668639053254437,8796,2186,3794,109684487,1216.7269456386566,cuda,indomain_runs/weighted/seed_123,2026-09-17T14:23:39.451779+00:00,all
2,indomain,weighted,777,complete,single-pair-aligned-explicit-aspect,4,dev_complete_triplet_micro_f1,0.23737636647579385,3.4360186803348087,0.1632068718682892,0.4351145038167939,0.23737636647579385,0.09783019032275202,0.02197802197802198,3.317077823076441,0.18429752066115704,0.4283313325330132,0.25771036475261827,0.1028163459223232,0.023668639053254437,8796,2186,3794,109684487,1216.3255009651184,cuda,indomain_runs/weighted/seed_777,2026-09-17T15:06:01.763245+00:00,all
2,indomain,weighted,2024,complete,single-pair-aligned-explicit-aspect,5,dev_complete_triplet_micro_f1,0.24845742492801315,3.29631573860389,0.17433134500673467,0.43225190839694655,0.24845742492801315,0.1113917744273365,0.04395604395604396,3.196611310516701,0.19714858543105368,0.4249699879951981,0.26934489842501713,0.09826070373463226,0.023668639053254437,8796,2186,3794,109684487,1217.058077096939,cuda,indomain_runs/weighted/seed_2024,2026-09-17T14:44:52.242879+00:00,all
