schema_version,mode,held_out_domain,config,seed,status,task_scope,best_epoch,selection_metric,best_dev_micro_f1,dev_loss,dev_micro_precision,dev_micro_recall,dev_micro_f1,dev_macro_f1,dev_rare_category_recall,test_loss,test_micro_precision,test_micro_recall,test_micro_f1,test_macro_f1,test_rare_category_recall,train_size,dev_size,test_size,trainable_params,training_time_sec,device,artifact_dir,completed_at
3,crossdomain,coursera,standard,13,complete,single-pair-aligned-explicit-aspect,5,dev_complete_triplet_micro_f1,0.31021087680355164,2.0034134294655557,0.3274751025190393,0.29467580390089615,0.31021087680355164,0.08927841864895751,0.0,10.259406780041154,0.0,0.0,0.0,0.0,0.0,7518,1850,566,109663724,1056.0214071273804,cuda,lodo_runs/coursera/standard/seed_13,2026-09-18T02:51:28.483152+00:00
3,crossdomain,coursera,standard,42,complete,single-pair-aligned-explicit-aspect,5,dev_complete_triplet_micro_f1,0.3040708944890612,2.0296751060595977,0.3203033838973162,0.2894043226146547,0.3040708944890612,0.07881747636089224,0.0,9.560242043221127,0.0,0.0,0.0,0.0,0.0,7518,1850,566,109663724,1043.0310220718384,cuda,lodo_runs/coursera/standard/seed_42,2026-09-18T10:35:36.560117+00:00
3,crossdomain,coursera,standard,123,complete,single-pair-aligned-explicit-aspect,5,dev_complete_triplet_micro_f1,0.3276805251641138,1.9877315657800614,0.3405343945423536,0.31576172904586186,0.3276805251641138,0.09306332472347083,0.0,9.989425306495942,0.0,0.0,0.0,0.0,0.0,7518,1850,566,109663724,1048.5091633796692,cuda,lodo_runs/coursera/standard/seed_123,2026-09-18T10:53:38.713632+00:00
3,crossdomain,coursera,standard,777,complete,single-pair-aligned-explicit-aspect,5,dev_complete_triplet_micro_f1,0.32357043235704325,2.018151591011,0.34360189573459715,0.3057459146020032,0.32357043235704325,0.08850338848065704,0.0,10.490830427622509,0.0,0.0,0.0,0.0,0.0,7518,1850,566,109663724,1046.9177374839783,cuda,lodo_runs/coursera/standard/seed_777,2026-09-18T11:29:24.870980+00:00
3,crossdomain,coursera,standard,2024,complete,single-pair-aligned-explicit-aspect,5,dev_complete_triplet_micro_f1,0.2993946064942212,2.0204353113951568,0.31318364997121473,0.286768581971534,0.2993946064942212,0.09339538571313731,0.0,10.570466782300675,0.0,0.0,0.0,0.0,0.0,7518,1850,566,109663724,1047.9693865776062,cuda,lodo_runs/coursera/standard/seed_2024,2026-09-18T11:11:31.706778+00:00
3,crossdomain,coursera,weighted,13,complete,single-pair-aligned-explicit-aspect,5,dev_complete_triplet_micro_f1,0.23717482923993607,3.196762289520346,0.1637239165329053,0.430152872957301,0.23717482923993607,0.09766673663979726,0.02564102564102564,7.398952372364988,0.0,0.0,0.0,0.0,0.0,7518,1850,566,109663724,1070.3277010917664,cuda,lodo_runs/coursera/weighted/seed_13,2026-09-18T03:09:46.060931+00:00
3,crossdomain,coursera,weighted,42,complete,single-pair-aligned-explicit-aspect,5,dev_complete_triplet_micro_f1,0.24068852945540883,3.283804548145837,0.1674927715819909,0.42751713231418026,0.24068852945540883,0.10748497625513044,0.05128205128205128,7.158574525663637,0.0,0.0,0.0,0.0,0.0,7518,1850,566,109663724,1047.4497582912445,cuda,lodo_runs/coursera/weighted/seed_42,2026-09-18T11:47:16.621832+00:00
3,crossdomain,coursera,weighted,123,complete,single-pair-aligned-explicit-aspect,5,dev_complete_triplet_micro_f1,0.25545819099955447,3.217672157199932,0.17783291976840365,0.4533473906167633,0.25545819099955447,0.11519044338538119,0.038461538461538464,6.942484789095364,0.0,0.0,0.0,0.0,0.0,7518,1850,566,109663724,1045.0593621730804,cuda,lodo_runs/coursera/weighted/seed_123,2026-09-18T12:05:06.068181+00:00
3,crossdomain,coursera,weighted,777,complete,single-pair-aligned-explicit-aspect,5,dev_complete_triplet_micro_f1,0.2307135620205529,3.2752209728579533,0.15901835594573024,0.4201370585134423,0.2307135620205529,0.10210639999572187,0.038461538461538464,7.6489257945461455,0.0,0.0,0.0,0.0,0.0,7518,1850,566,109663724,1044.4888744354248,cuda,lodo_runs/coursera/weighted/seed_777,2026-09-18T12:40:47.544164+00:00
3,crossdomain,coursera,weighted,2024,complete,single-pair-aligned-explicit-aspect,5,dev_complete_triplet_micro_f1,0.23791931431949168,3.200111515528025,0.16529774127310062,0.42435424354243545,0.23791931431949168,0.10276333164998723,0.038461538461538464,7.761811624170862,0.0,0.0,0.0,0.0,0.0,7518,1850,566,109663724,1045.2952241897583,cuda,lodo_runs/coursera/weighted/seed_2024,2026-09-18T12:22:55.768014+00:00
3,crossdomain,food,standard,13,complete,single-pair-aligned-explicit-aspect,5,dev_complete_triplet_micro_f1,0.3336803748047892,2.111736558037811,0.3491285403050109,0.31954137587238285,0.3336803748047892,0.08350113743184162,0.0,2.54864812691185,0.061274509803921566,0.10040160642570281,0.076103500761035,0.0049514755397108345,0.0,7518,1874,522,109679873,1073.3534264564514,cuda,lodo_runs/food/standard/seed_13,2026-09-18T05:54:54.464489+00:00
3,crossdomain,food,standard,42,complete,single-pair-aligned-explicit-aspect,5,dev_complete_triplet_micro_f1,0.33032128514056225,2.0759443889682676,0.3326592517694641,0.32801595214356927,0.33032128514056225,0.07777360152375058,0.0,2.5814270038138067,0.06422018348623854,0.08433734939759036,0.07291666666666666,0.005932203389830508,0.0,7518,1874,522,109679873,1081.870038509369,cuda,lodo_runs/food/standard/seed_42,2026-09-27T10:24:15.510954+00:00
3,crossdomain,food,standard,123,complete,single-pair-aligned-explicit-aspect,5,dev_complete_triplet_micro_f1,0.3533834586466165,2.0630668501381892,0.3553427419354839,0.3514456630109671,0.3533834586466165,0.09167464900748303,0.0,2.5918839952191424,0.06527415143603134,0.10040160642570281,0.0791139240506329,0.005411255411255413,0.0,7518,1874,522,109679873,1044.9093551635742,cuda,lodo_runs/food/standard/seed_123,2026-09-27T10:42:10.654081+00:00
3,crossdomain,food,standard,777,complete,single-pair-aligned-explicit-aspect,5,dev_complete_triplet_micro_f1,0.34837027379400265,2.0645393486610875,0.3652268999453253,0.33300099700897307,0.34837027379400265,0.08735192057627433,0.0,2.55180437503805,0.059490084985835696,0.08433734939759036,0.06976744186046512,0.0060799073537927024,0.0,7518,1874,522,109679873,1070.637427330017,cuda,lodo_runs/food/standard/seed_777,2026-09-27T11:18:37.383656+00:00
3,crossdomain,food,standard,2024,complete,single-pair-aligned-explicit-aspect,5,dev_complete_triplet_micro_f1,0.32351394003156236,2.08491937019089,0.34242761692650336,0.306580259222333,0.32351394003156236,0.0903901654419444,0.0,2.4678680701839384,0.06309148264984227,0.08032128514056225,0.0706713780918728,0.006105006105006106,0.0,7518,1874,522,109679873,1046.6526095867157,cuda,lodo_runs/food/standard/seed_2024,2026-09-27T11:00:13.811230+00:00
3,crossdomain,food,weighted,13,complete,single-pair-aligned-explicit-aspect,4,dev_complete_triplet_micro_f1,0.23964581548129102,3.545590629766364,0.1679343474779824,0.41824526420737784,0.23964581548129102,0.096129528552568,0.022727272727272728,4.351420873683206,0.01283147989734816,0.060240963855421686,0.021156558533145277,0.0013194550632669444,0.0,7518,1874,522,109679873,1073.9256479740143,cuda,lodo_runs/food/weighted/seed_13,2026-09-18T06:13:19.434362+00:00
3,crossdomain,food,weighted,42,complete,single-pair-aligned-explicit-aspect,5,dev_complete_triplet_micro_f1,0.2461318051575931,3.514366572445253,0.17269802975472456,0.42821535393818544,0.2461318051575931,0.09887091174162964,0.056818181818181816,4.1071399937153155,0.021937842778793418,0.0963855421686747,0.035740878629932984,0.002061177344910006,0.0,7518,1874,522,109679873,1071.679943561554,cuda,lodo_runs/food/weighted/seed_42,2026-09-27T11:37:00.848198+00:00
3,crossdomain,food,weighted,123,complete,single-pair-aligned-explicit-aspect,5,dev_complete_triplet_micro_f1,0.2475783475783476,3.4689853273703957,0.1733147187873953,0.43320039880358924,0.2475783475783476,0.10224675825115502,0.056818181818181816,4.2278159122826535,0.027777777777777776,0.11646586345381527,0.044856921887084296,0.001588095154898635,0.0,7518,1874,522,109679873,1074.4564576148987,cuda,lodo_runs/food/weighted/seed_123,2026-09-27T11:55:25.740904+00:00
3,crossdomain,food,weighted,777,complete,single-pair-aligned-explicit-aspect,5,dev_complete_triplet_micro_f1,0.24611910810047985,3.514005251681228,0.17165354330708663,0.43469591226321036,0.24611910810047985,0.11168736172000433,0.022727272727272728,4.091897241855674,0.023255813953488372,0.10441767068273092,0.03803950256035113,0.0011887652685179343,0.0,7518,1874,522,109679873,1066.01602602005,cuda,lodo_runs/food/weighted/seed_777,2026-09-27T12:32:08.780920+00:00
3,crossdomain,food,weighted,2024,complete,single-pair-aligned-explicit-aspect,5,dev_complete_triplet_micro_f1,0.25054816547288405,3.447809218190229,0.17724922440537746,0.4272183449651047,0.25054816547288405,0.10224060711557856,0.056818181818181816,4.121783625922682,0.02490421455938697,0.10441767068273092,0.04021655065738593,0.0011552474895583401,0.0,7518,1874,522,109679873,1074.1088197231293,cuda,lodo_runs/food/weighted/seed_2024,2026-09-27T12:13:51.992176+00:00
3,crossdomain,hotel,standard,13,complete,single-pair-aligned-explicit-aspect,4,dev_complete_triplet_micro_f1,0.3063174114021571,2.0687324440988304,0.3619810633648944,0.265491452991453,0.3063174114021571,0.07428484429963518,0.0,2.239210350285916,0.1648148148148148,0.16390423572744015,0.16435826408125578,0.014026792750197005,0.0,7541,1878,584,109662186,1066.117615699768,cuda,lodo_runs/hotel/standard/seed_13,2026-09-18T03:27:58.399930+00:00
3,crossdomain,hotel,standard,42,complete,single-pair-aligned-explicit-aspect,4,dev_complete_triplet_micro_f1,0.2833283626603042,2.0798088063039852,0.32072923700202566,0.2537393162393162,0.2833283626603042,0.06752033142392343,0.0,2.1728601067958846,0.1760154738878143,0.16758747697974216,0.1716981132075472,0.014232092586800124,0.0,7541,1878,584,109662186,1047.2054216861725,cuda,lodo_runs/hotel/standard/seed_42,2026-09-18T12:58:42.076195+00:00
3,crossdomain,hotel,standard,123,complete,single-pair-aligned-explicit-aspect,5,dev_complete_triplet_micro_f1,0.31882386855001443,2.019495661337997,0.34627426424546026,0.2954059829059829,0.31882386855001443,0.08585477324574858,0.0,2.3128282785434564,0.14835164835164835,0.14917127071823205,0.1487603305785124,0.014891074547292951,0.0,7541,1878,584,109662186,1047.519671201706,cuda,lodo_runs/hotel/standard/seed_123,2026-09-18T13:16:34.315326+00:00
3,crossdomain,hotel,standard,777,complete,single-pair-aligned-explicit-aspect,5,dev_complete_triplet_micro_f1,0.3159722222222222,1.9939478995582383,0.3446969696969697,0.2916666666666667,0.3159722222222222,0.08293325793172168,0.0,1.9177951837189073,0.14890016920473773,0.16206261510128914,0.15520282186948853,0.013373860182370821,0.0,7541,1878,584,109662186,1046.470243215561,cuda,lodo_runs/hotel/standard/seed_777,2026-09-18T13:52:22.501916+00:00
3,crossdomain,hotel,standard,2024,complete,single-pair-aligned-explicit-aspect,4,dev_complete_triplet_micro_f1,0.3125,2.058861076631891,0.3528225806451613,0.28044871794871795,0.3125,0.0854054666468688,0.0,2.1528816450711434,0.14864864864864866,0.16206261510128914,0.15506607929515417,0.013580246913580245,0.0,7541,1878,584,109662186,1047.1923944950104,cuda,lodo_runs/hotel/standard/seed_2024,2026-09-18T13:34:26.327091+00:00
3,crossdomain,hotel,weighted,13,complete,single-pair-aligned-explicit-aspect,5,dev_complete_triplet_micro_f1,0.23610097767401136,3.3702343997756867,0.1624171853041558,0.4321581196581197,0.23610097767401136,0.09742723697428332,0.025974025974025976,2.699394156836495,0.10380881254667662,0.2559852670349908,0.14771519659936239,0.011150325903925139,0.0,7541,1878,584,109662186,1051.7321627140045,cuda,lodo_runs/hotel/weighted/seed_13,2026-09-18T03:45:54.982449+00:00
3,crossdomain,hotel,weighted,42,complete,single-pair-aligned-explicit-aspect,5,dev_complete_triplet_micro_f1,0.2445700684320143,3.286885287069238,0.1694845360824742,0.4391025641025641,0.2445700684320143,0.11407788558198009,0.05194805194805195,2.5085771391972433,0.0895638629283489,0.21178637200736647,0.12588943623426382,0.010684627051703683,0.0,7541,1878,584,109662186,1048.3023254871368,cuda,lodo_runs/hotel/weighted/seed_42,2026-09-18T14:10:15.809750+00:00
3,crossdomain,hotel,weighted,123,complete,single-pair-aligned-explicit-aspect,4,dev_complete_triplet_micro_f1,0.24041759880686056,3.4103148394890925,0.16677012207738465,0.4305555555555556,0.24041759880686056,0.11698884570971539,0.06493506493506493,3.1561597928160987,0.06814580031695722,0.15837937384898712,0.09529085872576179,0.009238680586995195,0.0,7541,1878,584,109662186,1048.9767684936523,cuda,lodo_runs/hotel/weighted/seed_123,2026-09-18T14:28:12.465445+00:00
3,crossdomain,hotel,weighted,777,complete,single-pair-aligned-explicit-aspect,5,dev_complete_triplet_micro_f1,0.23989493652414998,3.3146701610727445,0.1650271029913672,0.4391025641025641,0.23989493652414998,0.1091060634654753,0.03896103896103896,2.875199491727098,0.09992652461425422,0.2504604051565378,0.14285714285714285,0.01022790536987037,0.0,7541,1878,584,109662186,1047.0570397377014,cuda,lodo_runs/hotel/weighted/seed_777,2026-09-18T15:04:02.994305+00:00
3,crossdomain,hotel,weighted,2024,complete,single-pair-aligned-explicit-aspect,5,dev_complete_triplet_micro_f1,0.24241522903033905,3.313300329485462,0.1679719703215169,0.43536324786324787,0.24241522903033905,0.11267651753585164,0.06493506493506493,2.624381452111387,0.10014204545454546,0.2596685082872928,0.14454126089185032,0.010633635869249574,0.0,7541,1878,584,109662186,1050.469067811966,cuda,lodo_runs/hotel/weighted/seed_2024,2026-09-18T14:46:07.843143+00:00
3,crossdomain,laptop,standard,13,complete,single-pair-aligned-explicit-aspect,5,dev_complete_triplet_micro_f1,0.3530135301353014,1.7640609161560963,0.39207650273224043,0.32102908277404923,0.3530135301353014,0.12101926917226388,0.0,0.6658630812027074,0.0,0.0,0.0,0.0,0.0,7532,1860,532,109612970,1083.6569728851318,cuda,lodo_runs/laptop/standard/seed_13,2026-09-18T04:04:26.971210+00:00
3,crossdomain,laptop,standard,42,complete,single-pair-aligned-explicit-aspect,5,dev_complete_triplet_micro_f1,0.34354688950789236,1.784797786223177,0.38461538461538464,0.3104026845637584,0.34354688950789236,0.10545484568141648,0.0,0.6582933581184507,0.0,0.0,0.0,0.0,0.0,7532,1860,532,109612970,1051.0660133361816,cuda,lodo_runs/laptop/standard/seed_42,2026-09-18T15:21:58.144757+00:00
3,crossdomain,laptop,standard,123,complete,single-pair-aligned-explicit-aspect,5,dev_complete_triplet_micro_f1,0.3645200486026731,1.8020752935979334,0.39893617021276595,0.33557046979865773,0.3645200486026731,0.11837070951077662,0.0,0.6444227039238201,0.0,0.0,0.0,0.0,0.0,7532,1860,532,109612970,1047.745290517807,cuda,lodo_runs/laptop/standard/seed_123,2026-09-18T15:39:52.548501+00:00
3,crossdomain,laptop,standard,777,complete,single-pair-aligned-explicit-aspect,5,dev_complete_triplet_micro_f1,0.3587716631194892,1.7514775257313664,0.3930712858094604,0.32997762863534674,0.3587716631194892,0.12720996388985836,0.0,0.6839787326037651,0.0,0.0,0.0,0.0,0.0,7532,1860,532,109612970,1044.9317195415497,cuda,lodo_runs/laptop/standard/seed_777,2026-09-18T16:15:31.428370+00:00
3,crossdomain,laptop,standard,2024,complete,single-pair-aligned-explicit-aspect,4,dev_complete_triplet_micro_f1,0.346563981042654,1.7909544602154266,0.36838790931989923,0.3271812080536913,0.346563981042654,0.11303736502451112,0.0,0.6720862638079935,0.0,0.0,0.0,0.0,0.0,7532,1860,532,109612970,1044.2878370285034,cuda,lodo_runs/laptop/standard/seed_2024,2026-09-18T15:57:42.153548+00:00
3,crossdomain,laptop,weighted,13,complete,single-pair-aligned-explicit-aspect,5,dev_complete_triplet_micro_f1,0.2494344744382446,2.72214739717073,0.17076192442700805,0.46252796420581654,0.2494344744382446,0.13126497238469334,0.09259259259259259,0.8366142340591968,0.0,0.0,0.0,0.0,0.0,7532,1860,532,109612970,1079.2490298748016,cuda,lodo_runs/laptop/weighted/seed_13,2026-09-18T04:22:54.709367+00:00
3,crossdomain,laptop,weighted,42,complete,single-pair-aligned-explicit-aspect,5,dev_complete_triplet_micro_f1,0.25994855500075653,2.6990988269550305,0.1781788010786144,0.4804250559284116,0.25994855500075653,0.13445965431397341,0.1111111111111111,0.836883536012532,0.0,0.0,0.0,0.0,0.0,7532,1860,532,109612970,1044.413661956787,cuda,lodo_runs/laptop/weighted/seed_42,2026-09-18T16:33:21.990724+00:00
3,crossdomain,laptop,weighted,123,complete,single-pair-aligned-explicit-aspect,5,dev_complete_triplet_micro_f1,0.24558223833257814,2.7412111386974645,0.16821849782743636,0.4546979865771812,0.24558223833257814,0.13283945963082092,0.05555555555555555,0.8498099905781333,0.0,0.0,0.0,0.0,0.0,7532,1860,532,109612970,1045.2359957695007,cuda,lodo_runs/laptop/weighted/seed_123,2026-09-18T16:51:11.421440+00:00
3,crossdomain,laptop,weighted,777,complete,single-pair-aligned-explicit-aspect,5,dev_complete_triplet_micro_f1,0.250736593989393,2.667325521220064,0.1702,0.4759507829977629,0.250736593989393,0.1250966439322524,0.037037037037037035,0.7602039522160172,0.0,0.0,0.0,0.0,0.0,7532,1860,532,109612970,1045.8265566825867,cuda,lodo_runs/laptop/weighted/seed_777,2026-09-18T17:27:04.238316+00:00
3,crossdomain,laptop,weighted,2024,complete,single-pair-aligned-explicit-aspect,5,dev_complete_triplet_micro_f1,0.249925617375781,2.6595607370866383,0.17024726388325903,0.4697986577181208,0.249925617375781,0.12990274886943745,0.05555555555555555,0.8603112085670921,0.0,0.0,0.0,0.0,0.0,7532,1860,532,109612970,1051.5445075035095,cuda,lodo_runs/laptop/weighted/seed_2024,2026-09-18T17:09:10.657368+00:00
3,crossdomain,phone,standard,13,complete,single-pair-aligned-explicit-aspect,5,dev_complete_triplet_micro_f1,0.3510145959416162,2.011394015276611,0.35802469135802467,0.3442737430167598,0.3510145959416162,0.08250703291103925,0.0,0.9862583635393344,0.0,0.0,0.0,0.0,0.0,7520,1879,522,109619891,1065.5266709327698,cuda,lodo_runs/phone/standard/seed_13,2026-09-18T04:41:07.609434+00:00
3,crossdomain,phone,standard,42,complete,single-pair-aligned-explicit-aspect,5,dev_complete_triplet_micro_f1,0.3372052094332981,1.9941997546499277,0.33995741660752304,0.3344972067039106,0.3372052094332981,0.08797988421101269,0.0,0.9853178984703914,0.0,0.0,0.0,0.0,0.0,7520,1879,522,109619891,1063.744515657425,cuda,lodo_runs/phone/standard/seed_42,2026-09-18T17:45:15.526062+00:00
3,crossdomain,phone,standard,123,complete,single-pair-aligned-explicit-aspect,5,dev_complete_triplet_micro_f1,0.3424420615703909,1.9851327431263883,0.339273474982865,0.34567039106145253,0.3424420615703909,0.08605629653079722,0.0,0.9948934206123216,0.0,0.0,0.0,0.0,0.0,7520,1879,522,109619891,1052.9669499397278,cuda,lodo_runs/phone/standard/seed_123,2026-09-18T18:03:12.344245+00:00
3,crossdomain,phone,standard,777,complete,single-pair-aligned-explicit-aspect,5,dev_complete_triplet_micro_f1,0.3383119138589788,2.007319832095428,0.33655839668279197,0.3400837988826816,0.3383119138589788,0.07348247780197913,0.0,0.9878806888462266,0.0,0.0,0.0,0.0,0.0,7520,1879,522,109619891,1043.8764889240265,cuda,lodo_runs/phone/standard/seed_777,2026-09-18T18:38:52.563204+00:00
3,crossdomain,phone,standard,2024,complete,single-pair-aligned-explicit-aspect,5,dev_complete_triplet_micro_f1,0.3400924937744575,1.9817406273984632,0.34662799129804206,0.33379888268156427,0.3400924937744575,0.08507721086416249,0.0,0.9997683709118335,0.0,0.0,0.0,0.0,0.0,7520,1879,522,109619891,1046.8222670555115,cuda,lodo_runs/phone/standard/seed_2024,2026-09-18T18:21:04.025823+00:00
3,crossdomain,phone,weighted,13,complete,single-pair-aligned-explicit-aspect,5,dev_complete_triplet_micro_f1,0.27821740941274464,2.8621444311215503,0.19821958456973293,0.4664804469273743,0.27821740941274464,0.105227102569209,0.014925373134328358,1.171053896048627,0.0,0.0,0.0,0.0,0.0,7520,1879,522,109619891,1060.3979895114899,cuda,lodo_runs/phone/weighted/seed_13,2026-09-18T04:59:18.218925+00:00
3,crossdomain,phone,weighted,42,complete,single-pair-aligned-explicit-aspect,5,dev_complete_triplet_micro_f1,0.27075139722624714,2.8693635086520857,0.19240953221535745,0.45670391061452514,0.27075139722624714,0.10025280623307524,0.04477611940298507,1.1370208453236579,0.0,0.0,0.0,0.0,0.0,7520,1879,522,109619891,1043.229243516922,cuda,lodo_runs/phone/weighted/seed_42,2026-09-18T18:56:43.068894+00:00
3,crossdomain,phone,weighted,123,complete,single-pair-aligned-explicit-aspect,5,dev_complete_triplet_micro_f1,0.27508503401360546,2.841599240611431,0.19773838630806845,0.4518156424581006,0.27508503401360546,0.09525157402801743,0.014925373134328358,1.1050045240293773,0.0,0.0,0.0,0.0,0.0,7520,1879,522,109619891,1042.9027910232544,cuda,lodo_runs/phone/weighted/seed_123,2026-09-18T19:14:32.302888+00:00
3,crossdomain,phone,weighted,777,complete,single-pair-aligned-explicit-aspect,5,dev_complete_triplet_micro_f1,0.25831622176591373,2.937698059147283,0.18295520651541594,0.43924581005586594,0.25831622176591373,0.10696809820388697,0.04477611940298507,1.109758097847461,0.0,0.0,0.0,0.0,0.0,7520,1879,522,109619891,1047.182463645935,cuda,lodo_runs/phone/weighted/seed_777,2026-09-18T19:50:11.155694+00:00
3,crossdomain,phone,weighted,2024,complete,single-pair-aligned-explicit-aspect,5,dev_complete_triplet_micro_f1,0.2706672261854805,2.8754133836785494,0.1934613077384523,0.4504189944134078,0.2706672261854805,0.09747839491492293,0.029850746268656716,1.127360985256738,0.0,0.0,0.0,0.0,0.0,7520,1879,522,109619891,1042.1839702129364,cuda,lodo_runs/phone/weighted/seed_2024,2026-09-18T19:32:19.878015+00:00
2,crossdomain,restaurant,standard,13,complete,single-pair-aligned-explicit-aspect,5,dev_complete_triplet_micro_f1,0.2867337009406422,2.251596262104205,0.3333333333333333,0.25156516789982925,0.2867337009406422,0.07474841782440401,0.0,2.6443864005826123,0.28160919540229884,0.08687943262411348,0.13279132791327913,0.03779120686635137,0.0,7532,1870,544,109679104,1041.480084657669,cuda,lodo_runs/restaurant/standard/seed_13,2026-09-17T15:23:47.969794+00:00
2,crossdomain,restaurant,standard,42,complete,single-pair-aligned-explicit-aspect,5,dev_complete_triplet_micro_f1,0.27489389487430627,2.2368745134651666,0.3223583460949464,0.2396129766647695,0.27489389487430627,0.06931749265515169,0.0,2.606540754883099,0.3524590163934426,0.07624113475177305,0.12536443148688048,0.039512774806892456,0.0,7532,1870,544,109679104,1041.3091757297516,cuda,lodo_runs/restaurant/standard/seed_42,2026-09-17T15:41:34.976613+00:00
2,crossdomain,restaurant,standard,123,complete,single-pair-aligned-explicit-aspect,5,dev_complete_triplet_micro_f1,0.3154593916588272,2.193119145279565,0.3512569832402235,0.28628343767785996,0.3154593916588272,0.08545665689387599,0.0,2.8831156765052155,0.31451612903225806,0.06914893617021277,0.11337209302325581,0.03582780855508128,0.0,7532,1870,544,109679104,1041.5504076480865,cuda,lodo_runs/restaurant/standard/seed_123,2026-09-17T15:59:20.399644+00:00
2,crossdomain,restaurant,standard,777,complete,single-pair-aligned-explicit-aspect,5,dev_complete_triplet_micro_f1,0.2910375843238034,2.198826811941064,0.334070796460177,0.2578258394991463,0.2910375843238034,0.07452301588389293,0.0,2.75674550660697,0.3148148148148148,0.06028368794326241,0.10119047619047619,0.03717948717948717,0.0,7532,1870,544,109679104,1041.228034734726,cuda,lodo_runs/restaurant/standard/seed_777,2026-09-17T16:34:53.450105+00:00
2,crossdomain,restaurant,standard,2024,complete,single-pair-aligned-explicit-aspect,5,dev_complete_triplet_micro_f1,0.2886531661845066,2.23306530625584,0.3316100443131462,0.25554923164484916,0.2886531661845066,0.07761519578234133,0.0,2.7736099722164322,0.3016759776536313,0.09574468085106383,0.14535666218034995,0.03783912422655878,0.0,7532,1870,544,109679104,1041.3601877689362,cuda,lodo_runs/restaurant/standard/seed_2024,2026-09-17T16:17:05.563111+00:00
2,crossdomain,restaurant,weighted,13,complete,single-pair-aligned-explicit-aspect,5,dev_complete_triplet_micro_f1,0.2020969457529251,3.570580673281529,0.13785240464344942,0.3784860557768924,0.2020969457529251,0.09932349669442236,0.0625,3.227783184546821,0.19576059850374064,0.2783687943262411,0.2298682284040995,0.02159685647958982,0.0,7532,1870,544,109679104,1041.8975932598114,cuda,lodo_runs/restaurant/weighted/seed_13,2026-09-17T16:52:42.059403+00:00
2,crossdomain,restaurant,weighted,42,complete,single-pair-aligned-explicit-aspect,5,dev_complete_triplet_micro_f1,0.2048320923871752,3.6078956214456297,0.13971807628524047,0.3836084234490609,0.2048320923871752,0.09462819083057185,0.041666666666666664,3.432830663501161,0.14823815309842042,0.21631205673758866,0.17591925018024515,0.020335289867953937,0.0,7532,1870,544,109679104,1042.667667388916,cuda,lodo_runs/restaurant/weighted/seed_42,2026-09-17T17:10:29.581188+00:00
2,crossdomain,restaurant,weighted,123,complete,single-pair-aligned-explicit-aspect,5,dev_complete_triplet_micro_f1,0.20619185603172183,3.563515356117257,0.14083333333333334,0.38474672737620946,0.20619185603172183,0.09496690364499925,0.052083333333333336,3.2724779572187486,0.19193154034229828,0.2783687943262411,0.22720694645441392,0.021387476394266983,0.0,7532,1870,544,109679104,1043.8861846923828,cuda,lodo_runs/restaurant/weighted/seed_123,2026-09-17T17:28:17.273604+00:00
2,crossdomain,restaurant,weighted,777,complete,single-pair-aligned-explicit-aspect,5,dev_complete_triplet_micro_f1,0.2013676705950822,3.5273773495682024,0.1352619233776388,0.39385315879339783,0.2013676705950822,0.08838098223905502,0.03125,3.364617449511985,0.1761786600496278,0.25177304964539005,0.20729927007299268,0.01861007156258632,0.0,7532,1870,544,109679104,1041.8918821811676,cuda,lodo_runs/restaurant/weighted/seed_777,2026-09-17T18:03:51.738073+00:00
2,crossdomain,restaurant,weighted,2024,complete,single-pair-aligned-explicit-aspect,5,dev_complete_triplet_micro_f1,0.1962985436893204,3.627788911394114,0.13381592554291624,0.3682413204325555,0.1962985436893204,0.08165589018201418,0.052083333333333336,3.4086967890798583,0.16751918158567775,0.2322695035460993,0.1946508172362556,0.020413067486125386,0.0,7532,1870,544,109679104,1042.6764023303986,cuda,lodo_runs/restaurant/weighted/seed_2024,2026-09-17T17:46:03.821374+00:00
3,crossdomain,sight,standard,13,complete,single-pair-aligned-explicit-aspect,5,dev_complete_triplet_micro_f1,0.34111507827519916,2.1542542598930456,0.34177215189873417,0.3404605263157895,0.34111507827519916,0.09052124139793784,0.0,1.3274995228315596,0.0,0.0,0.0,0.0,0.0,7615,1905,524,109680642,1085.0867176055908,cuda,lodo_runs/sight/standard/seed_13,2026-09-18T05:17:53.891125+00:00
3,crossdomain,sight,standard,42,complete,single-pair-aligned-explicit-aspect,5,dev_complete_triplet_micro_f1,0.32328308207705186,2.1535094041843785,0.3293515358361775,0.31743421052631576,0.32328308207705186,0.08277755180853996,0.0,1.3364427759272475,0.0,0.0,0.0,0.0,0.0,7615,1905,524,109680642,1059.4262146949768,cuda,lodo_runs/sight/standard/seed_42,2026-09-18T20:08:18.103348+00:00
3,crossdomain,sight,standard,123,complete,single-pair-aligned-explicit-aspect,5,dev_complete_triplet_micro_f1,0.3307626392459297,2.1580287675664622,0.34525939177101966,0.31743421052631576,0.3307626392459297,0.08048066883048145,0.0,1.281413439095986,0.0,0.0,0.0,0.0,0.0,7615,1905,524,109680642,1059.4129946231842,cuda,lodo_runs/sight/standard/seed_123,2026-09-18T20:26:22.907628+00:00
3,crossdomain,sight,standard,777,complete,single-pair-aligned-explicit-aspect,5,dev_complete_triplet_micro_f1,0.33352240499149177,2.1415566304432723,0.345475910693302,0.3223684210526316,0.33352240499149177,0.08541422972130853,0.0,1.2673309961196217,0.0,0.0,0.0,0.0,0.0,7615,1905,524,109680642,1061.3327193260193,cuda,lodo_runs/sight/standard/seed_777,2026-09-18T21:02:32.116116+00:00
3,crossdomain,sight,standard,2024,complete,single-pair-aligned-explicit-aspect,5,dev_complete_triplet_micro_f1,0.32902137232845896,2.1364193547080417,0.3377598152424942,0.3207236842105263,0.32902137232845896,0.08406226075240106,0.0,1.313053273699321,0.0,0.0,0.0,0.0,0.0,7615,1905,524,109680642,1059.2570724487305,cuda,lodo_runs/sight/standard/seed_2024,2026-09-18T20:44:26.482865+00:00
3,crossdomain,sight,weighted,13,complete,single-pair-aligned-explicit-aspect,5,dev_complete_triplet_micro_f1,0.2430435466121679,3.6628932780950354,0.17037690103592681,0.4237938596491228,0.2430435466121679,0.09073630572956126,0.03296703296703297,1.0802383500311599,0.0,0.0,0.0,0.0,0.0,7615,1905,524,109680642,1086.8350577354431,cuda,lodo_runs/sight/weighted/seed_13,2026-09-18T05:36:31.195698+00:00
3,crossdomain,sight,weighted,42,complete,single-pair-aligned-explicit-aspect,5,dev_complete_triplet_micro_f1,0.23677581863979846,3.701800468942512,0.16607773851590105,0.41228070175438597,0.23677581863979846,0.09541803181485063,0.054945054945054944,1.0943138621561104,0.0,0.0,0.0,0.0,0.0,7615,1905,524,109680642,1058.6152036190033,cuda,lodo_runs/sight/weighted/seed_42,2026-09-27T21:54:13.530504+00:00
3,crossdomain,sight,weighted,123,complete,single-pair-aligned-explicit-aspect,5,dev_complete_triplet_micro_f1,0.2570635309488813,3.6172839806728323,0.18306582926261922,0.43146929824561403,0.2570635309488813,0.1022605574029652,0.054945054945054944,1.025712208354927,0.0,0.0,0.0,0.0,0.0,7615,1905,524,109680642,1058.8513424396515,cuda,lodo_runs/sight/weighted/seed_123,2026-09-27T09:28:24.093601+00:00
3,crossdomain,sight,weighted,777,complete,single-pair-aligned-explicit-aspect,4,dev_complete_triplet_micro_f1,0.24820613176777562,3.7181259349875373,0.1766480965645311,0.41721491228070173,0.24820613176777562,0.1004931001085989,0.054945054945054944,1.1352769351634244,0.0,0.0,0.0,0.0,0.0,7615,1905,524,109680642,1095.4601531028748,cuda,lodo_runs/sight/weighted/seed_777,2026-09-27T10:05:39.871998+00:00
3,crossdomain,sight,weighted,2024,complete,single-pair-aligned-explicit-aspect,5,dev_complete_triplet_micro_f1,0.2433484750162232,3.617794610217807,0.1728110599078341,0.41118421052631576,0.2433484750162232,0.09937294722713028,0.04395604395604396,1.1577306653910333,0.0,0.0,0.0,0.0,0.0,7615,1905,524,109680642,1078.145822763443,cuda,lodo_runs/sight/weighted/seed_2024,2026-09-27T09:46:50.578887+00:00
