schema_version,mode,held_out_domain,config,seed,status,task_scope,best_epoch,selection_metric,best_dev_micro_f1,dev_loss,dev_micro_precision,dev_micro_recall,dev_micro_f1,dev_macro_f1,dev_rare_category_recall,test_loss,test_micro_precision,test_micro_recall,test_micro_f1,test_macro_f1,test_rare_category_recall,train_size,dev_size,test_size,trainable_params,training_time_sec,device,artifact_dir,completed_at,known_category_f1,aspect_f1,aspect_sentiment_f1,category_coverage,gold_triplets,source_known_gold_triplets,unseen_gold_triplets,unseen_category_count,aspect_missed,category_wrong,extra_predicted,sentiment_wrong
3,crossdomain,food,standard,13,complete,single-pair-aligned-explicit-aspect,5,dev_complete_triplet_micro_f1,0.3336803748047892,2.111736558037811,0.3491285403050109,0.3195413758723828,0.3336803748047892,0.0835011374318416,0.0,2.54864812691185,0.0612745098039215,0.1004016064257028,0.076103500761035,0.0049514755397108,0.0,7518,1874,522,109679873,1073.3534264564514,cuda,D:\UoA\bertfinetune\artifacts\lodo_runs\food\standard\seed_13,2026-09-18T05:54:54.464489+00:00,0.10482180293501048,0.4305343511450382,0.35114503816793896,0.27710843373493976,249,69,180,7,108,109,265,26
3,crossdomain,food,weighted,13,complete,single-pair-aligned-explicit-aspect,4,dev_complete_triplet_micro_f1,0.239645815481291,3.545590629766364,0.1679343474779824,0.4182452642073778,0.239645815481291,0.096129528552568,0.0227272727272727,4.351420873683206,0.0128314798973481,0.0602409638554216,0.0211565585331452,0.0013194550632669,0.0,7518,1874,522,109679873,1073.9256479740145,cuda,D:\UoA\bertfinetune\artifacts\lodo_runs\food\weighted\seed_13,2026-09-18T06:13:19.434362+00:00,0.024232633279483037,0.2891566265060241,0.22804532577903683,0.27710843373493976,249,69,180,7,45,187,958,43
3,crossdomain,coursera,standard,13,complete,single-pair-aligned-explicit-aspect,5,dev_complete_triplet_micro_f1,0.3102108768035516,2.003413429465556,0.3274751025190393,0.2946758039008961,0.3102108768035516,0.0892784186489575,0.0,10.259406780041154,0.0,0.0,0.0,0.0,0.0,7518,1850,566,109663724,1056.0214071273804,cuda,D:\UoA\bertfinetune\artifacts\lodo_runs\coursera\standard\seed_13,2026-09-18T02:51:28.483152+00:00,0.0,0.5136612021857924,0.4911323328785811,0.0024449877750611247,409,1,408,27,221,188,135,8
3,crossdomain,coursera,standard,42,complete,single-pair-aligned-explicit-aspect,5,dev_complete_triplet_micro_f1,0.3040708944890612,2.0296751060595977,0.3203033838973162,0.2894043226146547,0.3040708944890612,0.0788174763608922,0.0,9.560242043221129,0.0,0.0,0.0,0.0,0.0,7518,1850,566,109663724,1043.0310220718384,cuda,D:\UoA\bertfinetune\artifacts\lodo_runs\coursera\standard\seed_42,2026-09-18T10:35:36.560117+00:00,0.0,0.5641025641025641,0.5347985347985348,0.0024449877750611247,409,1,408,27,178,231,179,12
3,crossdomain,coursera,standard,123,complete,single-pair-aligned-explicit-aspect,5,dev_complete_triplet_micro_f1,0.3276805251641138,1.9877315657800612,0.3405343945423536,0.3157617290458618,0.3276805251641138,0.0930633247234708,0.0,9.989425306495942,0.0,0.0,0.0,0.0,0.0,7518,1850,566,109663724,1048.5091633796692,cuda,D:\UoA\bertfinetune\artifacts\lodo_runs\coursera\standard\seed_123,2026-09-18T10:53:38.713632+00:00,0.0,0.5980392156862745,0.5637254901960785,0.0024449877750611247,409,1,408,27,165,244,163,14
3,crossdomain,coursera,standard,2024,complete,single-pair-aligned-explicit-aspect,5,dev_complete_triplet_micro_f1,0.2993946064942212,2.0204353113951568,0.3131836499712147,0.286768581971534,0.2993946064942212,0.0933953857131373,0.0,10.570466782300675,0.0,0.0,0.0,0.0,0.0,7518,1850,566,109663724,1047.9693865776062,cuda,D:\UoA\bertfinetune\artifacts\lodo_runs\coursera\standard\seed_2024,2026-09-18T11:11:31.706778+00:00,0.0,0.5045278137128072,0.47606727037516167,0.0024449877750611247,409,1,408,27,214,195,169,11
3,crossdomain,coursera,standard,777,complete,single-pair-aligned-explicit-aspect,5,dev_complete_triplet_micro_f1,0.3235704323570432,2.018151591011,0.3436018957345971,0.3057459146020032,0.3235704323570432,0.088503388480657,0.0,10.490830427622509,0.0,0.0,0.0,0.0,0.0,7518,1850,566,109663724,1046.9177374839785,cuda,D:\UoA\bertfinetune\artifacts\lodo_runs\coursera\standard\seed_777,2026-09-18T11:29:24.870980+00:00,0.0,0.6132665832290363,0.5882352941176471,0.0024449877750611247,409,1,408,27,164,245,145,10
3,crossdomain,coursera,weighted,13,complete,single-pair-aligned-explicit-aspect,5,dev_complete_triplet_micro_f1,0.237174829239936,3.196762289520346,0.1637239165329053,0.430152872957301,0.237174829239936,0.0976667366397972,0.0256410256410256,7.398952372364988,0.0,0.0,0.0,0.0,0.0,7518,1850,566,109663724,1070.3277010917664,cuda,D:\UoA\bertfinetune\artifacts\lodo_runs\coursera\weighted\seed_13,2026-09-18T03:09:46.060931+00:00,0.0,0.47578947368421054,0.39775910364145656,0.0024449877750611247,409,1,408,27,70,339,677,55
3,crossdomain,coursera,weighted,42,complete,single-pair-aligned-explicit-aspect,5,dev_complete_triplet_micro_f1,0.2406885294554088,3.283804548145837,0.1674927715819909,0.4275171323141802,0.2406885294554088,0.1074849762551304,0.0512820512820512,7.158574525663637,0.0,0.0,0.0,0.0,0.0,7518,1850,566,109663724,1047.4497582912445,cuda,D:\UoA\bertfinetune\artifacts\lodo_runs\coursera\weighted\seed_42,2026-09-18T11:47:16.621832+00:00,0.0,0.47493036211699163,0.3872310895211658,0.0024449877750611247,409,1,408,27,68,341,686,62
3,crossdomain,coursera,weighted,123,complete,single-pair-aligned-explicit-aspect,5,dev_complete_triplet_micro_f1,0.2554581909995544,3.217672157199932,0.1778329197684036,0.4533473906167633,0.2554581909995544,0.1151904433853811,0.0384615384615384,6.942484789095364,0.0,0.0,0.0,0.0,0.0,7518,1850,566,109663724,1045.0593621730804,cuda,D:\UoA\bertfinetune\artifacts\lodo_runs\coursera\weighted\seed_123,2026-09-18T12:05:06.068181+00:00,0.0,0.4717376133984649,0.3888501742160279,0.0024449877750611247,409,1,408,27,71,338,686,59
3,crossdomain,coursera,weighted,2024,complete,single-pair-aligned-explicit-aspect,5,dev_complete_triplet_micro_f1,0.2379193143194916,3.200111515528025,0.1652977412731006,0.4243542435424354,0.2379193143194916,0.1027633316499872,0.0384615384615384,7.761811624170862,0.0,0.0,0.0,0.0,0.0,7518,1850,566,109663724,1045.2952241897583,cuda,D:\UoA\bertfinetune\artifacts\lodo_runs\coursera\weighted\seed_2024,2026-09-18T12:22:55.768014+00:00,0.0,0.47786366830639493,0.3742116327960757,0.0024449877750611247,409,1,408,27,69,340,674,73
3,crossdomain,coursera,weighted,777,complete,single-pair-aligned-explicit-aspect,5,dev_complete_triplet_micro_f1,0.2307135620205529,3.2752209728579533,0.1590183559457302,0.4201370585134423,0.2307135620205529,0.1021063999957218,0.0384615384615384,7.6489257945461455,0.0,0.0,0.0,0.0,0.0,7518,1850,566,109663724,1044.4888744354248,cuda,D:\UoA\bertfinetune\artifacts\lodo_runs\coursera\weighted\seed_777,2026-09-18T12:40:47.544164+00:00,0.0,0.4456163480553725,0.359447004608295,0.0024449877750611247,409,1,408,27,71,338,770,65
3,crossdomain,hotel,standard,13,complete,single-pair-aligned-explicit-aspect,4,dev_complete_triplet_micro_f1,0.3063174114021571,2.0687324440988304,0.3619810633648944,0.265491452991453,0.3063174114021571,0.0742848442996351,0.0,2.239210350285916,0.1648148148148148,0.1639042357274401,0.1643582640812557,0.014026792750197,0.0,7541,1878,584,109662186,1066.117615699768,cuda,D:\UoA\bertfinetune\artifacts\lodo_runs\hotel\standard\seed_13,2026-09-18T03:27:58.399930+00:00,0.23828647925033464,0.5410895660203139,0.515235457063712,0.3812154696132597,543,207,336,27,250,199,247,14
3,crossdomain,hotel,standard,42,complete,single-pair-aligned-explicit-aspect,4,dev_complete_triplet_micro_f1,0.2833283626603042,2.079808806303985,0.3207292370020256,0.2537393162393162,0.2833283626603042,0.0675203314239234,0.0,2.1728601067958846,0.1760154738878143,0.1675874769797421,0.1716981132075472,0.0142320925868001,0.0,7541,1878,584,109662186,1047.2054216861725,cuda,D:\UoA\bertfinetune\artifacts\lodo_runs\hotel\standard\seed_42,2026-09-18T12:58:42.076195+00:00,0.25138121546961323,0.5056603773584906,0.4849056603773585,0.3812154696132597,543,207,336,27,275,173,249,11
3,crossdomain,hotel,standard,123,complete,single-pair-aligned-explicit-aspect,5,dev_complete_triplet_micro_f1,0.3188238685500144,2.019495661337997,0.3462742642454602,0.2954059829059829,0.3188238685500144,0.0858547732457485,0.0,2.3128282785434564,0.1483516483516483,0.149171270718232,0.1487603305785124,0.0148910745472929,0.0,7541,1878,584,109662186,1047.519671201706,cuda,D:\UoA\bertfinetune\artifacts\lodo_runs\hotel\standard\seed_123,2026-09-18T13:16:34.315326+00:00,0.21513944223107573,0.5583103764921946,0.5307621671258035,0.3812154696132597,543,207,336,27,239,217,242,15
3,crossdomain,hotel,standard,2024,complete,single-pair-aligned-explicit-aspect,4,dev_complete_triplet_micro_f1,0.3125,2.058861076631891,0.3528225806451613,0.2804487179487179,0.3125,0.0854054666468688,0.0,2.1528816450711434,0.1486486486486486,0.1620626151012891,0.1550660792951541,0.0135802469135802,0.0,7541,1878,584,109662186,1047.1923944950104,cuda,D:\UoA\bertfinetune\artifacts\lodo_runs\hotel\standard\seed_2024,2026-09-18T13:34:26.327091+00:00,0.2202753441802253,0.5542806707855252,0.527802294792586,0.3812154696132597,543,207,336,27,229,220,276,15
3,crossdomain,hotel,standard,777,complete,single-pair-aligned-explicit-aspect,5,dev_complete_triplet_micro_f1,0.3159722222222222,1.9939478995582385,0.3446969696969697,0.2916666666666667,0.3159722222222222,0.0829332579317216,0.0,1.9177951837189076,0.1489001692047377,0.1620626151012891,0.1552028218694885,0.0133738601823708,0.0,7541,1878,584,109662186,1046.470243215561,cuda,D:\UoA\bertfinetune\artifacts\lodo_runs\hotel\standard\seed_777,2026-09-18T13:52:22.501916+00:00,0.2205513784461153,0.5396825396825397,0.509700176366843,0.3812154696132597,543,207,336,27,237,212,285,17
3,crossdomain,hotel,weighted,13,complete,single-pair-aligned-explicit-aspect,5,dev_complete_triplet_micro_f1,0.2361009776740113,3.3702343997756867,0.1624171853041558,0.4321581196581197,0.2361009776740113,0.0974272369742833,0.0259740259740259,2.699394156836495,0.1038088125466766,0.2559852670349908,0.1477151965993623,0.0111503259039251,0.0,7541,1878,584,109662186,1051.7321627140043,cuda,D:\UoA\bertfinetune\artifacts\lodo_runs\hotel\weighted\seed_13,2026-09-18T03:45:54.982449+00:00,0.17981888745148772,0.4885333333333334,0.45071923281832715,0.3812154696132597,543,207,336,27,85,312,874,35
3,crossdomain,hotel,weighted,42,complete,single-pair-aligned-explicit-aspect,5,dev_complete_triplet_micro_f1,0.2445700684320143,3.286885287069238,0.1694845360824742,0.4391025641025641,0.2445700684320143,0.11407788558198,0.0519480519480519,2.508577139197244,0.0895638629283489,0.2117863720073664,0.1258894362342638,0.0106846270517036,0.0,7541,1878,584,109662186,1048.3023254871368,cuda,D:\UoA\bertfinetune\artifacts\lodo_runs\hotel\weighted\seed_42,2026-09-18T14:10:15.809750+00:00,0.15425888665325282,0.49862712795167496,0.46432491767288697,0.3812154696132597,543,207,336,27,89,332,824,31
3,crossdomain,hotel,weighted,123,complete,single-pair-aligned-explicit-aspect,4,dev_complete_triplet_micro_f1,0.2404175988068605,3.4103148394890925,0.1667701220773846,0.4305555555555556,0.2404175988068605,0.1169888457097153,0.0649350649350649,3.1561597928160987,0.0681458003169572,0.1583793738489871,0.0952908587257617,0.0092386805869951,0.0,7541,1878,584,109662186,1048.9767684936523,cuda,D:\UoA\bertfinetune\artifacts\lodo_runs\hotel\weighted\seed_123,2026-09-18T14:28:12.465445+00:00,0.11708645336963922,0.51,0.4786229872293171,0.3812154696132597,543,207,336,27,84,366,798,28
3,crossdomain,hotel,weighted,2024,complete,single-pair-aligned-explicit-aspect,5,dev_complete_triplet_micro_f1,0.242415229030339,3.313300329485462,0.1679719703215169,0.4353632478632478,0.242415229030339,0.1126765175358516,0.0649350649350649,2.624381452111387,0.1001420454545454,0.2596685082872928,0.1445412608918503,0.0106336358692495,0.0,7541,1878,584,109662186,1050.469067811966,cuda,D:\UoA\bertfinetune\artifacts\lodo_runs\hotel\weighted\seed_2024,2026-09-18T14:46:07.843143+00:00,0.17461300309597524,0.4776119402985074,0.44684129429892144,0.3812154696132597,543,207,336,27,79,313,936,29
3,crossdomain,hotel,weighted,777,complete,single-pair-aligned-explicit-aspect,5,dev_complete_triplet_micro_f1,0.2398949365241499,3.3146701610727445,0.1650271029913672,0.4391025641025641,0.2398949365241499,0.1091060634654753,0.0389610389610389,2.875199491727098,0.0999265246142542,0.2504604051565378,0.1428571428571428,0.0102279053698703,0.0,7541,1878,584,109662186,1047.0570397377014,cuda,D:\UoA\bertfinetune\artifacts\lodo_runs\hotel\weighted\seed_777,2026-09-18T15:04:02.994305+00:00,0.17346938775510204,0.4868282402528977,0.45181674565560825,0.3812154696132597,543,207,336,27,81,315,893,33
3,crossdomain,laptop,standard,13,complete,single-pair-aligned-explicit-aspect,5,dev_complete_triplet_micro_f1,0.3530135301353014,1.7640609161560965,0.3920765027322404,0.3210290827740492,0.3530135301353014,0.1210192691722638,0.0,0.6658630812027074,0.0,0.0,0.0,0.0,0.0,7532,1860,532,109612970,1083.6569728851318,cuda,D:\UoA\bertfinetune\artifacts\lodo_runs\laptop\standard\seed_13,2026-09-18T04:04:26.971210+00:00,0.0,0.4383233532934132,0.41387559808612434,0.0,525,0,525,76,342,183,127,10
3,crossdomain,laptop,standard,42,complete,single-pair-aligned-explicit-aspect,5,dev_complete_triplet_micro_f1,0.3435468895078923,1.784797786223177,0.3846153846153846,0.3104026845637584,0.3435468895078923,0.1054548456814164,0.0,0.6582933581184507,0.0,0.0,0.0,0.0,0.0,7532,1860,532,109612970,1051.0660133361816,cuda,D:\UoA\bertfinetune\artifacts\lodo_runs\laptop\standard\seed_42,2026-09-18T15:21:58.144757+00:00,0.0,0.3748544819557625,0.35389988358556457,0.0,525,0,525,76,364,161,173,9
3,crossdomain,laptop,standard,123,complete,single-pair-aligned-explicit-aspect,5,dev_complete_triplet_micro_f1,0.3645200486026731,1.8020752935979332,0.3989361702127659,0.3355704697986577,0.3645200486026731,0.1183707095107766,0.0,0.6444227039238201,0.0,0.0,0.0,0.0,0.0,7532,1860,532,109612970,1047.745290517807,cuda,D:\UoA\bertfinetune\artifacts\lodo_runs\laptop\standard\seed_123,2026-09-18T15:39:52.548501+00:00,0.0,0.43341404358353514,0.397094430992736,0.0,525,0,525,76,346,179,122,15
3,crossdomain,laptop,standard,2024,complete,single-pair-aligned-explicit-aspect,4,dev_complete_triplet_micro_f1,0.346563981042654,1.7909544602154266,0.3683879093198992,0.3271812080536913,0.346563981042654,0.1130373650245111,0.0,0.6720862638079935,0.0,0.0,0.0,0.0,0.0,7532,1860,532,109612970,1044.2878370285034,cuda,D:\UoA\bertfinetune\artifacts\lodo_runs\laptop\standard\seed_2024,2026-09-18T15:57:42.153548+00:00,0.0,0.39062499999999994,0.37053571428571436,0.0,525,0,525,76,350,175,196,9
3,crossdomain,laptop,standard,777,complete,single-pair-aligned-explicit-aspect,5,dev_complete_triplet_micro_f1,0.3587716631194892,1.7514775257313664,0.3930712858094604,0.3299776286353467,0.3587716631194892,0.1272099638898583,0.0,0.6839787326037651,0.0,0.0,0.0,0.0,0.0,7532,1860,532,109612970,1044.9317195415497,cuda,D:\UoA\bertfinetune\artifacts\lodo_runs\laptop\standard\seed_777,2026-09-18T16:15:31.428370+00:00,0.0,0.3281653746770026,0.31007751937984496,0.0,525,0,525,76,398,127,122,7
3,crossdomain,laptop,weighted,13,complete,single-pair-aligned-explicit-aspect,5,dev_complete_triplet_micro_f1,0.2494344744382446,2.72214739717073,0.170761924427008,0.4625279642058165,0.2494344744382446,0.1312649723846933,0.0925925925925925,0.8366142340591968,0.0,0.0,0.0,0.0,0.0,7532,1860,532,109612970,1079.2490298748016,cuda,D:\UoA\bertfinetune\artifacts\lodo_runs\laptop\weighted\seed_13,2026-09-18T04:22:54.709367+00:00,0.0,0.4855156431054461,0.41203703703703703,0.0,525,0,525,76,106,419,782,63
3,crossdomain,laptop,weighted,42,complete,single-pair-aligned-explicit-aspect,5,dev_complete_triplet_micro_f1,0.2599485550007565,2.6990988269550305,0.1781788010786144,0.4804250559284116,0.2599485550007565,0.1344596543139734,0.1111111111111111,0.836883536012532,0.0,0.0,0.0,0.0,0.0,7532,1860,532,109612970,1044.413661956787,cuda,D:\UoA\bertfinetune\artifacts\lodo_runs\laptop\weighted\seed_42,2026-09-18T16:33:21.990724+00:00,0.0,0.5002929115407148,0.4257309941520468,0.0,525,0,525,76,98,427,755,63
3,crossdomain,laptop,weighted,123,complete,single-pair-aligned-explicit-aspect,5,dev_complete_triplet_micro_f1,0.2455822383325781,2.7412111386974645,0.1682184978274363,0.4546979865771812,0.2455822383325781,0.1328394596308209,0.0555555555555555,0.8498099905781333,0.0,0.0,0.0,0.0,0.0,7532,1860,532,109612970,1045.2359957695007,cuda,D:\UoA\bertfinetune\artifacts\lodo_runs\laptop\weighted\seed_123,2026-09-18T16:51:11.421440+00:00,0.0,0.47754405912450254,0.4106636415201361,0.0,525,0,525,76,105,420,814,58
3,crossdomain,laptop,weighted,2024,complete,single-pair-aligned-explicit-aspect,5,dev_complete_triplet_micro_f1,0.249925617375781,2.6595607370866383,0.170247263883259,0.4697986577181208,0.249925617375781,0.1299027488694374,0.0555555555555555,0.8603112085670921,0.0,0.0,0.0,0.0,0.0,7532,1860,532,109612970,1051.5445075035095,cuda,D:\UoA\bertfinetune\artifacts\lodo_runs\laptop\weighted\seed_2024,2026-09-18T17:09:10.657368+00:00,0.0,0.4893739230327399,0.4162844036697248,0.0,525,0,525,76,99,426,790,63
3,crossdomain,laptop,weighted,777,complete,single-pair-aligned-explicit-aspect,5,dev_complete_triplet_micro_f1,0.250736593989393,2.667325521220064,0.1702,0.4759507829977629,0.250736593989393,0.1250966439322524,0.037037037037037,0.7602039522160172,0.0,0.0,0.0,0.0,0.0,7532,1860,532,109612970,1045.826556682587,cuda,D:\UoA\bertfinetune\artifacts\lodo_runs\laptop\weighted\seed_777,2026-09-18T17:27:04.238316+00:00,0.0,0.5242718446601942,0.45090909090909087,0.0,525,0,525,76,93,432,691,60
3,crossdomain,phone,standard,13,complete,single-pair-aligned-explicit-aspect,5,dev_complete_triplet_micro_f1,0.3510145959416162,2.011394015276611,0.3580246913580246,0.3442737430167598,0.3510145959416162,0.0825070329110392,0.0,0.9862583635393344,0.0,0.0,0.0,0.0,0.0,7520,1879,522,109619891,1065.5266709327698,cuda,D:\UoA\bertfinetune\artifacts\lodo_runs\phone\standard\seed_13,2026-09-18T04:41:07.609434+00:00,0.0,0.2338568935427574,0.22247972190034765,0.0,1179,0,1179,76,978,201,339,9
3,crossdomain,phone,standard,42,complete,single-pair-aligned-explicit-aspect,5,dev_complete_triplet_micro_f1,0.3372052094332981,1.994199754649928,0.339957416607523,0.3344972067039106,0.3372052094332981,0.0879798842110126,0.0,0.9853178984703914,0.0,0.0,0.0,0.0,0.0,7520,1879,522,109619891,1063.744515657425,cuda,D:\UoA\bertfinetune\artifacts\lodo_runs\phone\standard\seed_42,2026-09-18T17:45:15.526062+00:00,0.0,0.19019492025989368,0.179456906729634,0.0,1179,0,1179,76,1018,161,353,9
3,crossdomain,phone,standard,123,complete,single-pair-aligned-explicit-aspect,5,dev_complete_triplet_micro_f1,0.3424420615703909,1.9851327431263883,0.339273474982865,0.3456703910614525,0.3424420615703909,0.0860562965307972,0.0,0.9948934206123216,0.0,0.0,0.0,0.0,0.0,7520,1879,522,109619891,1052.9669499397278,cuda,D:\UoA\bertfinetune\artifacts\lodo_runs\phone\standard\seed_123,2026-09-18T18:03:12.344245+00:00,0.0,0.2219705549263873,0.21254946297343133,0.0,1179,0,1179,76,983,196,391,8
3,crossdomain,phone,standard,2024,complete,single-pair-aligned-explicit-aspect,5,dev_complete_triplet_micro_f1,0.3400924937744575,1.9817406273984632,0.346627991298042,0.3337988826815642,0.3400924937744575,0.0850772108641624,0.0,0.9997683709118336,0.0,0.0,0.0,0.0,0.0,7520,1879,522,109619891,1046.8222670555117,cuda,D:\UoA\bertfinetune\artifacts\lodo_runs\phone\standard\seed_2024,2026-09-18T18:21:04.025823+00:00,0.0,0.22929237520570486,0.21796276013143484,0.0,1179,0,1179,76,970,209,435,10
3,crossdomain,phone,standard,777,complete,single-pair-aligned-explicit-aspect,5,dev_complete_triplet_micro_f1,0.3383119138589788,2.007319832095428,0.3365583966827919,0.3400837988826816,0.3383119138589788,0.0734824778019791,0.0,0.9878806888462266,0.0,0.0,0.0,0.0,0.0,7520,1879,522,109619891,1043.8764889240265,cuda,D:\UoA\bertfinetune\artifacts\lodo_runs\phone\standard\seed_777,2026-09-18T18:38:52.563204+00:00,0.0,0.21914893617021278,0.21303656597774245,0.0,1179,0,1179,76,973,206,495,5
3,crossdomain,phone,weighted,13,complete,single-pair-aligned-explicit-aspect,5,dev_complete_triplet_micro_f1,0.2782174094127446,2.8621444311215503,0.1982195845697329,0.4664804469273743,0.2782174094127446,0.105227102569209,0.0149253731343283,1.171053896048627,0.0,0.0,0.0,0.0,0.0,7520,1879,522,109619891,1060.39798951149,cuda,D:\UoA\bertfinetune\artifacts\lodo_runs\phone\weighted\seed_13,2026-09-18T04:59:18.218925+00:00,0.0,0.34356261022927687,0.311406578026592,0.0,1179,0,1179,76,692,487,1169,42
3,crossdomain,phone,weighted,42,complete,single-pair-aligned-explicit-aspect,5,dev_complete_triplet_micro_f1,0.2707513972262471,2.8693635086520857,0.1924095322153574,0.4567039106145251,0.2707513972262471,0.1002528062330752,0.044776119402985,1.137020845323658,0.0,0.0,0.0,0.0,0.0,7520,1879,522,109619891,1043.229243516922,cuda,D:\UoA\bertfinetune\artifacts\lodo_runs\phone\weighted\seed_42,2026-09-18T18:56:43.068894+00:00,0.0,0.32947976878612717,0.29504666188083273,0.0,1179,0,1179,76,723,456,1133,45
3,crossdomain,phone,weighted,123,complete,single-pair-aligned-explicit-aspect,5,dev_complete_triplet_micro_f1,0.2750850340136054,2.841599240611431,0.1977383863080684,0.4518156424581006,0.2750850340136054,0.0952515740280174,0.0149253731343283,1.105004524029377,0.0,0.0,0.0,0.0,0.0,7520,1879,522,109619891,1042.9027910232544,cuda,D:\UoA\bertfinetune\artifacts\lodo_runs\phone\weighted\seed_123,2026-09-18T19:14:32.302888+00:00,0.0,0.33170048985304407,0.2974287699791522,0.0,1179,0,1179,76,705,474,1205,46
3,crossdomain,phone,weighted,2024,complete,single-pair-aligned-explicit-aspect,5,dev_complete_triplet_micro_f1,0.2706672261854805,2.8754133836785494,0.1934613077384523,0.4504189944134078,0.2706672261854805,0.0974783949149229,0.0298507462686567,1.127360985256738,0.0,0.0,0.0,0.0,0.0,7520,1879,522,109619891,1042.1839702129364,cuda,D:\UoA\bertfinetune\artifacts\lodo_runs\phone\weighted\seed_2024,2026-09-18T19:32:19.878015+00:00,0.0,0.350262697022767,0.31369815266643436,0.0,1179,0,1179,76,679,500,1176,50
3,crossdomain,phone,weighted,777,complete,single-pair-aligned-explicit-aspect,5,dev_complete_triplet_micro_f1,0.2583162217659137,2.937698059147283,0.1829552065154159,0.4392458100558659,0.2583162217659137,0.1069680982038869,0.044776119402985,1.109758097847461,0.0,0.0,0.0,0.0,0.0,7520,1879,522,109619891,1047.182463645935,cuda,D:\UoA\bertfinetune\artifacts\lodo_runs\phone\weighted\seed_777,2026-09-18T19:50:11.155694+00:00,0.0,0.3354385964912281,0.29867411025819957,0.0,1179,0,1179,76,701,478,1193,50
3,crossdomain,sight,standard,13,complete,single-pair-aligned-explicit-aspect,5,dev_complete_triplet_micro_f1,0.3411150782751991,2.1542542598930456,0.3417721518987341,0.3404605263157895,0.3411150782751991,0.0905212413979378,0.0,1.3274995228315596,0.0,0.0,0.0,0.0,0.0,7615,1905,524,109680642,1085.0867176055908,cuda,D:\UoA\bertfinetune\artifacts\lodo_runs\sight\standard\seed_13,2026-09-18T05:17:53.891125+00:00,0.0,0.33611691022964507,0.2985386221294363,0.0,696,0,696,5,535,161,101,18
3,crossdomain,sight,standard,42,complete,single-pair-aligned-explicit-aspect,5,dev_complete_triplet_micro_f1,0.3232830820770518,2.1535094041843785,0.3293515358361775,0.3174342105263157,0.3232830820770518,0.0827775518085399,0.0,1.3364427759272477,0.0,0.0,0.0,0.0,0.0,7615,1905,524,109680642,1059.4262146949768,cuda,D:\UoA\bertfinetune\artifacts\lodo_runs\sight\standard\seed_42,2026-09-18T20:08:18.103348+00:00,0.0,0.31635969664138675,0.28602383531960995,0.0,696,0,696,5,550,146,81,14
3,crossdomain,sight,standard,123,complete,single-pair-aligned-explicit-aspect,5,dev_complete_triplet_micro_f1,0.3307626392459297,2.1580287675664622,0.3452593917710196,0.3174342105263157,0.3307626392459297,0.0804806688304814,0.0,1.281413439095986,0.0,0.0,0.0,0.0,0.0,7615,1905,524,109680642,1059.4129946231842,cuda,D:\UoA\bertfinetune\artifacts\lodo_runs\sight\standard\seed_123,2026-09-18T20:26:22.907628+00:00,0.0,0.20507166482910694,0.18302094818081585,0.0,696,0,696,5,603,93,118,10
3,crossdomain,sight,standard,2024,complete,single-pair-aligned-explicit-aspect,5,dev_complete_triplet_micro_f1,0.3290213723284589,2.1364193547080417,0.3377598152424942,0.3207236842105263,0.3290213723284589,0.084062260752401,0.0,1.313053273699321,0.0,0.0,0.0,0.0,0.0,7615,1905,524,109680642,1059.2570724487305,cuda,D:\UoA\bertfinetune\artifacts\lodo_runs\sight\standard\seed_2024,2026-09-18T20:44:26.482865+00:00,0.0,0.23138602520045817,0.20847651775486825,0.0,696,0,696,5,595,101,76,10
3,crossdomain,sight,standard,777,complete,single-pair-aligned-explicit-aspect,5,dev_complete_triplet_micro_f1,0.3335224049914917,2.1415566304432723,0.345475910693302,0.3223684210526316,0.3335224049914917,0.0854142297213085,0.0,1.2673309961196215,0.0,0.0,0.0,0.0,0.0,7615,1905,524,109680642,1061.3327193260193,cuda,D:\UoA\bertfinetune\artifacts\lodo_runs\sight\standard\seed_777,2026-09-18T21:02:32.116116+00:00,0.0,0.23581757508342602,0.20912124582869854,0.0,696,0,696,5,590,106,97,12
3,crossdomain,sight,weighted,13,complete,single-pair-aligned-explicit-aspect,5,dev_complete_triplet_micro_f1,0.2430435466121679,3.6628932780950354,0.1703769010359268,0.4237938596491228,0.2430435466121679,0.0907363057295612,0.0329670329670329,1.08023835003116,0.0,0.0,0.0,0.0,0.0,7615,1905,524,109680642,1086.8350577354431,cuda,D:\UoA\bertfinetune\artifacts\lodo_runs\sight\weighted\seed_13,2026-09-18T05:36:31.195698+00:00,0.0,0.4374614910659273,0.3423312883435583,0.0,696,0,696,5,341,355,572,76
