study,role,recipe,trial_id,split,selection_metric,seed,epochs,lr,best_epoch,loss_type,ce_weight,weighted_ce_weight,focal_gamma,vocabulary_scope,null_loss,representation,null_loss_weight,null_focal_gamma,negative_sampling,null_head,threshold,null_precision,null_recall,explicit_f1,null_f1,combined_f1
Quick screens,focal_2; LR=2e-05; 5 epochs,focal_2,focal_2_8e92909d4e3b,dev,explicit,13,5,2e-05,5,focal,1.0,0.5,2.0,auto,inactive,inactive,0.5,,all,False,0.5,0.0,0.0,0.3086160312218553,0.0,0.2631848438300051
Quick screens,mixed_025; LR=2e-05; 5 epochs,mixed_025,mixed_025_ab40cdd00db0,dev,explicit,13,5,2e-05,5,mixed,0.75,0.25,2.0,auto,inactive,inactive,0.5,,all,False,0.5,0.0,0.0,0.3328643216080402,0.0,0.2983783783783784
Quick screens,mixed_033; LR=2e-05; 5 epochs,mixed_033,mixed_033_b29abfd99fa6,dev,explicit,13,5,2e-05,5,mixed,0.6666666666666667,0.3333333333333333,2.0,auto,inactive,inactive,0.5,,all,False,0.5,0.0,0.0,0.3287409108304631,0.0,0.29615583520082744
Quick screens,mixed_050; LR=2e-05; 5 epochs,mixed_050,mixed_050_28230633aa41,dev,explicit,13,5,2e-05,5,mixed,0.5,0.5,2.0,auto,inactive,inactive,0.5,,all,False,0.5,0.0,0.0,0.30568302153194493,0.0,0.2775196282647012
Quick screens,standard; LR=2e-05; 5 epochs,standard,standard_dc1c37f41da3,dev,explicit,13,5,2e-05,5,standard,1.0,0.5,2.0,auto,inactive,inactive,0.5,,all,False,0.5,0.0,0.0,0.30822114007447726,0.0,0.26463354648303
Quick screens,weighted; LR=2e-05; 5 epochs,weighted,weighted_dbc809433ea0,dev,explicit,13,5,2e-05,5,weighted,1.0,0.5,2.0,auto,inactive,inactive,0.5,,all,False,0.5,0.0,0.0,0.22084332252150612,0.0,0.2042786329246021
Quick screens,mixed_025; LR=1e-05; 5 epochs,mixed_025,mixed_025_728834a76d3e,dev,explicit,13,5,1e-05,5,mixed,0.75,0.25,2.0,auto,inactive,inactive,0.5,,all,False,0.5,0.0,0.0,0.262706796890572,0.0,0.23569384835479257
Quick screens,mixed_025; LR=3e-05; 5 epochs,mixed_025,mixed_025_da1a88a51a5f,dev,explicit,13,5,3e-05,5,mixed,0.75,0.25,2.0,auto,inactive,inactive,0.5,,all,False,0.5,0.0,0.0,0.3635993485342019,0.0,0.3254966283943867
Quick screens,mixed_025; LR=3e-05; 5 epochs,mixed_025,mixed_025_393b9e11646e,dev,explicit,13,5,3e-05,5,mixed,0.75,0.25,2.0,explicit-null,inactive,inactive,0.5,,all,False,0.5,0.0,0.0,0.36278881232265914,0.0,0.3249228535124342
Quick screens,mixed_025; LR=3e-05; 5 epochs,mixed_025,mixed_025_d578b358d050,dev,explicit,13,5,3e-05,5,mixed,0.75,0.25,2.0,explicit-null,bce,cls,0.5,,all,True,0.2,0.06484295845997974,0.11130434782608696,0.3607480394128293,0.08194622279129321,0.29410864575363427
Quick screens,mixed_025; LR=3e-05; 5 epochs,mixed_025,mixed_025_f8a8e7713832,dev,explicit,13,5,3e-05,5,mixed,0.75,0.25,2.0,explicit-null,bce,cls,0.5,,all,True,0.4,0.04473257698541329,0.24,0.3623834616943656,0.07540983606557376,0.24016755876192694
NULL screens,null_off; LR=3e-05; 3 epochs,null_off,null_off_e2306bf501df,dev,combined,13,3,3e-05,3,mixed,0.75,0.25,2.0,explicit-null,bce,cls,0.5,2.0,all,False,1.0,0.0,0.0,0.32143577334139944,0.0,0.28803758583303213
NULL screens,bce_cls; LR=3e-05; 3 epochs,bce_cls,bce_cls_72b9117e2b7f,dev,combined,13,3,3e-05,3,mixed,0.75,0.25,2.0,explicit-null,bce,cls,0.5,2.0,all,True,1.0,0.0,0.0,0.3212916246215944,0.0,0.2878842676311031
NULL screens,focal_cls; LR=3e-05; 3 epochs,focal_cls,focal_cls_cb0f8a9e7ef7,dev,combined,13,3,3e-05,3,mixed,0.75,0.25,2.0,explicit-null,focal,cls,0.5,2.0,all,True,1.0,0.0,0.0,0.32179720704310866,0.0,0.28825235678027555
NULL screens,asl_cls; LR=3e-05; 3 epochs,asl_cls,asl_cls_ccd29d82c495,dev,combined,13,3,3e-05,3,mixed,0.75,0.25,2.0,explicit-null,asl,cls,0.5,2.0,all,True,1.0,0.0,0.0,0.3160261651676206,0.0,0.282787634900311
NULL screens,focal_ia; LR=3e-05; 3 epochs,focal_ia,focal_ia_3a9090049047,dev,combined,13,3,3e-05,3,mixed,0.75,0.25,2.0,explicit-null,focal,ia,0.5,2.0,all,True,1.0,0.0,0.0,0.32654706712356385,0.0,0.29263005780346824
NULL screens,focal_ia_attention; LR=3e-05; 3 epochs,focal_ia_attention,focal_ia_attention_013a87dbfbd4,dev,combined,13,3,3e-05,3,mixed,0.75,0.25,2.0,explicit-null,focal,ia_attention,0.5,2.0,all,True,1.0,0.0,0.0,0.32721404075045396,0.0,0.2932031814895156
NULL screens,focal_ia_attention_random; LR=3e-05; 3 epochs,focal_ia_attention_random,focal_ia_attention_random_b3d539181258,dev,combined,13,3,3e-05,3,mixed,0.75,0.25,2.0,explicit-null,focal,ia_attention,0.5,2.0,random,True,1.0,0.0,0.0,0.3228314238952537,0.0,0.2888522789676002
NULL screens,focal_ia_attention_hard; LR=3e-05; 3 epochs,focal_ia_attention_hard,focal_ia_attention_hard_95336217e8b1,dev,combined,13,3,3e-05,3,mixed,0.75,0.25,2.0,explicit-null,focal,ia_attention,0.5,2.0,hard,True,1.0,0.0,0.0,0.3232117383329937,0.0,0.28931047063115656
NULL screens,focal_ia_attention_weight; LR=3e-05; 3 epochs,focal_ia_attention_weight,focal_ia_attention_weight_846ad93ada99,dev,combined,13,3,3e-05,3,mixed,0.75,0.25,2.0,explicit-null,focal,ia_attention,0.1,2.0,all,True,1.0,0.0,0.0,0.32443365695792875,0.0,0.290632360934952
NULL screens,focal_ia_attention_gamma; LR=3e-05; 3 epochs,focal_ia_attention_gamma,focal_ia_attention_gamma_6fd4c60ddd2d,dev,combined,13,3,3e-05,3,mixed,0.75,0.25,2.0,explicit-null,focal,ia_attention,0.5,1.0,all,True,1.0,0.0,0.0,0.32531824611032534,0.0,0.2914554670528603
