study,role,trial_id,seed,domain,explicit_f1,null_f1,term_f1,term_sentiment_f1,category_coverage,eligible_gold,category,correct,sentiment,term
Quick tuning,Best NULL off,mixed_025_da1a88a51a5f,123,coursera,0.42967884828349945,0.0,0.6400885935769657,0.5780730897009967,0.9943019943019943,351,82,194,13,62
Quick tuning,Best NULL off,mixed_025_da1a88a51a5f,123,food,0.25159914712153525,0.0,0.5042735042735044,0.4392324093816632,0.9899497487437185,199,53,59,6,81
Quick tuning,Best NULL off,mixed_025_da1a88a51a5f,123,hotel,0.4682675814751286,0.0,0.6174957118353344,0.5917667238421955,1.0,436,77,273,10,76
Quick tuning,Best NULL off,mixed_025_da1a88a51a5f,123,laptop,0.2825531914893617,0.0,0.696763202725724,0.6286201022146507,0.9858299595141701,494,224,166,19,85
Quick tuning,Best NULL off,mixed_025_da1a88a51a5f,123,phone,0.4032677311548458,0.0,0.5033457249070633,0.4730783512810991,0.9972451790633609,1089,103,543,31,412
Quick tuning,Best NULL off,mixed_025_da1a88a51a5f,123,restaurant,0.5892116182572614,0.0,0.7192691029900332,0.6688796680497925,1.0,523,56,355,22,90
Quick tuning,Best NULL off,mixed_025_da1a88a51a5f,123,sight,0.3735795454545454,0.0,0.5046197583511016,0.4303977272727273,1.0,636,54,263,38,281
Quick tuning,Best NULL off,mixed_025_da1a88a51a5f,13,coursera,0.42998897464167585,0.0,0.6320441988950277,0.5667034178610805,0.9943019943019943,351,75,195,16,65
Quick tuning,Best NULL off,mixed_025_da1a88a51a5f,13,food,0.2395209580838323,0.0,0.47105788423153694,0.41117764471057894,0.9899497487437185,199,51,60,7,81
Quick tuning,Best NULL off,mixed_025_da1a88a51a5f,13,hotel,0.45680068434559457,0.0,0.6176218990590248,0.5919589392643285,1.0,436,83,267,11,75
Quick tuning,Best NULL off,mixed_025_da1a88a51a5f,13,laptop,0.27012987012987016,0.0,0.6857142857142857,0.6147186147186147,0.9858299595141701,494,221,156,19,98
Quick tuning,Best NULL off,mixed_025_da1a88a51a5f,13,phone,0.4005858659831563,0.0,0.4944974321349963,0.47162211644086416,0.9972451790633609,1089,102,547,25,415
Quick tuning,Best NULL off,mixed_025_da1a88a51a5f,13,restaurant,0.5777414075286416,0.0,0.7163934426229508,0.6633906633906632,1.0,523,56,353,28,86
Quick tuning,Best NULL off,mixed_025_da1a88a51a5f,13,sight,0.38359972202918696,0.0,0.5118219749652295,0.42946490618485056,1.0,636,44,276,48,268
Quick tuning,Best NULL off,mixed_025_da1a88a51a5f,2024,coursera,0.42259887005649716,0.0,0.6440677966101694,0.5762711864406779,0.9943019943019943,351,79,187,19,66
Quick tuning,Best NULL off,mixed_025_da1a88a51a5f,2024,food,0.25316455696202533,0.0,0.45991561181434604,0.42194092827004215,0.9899497487437185,199,45,60,4,90
Quick tuning,Best NULL off,mixed_025_da1a88a51a5f,2024,hotel,0.44635193133047213,0.0,0.592274678111588,0.5682403433476394,1.0,436,75,260,10,91
Quick tuning,Best NULL off,mixed_025_da1a88a51a5f,2024,laptop,0.24053826745164003,0.0,0.6644182124789207,0.5880370682392587,0.9858299595141701,494,229,143,22,100
Quick tuning,Best NULL off,mixed_025_da1a88a51a5f,2024,phone,0.3895017116774439,0.0,0.4840182648401826,0.4617725370863446,0.9972451790633609,1089,104,512,20,453
Quick tuning,Best NULL off,mixed_025_da1a88a51a5f,2024,restaurant,0.5637583892617449,0.0,0.6907563025210084,0.6409395973154363,1.0,523,52,336,23,112
Quick tuning,Best NULL off,mixed_025_da1a88a51a5f,2024,sight,0.37000700770847933,0.0,0.5105189340813464,0.42496493688639553,1.0,636,52,264,48,272
Quick tuning,Best NULL off,mixed_025_da1a88a51a5f,42,coursera,0.42224744608399545,0.0,0.637911464245176,0.5629965947786606,0.9943019943019943,351,77,186,18,70
Quick tuning,Best NULL off,mixed_025_da1a88a51a5f,42,food,0.22222222222222224,0.0,0.4737945492662474,0.40670859538784065,0.9899497487437185,199,55,53,5,86
Quick tuning,Best NULL off,mixed_025_da1a88a51a5f,42,hotel,0.4809228039041704,0.0,0.6193433895297249,0.5980479148181012,1.0,436,69,271,9,87
Quick tuning,Best NULL off,mixed_025_da1a88a51a5f,42,laptop,0.26966292134831465,0.0,0.68630849220104,0.6216450216450217,0.9858299595141701,494,220,156,20,98
Quick tuning,Best NULL off,mixed_025_da1a88a51a5f,42,phone,0.39272457312546405,0.0,0.4933135215453195,0.4684484038604306,0.9972451790633609,1089,106,529,29,425
Quick tuning,Best NULL off,mixed_025_da1a88a51a5f,42,restaurant,0.5759865659109992,0.0,0.6941176470588235,0.6465155331654072,1.0,523,47,343,23,110
Quick tuning,Best NULL off,mixed_025_da1a88a51a5f,42,sight,0.3582295988934993,0.0,0.4951590594744122,0.4107883817427386,1.0,636,49,259,50,278
Quick tuning,Best NULL off,mixed_025_da1a88a51a5f,777,coursera,0.4300822561692127,0.0,0.63689776733255,0.5781433607520564,0.9943019943019943,351,72,183,16,80
Quick tuning,Best NULL off,mixed_025_da1a88a51a5f,777,food,0.22588235294117648,0.0,0.45176470588235296,0.41411764705882353,0.9899497487437185,199,45,48,3,103
Quick tuning,Best NULL off,mixed_025_da1a88a51a5f,777,hotel,0.4816753926701571,0.0,0.6265270506108203,0.6073298429319371,1.0,436,74,276,9,77
Quick tuning,Best NULL off,mixed_025_da1a88a51a5f,777,laptop,0.2789473684210526,0.0,0.6953467954345918,0.6298245614035087,0.9858299595141701,494,218,159,19,98
Quick tuning,Best NULL off,mixed_025_da1a88a51a5f,777,phone,0.3944586219467736,0.0,0.48248175182481756,0.46372584761210356,0.9972451790633609,1089,100,541,20,428
Quick tuning,Best NULL off,mixed_025_da1a88a51a5f,777,restaurant,0.5682403433476395,0.0,0.70446735395189,0.6437768240343348,1.0,523,47,331,32,113
Quick tuning,Best NULL off,mixed_025_da1a88a51a5f,777,sight,0.35862068965517235,0.0,0.48861283643892334,0.4041379310344828,1.0,636,45,260,49,282
Quick tuning,Best NULL on,mixed_025_d578b358d050,123,coursera,0.40772532188841204,0.018823529411764708,0.6229860365198712,0.5579399141630901,0.9971509971509972,351,85,190,15,61
Quick tuning,Best NULL on,mixed_025_d578b358d050,123,food,0.2569593147751606,0.2388392857142857,0.49785407725321884,0.4411134903640257,1.0,199,52,60,4,83
Quick tuning,Best NULL on,mixed_025_d578b358d050,123,hotel,0.47766323024054985,0.0,0.6345657781599312,0.6082474226804124,1.0,436,82,278,9,67
Quick tuning,Best NULL on,mixed_025_d578b358d050,123,laptop,0.2852320675105485,0.0,0.6875,0.6148648648648649,0.9878542510121457,494,216,169,22,87
Quick tuning,Best NULL on,mixed_025_d578b358d050,123,phone,0.40176276165993385,0.0,0.49338235294117644,0.46730345334313006,0.9972451790633609,1089,99,547,25,418
Quick tuning,Best NULL on,mixed_025_d578b358d050,123,restaurant,0.5909090909090908,0.0750853242320819,0.7245155855096883,0.6722830665543387,1.0,523,54,351,25,93
Quick tuning,Best NULL on,mixed_025_d578b358d050,123,sight,0.38401142041399006,0.0,0.5160829163688349,0.43968593861527483,1.0,636,51,269,41,275
Quick tuning,Best NULL on,mixed_025_d578b358d050,13,coursera,0.41501103752759383,0.017543859649122806,0.6247240618101545,0.5584988962472406,0.9971509971509972,351,80,188,15,68
Quick tuning,Best NULL on,mixed_025_d578b358d050,13,food,0.23721881390593047,0.23440860215053766,0.47950819672131145,0.42535787321063395,1.0,199,52,58,7,82
Quick tuning,Best NULL on,mixed_025_d578b358d050,13,hotel,0.4617996604414262,0.0,0.6196943972835315,0.597623089983022,1.0,436,83,272,10,71
Quick tuning,Best NULL on,mixed_025_d578b358d050,13,laptop,0.26711749788672867,0.0,0.6920473773265651,0.6221470836855452,0.9878542510121457,494,232,158,19,85
Quick tuning,Best NULL on,mixed_025_d578b358d050,13,phone,0.3991212010252655,0.0,0.4948604992657855,0.47123488457310375,0.9972451790633609,1089,106,545,23,415
Quick tuning,Best NULL on,mixed_025_d578b358d050,13,restaurant,0.5964052287581699,0.05194805194805195,0.732624693376942,0.6699346405228758,1.0,523,52,365,31,75
Quick tuning,Best NULL on,mixed_025_d578b358d050,13,sight,0.3766323024054983,0.0,0.5134205092911218,0.4291609353507565,1.0,636,51,274,48,263
Quick tuning,Best NULL on,mixed_025_d578b358d050,2024,coursera,0.4220994475138122,0.0,0.6475138121546962,0.5922651933701657,0.9971509971509972,351,87,191,15,58
Quick tuning,Best NULL on,mixed_025_d578b358d050,2024,food,0.2425531914893617,0.2594718714121699,0.4851063829787234,0.4212765957446808,1.0,199,51,57,6,85
Quick tuning,Best NULL on,mixed_025_d578b358d050,2024,hotel,0.4605954465849387,0.0,0.6024518388791594,0.584938704028021,1.0,436,71,263,10,92
Quick tuning,Best NULL on,mixed_025_d578b358d050,2024,laptop,0.24288107202680068,0.0,0.6432160804020101,0.576214405360134,0.9878542510121457,494,215,145,24,110
Quick tuning,Best NULL on,mixed_025_d578b358d050,2024,phone,0.4178640776699029,0.0,0.5077760497667185,0.4825174825174825,0.9972451790633609,1089,89,538,26,436
Quick tuning,Best NULL on,mixed_025_d578b358d050,2024,restaurant,0.5494505494505494,0.03773584905660377,0.6863905325443788,0.635672020287405,1.0,523,56,325,25,117
Quick tuning,Best NULL on,mixed_025_d578b358d050,2024,sight,0.36506800286327845,0.0,0.5085959885386819,0.4240687679083095,1.0,636,55,255,45,281
Quick tuning,Best NULL on,mixed_025_d578b358d050,42,coursera,0.4311512415349887,0.004914004914004914,0.6455981941309256,0.5778781038374717,0.9971509971509972,351,78,191,17,65
Quick tuning,Best NULL on,mixed_025_d578b358d050,42,food,0.22499999999999998,0.2235872235872236,0.47916666666666663,0.4166666666666667,1.0,199,56,54,5,84
Quick tuning,Best NULL on,mixed_025_d578b358d050,42,hotel,0.46944198405668736,0.0,0.6271036315323295,0.6023029229406555,1.0,436,81,265,8,82
Quick tuning,Best NULL on,mixed_025_d578b358d050,42,laptop,0.26379310344827583,0.0,0.6764452113891286,0.596551724137931,0.9878542510121457,494,215,153,24,102
Quick tuning,Best NULL on,mixed_025_d578b358d050,42,phone,0.4030188679245283,0.0,0.49018126888217517,0.47018867924528296,0.9972451790633609,1089,96,534,19,440
Quick tuning,Best NULL on,mixed_025_d578b358d050,42,restaurant,0.5721476510067114,0.08674698795180721,0.7069689336691857,0.6543624161073827,1.0,523,54,341,26,102
Quick tuning,Best NULL on,mixed_025_d578b358d050,42,sight,0.36867636867636866,0.0,0.5145631067961165,0.42966042966042967,1.0,636,56,266,49,265
Quick tuning,Best NULL on,mixed_025_d578b358d050,777,coursera,0.4293915040183696,0.0,0.6513233601841197,0.5855338691159586,0.9971509971509972,351,79,187,17,68
Quick tuning,Best NULL on,mixed_025_d578b358d050,777,food,0.2327586206896552,0.22254335260115607,0.4655172413793104,0.4267241379310344,1.0,199,51,54,3,91
Quick tuning,Best NULL on,mixed_025_d578b358d050,777,hotel,0.48148148148148145,0.0,0.6195939982347749,0.5961199294532628,1.0,436,68,273,10,85
Quick tuning,Best NULL on,mixed_025_d578b358d050,777,laptop,0.2679509632224168,0.0,0.6976336546888694,0.6304728546409807,0.9878542510121457,494,228,153,17,96
Quick tuning,Best NULL on,mixed_025_d578b358d050,777,phone,0.4016393442622951,0.0,0.5037313432835822,0.4800596347372344,0.9972451790633609,1089,118,539,18,414
Quick tuning,Best NULL on,mixed_025_d578b358d050,777,restaurant,0.5826906598114824,0.04866180048661801,0.7152658662092624,0.6563838903170524,1.0,523,49,340,28,106
Quick tuning,Best NULL on,mixed_025_d578b358d050,777,sight,0.3771746694502436,0.0,0.504881450488145,0.42867084203201117,1.0,636,48,271,43,274
Quick tuning,Vocabulary control,mixed_025_393b9e11646e,123,coursera,0.4104234527687296,0.0,0.6217391304347826,0.5602605863192183,0.9971509971509972,351,82,189,15,65
Quick tuning,Vocabulary control,mixed_025_393b9e11646e,123,food,0.25630252100840334,0.0,0.5136842105263159,0.453781512605042,1.0,199,55,61,6,77
Quick tuning,Vocabulary control,mixed_025_393b9e11646e,123,hotel,0.48103448275862065,0.0,0.6293103448275862,0.6051724137931036,1.0,436,78,279,8,71
Quick tuning,Vocabulary control,mixed_025_393b9e11646e,123,laptop,0.27918781725888325,0.0,0.688663282571912,0.622673434856176,0.9878542510121457,494,222,165,20,87
Quick tuning,Vocabulary control,mixed_025_393b9e11646e,123,phone,0.40223048327137545,0.0,0.49237634808478986,0.4698884758364313,0.9972451790633609,1089,99,541,22,427
Quick tuning,Vocabulary control,mixed_025_393b9e11646e,123,restaurant,0.594776748104465,0.0,0.7278854254422915,0.6756529064869418,1.0,523,53,353,26,91
Quick tuning,Vocabulary control,mixed_025_393b9e11646e,123,sight,0.38626609442060084,0.0,0.5168217609162492,0.4420600858369099,1.0,636,50,270,41,275
Quick tuning,Vocabulary control,mixed_025_393b9e11646e,13,coursera,0.42024202420242024,0.0,0.6226622662266227,0.5632563256325633,0.9971509971509972,351,77,191,15,68
Quick tuning,Vocabulary control,mixed_025_393b9e11646e,13,food,0.23360655737704916,0.0,0.4672131147540983,0.40983606557377045,1.0,199,49,57,8,85
Quick tuning,Vocabulary control,mixed_025_393b9e11646e,13,hotel,0.4590443686006826,0.0,0.6160409556313993,0.5955631399317407,1.0,436,82,269,10,75
Quick tuning,Vocabulary control,mixed_025_393b9e11646e,13,laptop,0.2548523206751055,0.0,0.6756756756756757,0.6059071729957807,0.9878542510121457,494,229,151,20,94
Quick tuning,Vocabulary control,mixed_025_393b9e11646e,13,phone,0.3976650857351331,0.0,0.49287020109689206,0.4695144213216503,0.9972451790633609,1089,107,545,22,415
Quick tuning,Vocabulary control,mixed_025_393b9e11646e,13,restaurant,0.5949470252648736,0.0,0.723265306122449,0.6623164763458401,1.0,523,48,365,30,80
Quick tuning,Vocabulary control,mixed_025_393b9e11646e,13,sight,0.3808864265927978,0.0,0.5176960444136017,0.4313453536754508,1.0,636,50,275,48,263
Quick tuning,Vocabulary control,mixed_025_393b9e11646e,2024,coursera,0.43261608154020387,0.0,0.6432616081540204,0.5866364665911665,0.9971509971509972,351,80,191,13,67
Quick tuning,Vocabulary control,mixed_025_393b9e11646e,2024,food,0.25917926565874727,0.0,0.48812095032397407,0.4319654427645788,1.0,199,48,60,5,86
Quick tuning,Vocabulary control,mixed_025_393b9e11646e,2024,hotel,0.466724286949006,0.0,0.6171132238547969,0.5998271391529818,1.0,436,78,270,9,79
Quick tuning,Vocabulary control,mixed_025_393b9e11646e,2024,laptop,0.26057529610829105,0.0,0.6632825719120136,0.583756345177665,0.9878542510121457,494,212,154,26,102
Quick tuning,Vocabulary control,mixed_025_393b9e11646e,2024,phone,0.4141749723145071,0.0,0.5040650406504066,0.47858197932053176,0.9972451790633609,1089,93,561,28,407
Quick tuning,Vocabulary control,mixed_025_393b9e11646e,2024,restaurant,0.5584524810765349,0.0,0.6913372582001682,0.6408746846089151,1.0,523,55,332,24,112
Quick tuning,Vocabulary control,mixed_025_393b9e11646e,2024,sight,0.36657303370786515,0.0,0.511595221363317,0.4258608573436402,1.0,636,56,261,47,272
Quick tuning,Vocabulary control,mixed_025_393b9e11646e,42,coursera,0.44114285714285717,0.0,0.6445714285714286,0.576,0.9971509971509972,351,71,193,18,69
Quick tuning,Vocabulary control,mixed_025_393b9e11646e,42,food,0.21802935010482183,0.0,0.4779874213836478,0.40670859538784065,1.0,199,57,52,5,85
Quick tuning,Vocabulary control,mixed_025_393b9e11646e,42,hotel,0.47317502198768685,0.0,0.6226912928759896,0.5998240985048373,1.0,436,78,269,7,82
Quick tuning,Vocabulary control,mixed_025_393b9e11646e,42,laptop,0.2618432385874247,0.0,0.6689655172413792,0.5960378983634798,0.9878542510121457,494,214,152,22,106
Quick tuning,Vocabulary control,mixed_025_393b9e11646e,42,phone,0.3974503187101613,0.0,0.4900562851782364,0.46869141357330335,0.9972451790633609,1089,101,530,22,436
Quick tuning,Vocabulary control,mixed_025_393b9e11646e,42,restaurant,0.5778894472361809,0.0,0.7074601844090527,0.661641541038526,1.0,523,55,345,22,101
Quick tuning,Vocabulary control,mixed_025_393b9e11646e,42,sight,0.3680895731280616,0.0,0.515406162464986,0.4296710986703988,1.0,636,56,263,49,268
Quick tuning,Vocabulary control,mixed_025_393b9e11646e,777,coursera,0.43020594965675063,0.0,0.6467889908256881,0.5835240274599542,0.9971509971509972,351,78,188,16,69
Quick tuning,Vocabulary control,mixed_025_393b9e11646e,777,food,0.23605150214592274,0.0,0.463519313304721,0.4291845493562232,1.0,199,50,55,3,91
Quick tuning,Vocabulary control,mixed_025_393b9e11646e,777,hotel,0.4788732394366197,0.0,0.6202643171806167,0.5968309859154929,1.0,436,70,272,10,84
Quick tuning,Vocabulary control,mixed_025_393b9e11646e,777,laptop,0.2747156605424322,0.0,0.6987740805604202,0.6334208223972003,0.9878542510121457,494,226,157,16,95
Quick tuning,Vocabulary control,mixed_025_393b9e11646e,777,phone,0.4043348281016443,0.0,0.5043022820800599,0.4805680119581465,0.9972451790633609,1089,112,541,21,415
Quick tuning,Vocabulary control,mixed_025_393b9e11646e,777,restaurant,0.5870307167235496,0.0,0.7122117847993167,0.6518771331058021,1.0,523,45,344,28,106
Quick tuning,Vocabulary control,mixed_025_393b9e11646e,777,sight,0.37677053824362605,0.0,0.5078014184397163,0.4235127478753541,1.0,636,44,266,48,278
NULL adaptation,Best NULL on,focal_ia_attention_e6801d313247,13,coursera,0.4300341296928327,0.0,0.6484641638225256,0.5733788395904438,0.9971509971509972,351,78,189,18,66
NULL adaptation,Best NULL on,focal_ia_attention_e6801d313247,13,food,0.25409836065573776,0.0,0.47540983606557374,0.42213114754098363,1.0,199,49,62,5,83
NULL adaptation,Best NULL on,focal_ia_attention_e6801d313247,13,hotel,0.4554794520547945,0.0,0.6135389888603257,0.5912596401028277,1.0,436,81,266,11,78
NULL adaptation,Best NULL on,focal_ia_attention_e6801d313247,13,laptop,0.2710997442455243,0.0,0.6843003412969283,0.6160409556313993,0.9878542510121457,494,223,159,19,93
NULL adaptation,Best NULL on,focal_ia_attention_e6801d313247,13,phone,0.391304347826087,0.0,0.4929219600725953,0.46594202898550724,0.9972451790633609,1089,113,540,26,410
NULL adaptation,Best NULL on,focal_ia_attention_e6801d313247,13,restaurant,0.5932621199671323,0.0,0.7171052631578948,0.6688578471651603,1.0,523,52,361,23,87
NULL adaptation,Best NULL on,focal_ia_attention_e6801d313247,13,sight,0.3643835616438357,0.0,0.507196710075394,0.4150684931506849,1.0,636,48,266,56,266
NULL adaptation,Best NULL on,focal_ia_attention_e6801d313247,42,coursera,0.43528064146620843,0.0,0.6414662084765178,0.577319587628866,0.9971509971509972,351,75,190,15,71
NULL adaptation,Best NULL on,focal_ia_attention_e6801d313247,42,food,0.2264957264957265,0.0,0.47008547008547,0.4188034188034188,1.0,199,54,53,3,89
NULL adaptation,Best NULL on,focal_ia_attention_e6801d313247,42,hotel,0.4712041884816754,0.0,0.6300174520069808,0.6055846422338569,1.0,436,84,270,7,75
NULL adaptation,Best NULL on,focal_ia_attention_e6801d313247,42,laptop,0.26712328767123283,0.0,0.6775300171526588,0.596401028277635,0.9878542510121457,494,217,156,22,99
NULL adaptation,Best NULL on,focal_ia_attention_e6801d313247,42,phone,0.39864864864864863,0.0,0.487603305785124,0.46789335336087123,0.9972451790633609,1089,98,531,20,440
NULL adaptation,Best NULL on,focal_ia_attention_e6801d313247,42,restaurant,0.5493775933609958,0.0,0.6827242524916943,0.637344398340249,1.0,523,57,331,23,112
NULL adaptation,Best NULL on,focal_ia_attention_e6801d313247,42,sight,0.37890353920888276,0.0,0.5166666666666667,0.43303261623872313,1.0,636,50,273,49,264
NULL adaptation,Best NULL on,focal_ia_attention_e6801d313247,123,coursera,0.4312026002166847,0.0,0.6392199349945829,0.5742145178764897,0.9971509971509972,351,82,199,14,56
NULL adaptation,Best NULL on,focal_ia_attention_e6801d313247,123,food,0.2320675105485232,0.0,0.5031712473572939,0.4345991561181434,1.0,199,59,55,5,80
NULL adaptation,Best NULL on,focal_ia_attention_e6801d313247,123,hotel,0.4726027397260274,0.0,0.6284246575342466,0.5976027397260274,1.0,436,81,276,10,69
NULL adaptation,Best NULL on,focal_ia_attention_e6801d313247,123,laptop,0.2893401015228426,0.0,0.6869712351945855,0.622673434856176,0.9878542510121457,494,217,171,18,88
NULL adaptation,Best NULL on,focal_ia_attention_e6801d313247,123,phone,0.39763050721954835,0.0,0.4888888888888889,0.46797482413920766,0.9972451790633609,1089,103,537,20,429
NULL adaptation,Best NULL on,focal_ia_attention_e6801d313247,123,restaurant,0.5699831365935919,0.0,0.7139240506329114,0.654300168634064,1.0,523,57,338,28,100
NULL adaptation,Best NULL on,focal_ia_attention_e6801d313247,123,sight,0.374455732946299,0.0,0.5137880986937591,0.4296081277213353,1.0,636,48,258,48,282
NULL adaptation,Best NULL on,focal_ia_attention_e6801d313247,2024,coursera,0.42259887005649716,0.0,0.6327683615819208,0.5717514124293785,0.9971509971509972,351,78,187,15,71
NULL adaptation,Best NULL on,focal_ia_attention_e6801d313247,2024,food,0.24152542372881355,0.0,0.4745762711864407,0.4279661016949153,1.0,199,51,57,4,87
NULL adaptation,Best NULL on,focal_ia_attention_e6801d313247,2024,hotel,0.4642233856893543,0.0,0.6108202443280977,0.5916230366492147,1.0,436,74,266,10,86
NULL adaptation,Best NULL on,focal_ia_attention_e6801d313247,2024,laptop,0.2704565030146425,0.0,0.6758620689655171,0.5925925925925927,0.9878542510121457,494,206,157,29,102
NULL adaptation,Best NULL on,focal_ia_attention_e6801d313247,2024,phone,0.403343023255814,0.0,0.49490538573508003,0.46673936750272627,0.9972451790633609,1089,96,555,29,409
NULL adaptation,Best NULL on,focal_ia_attention_e6801d313247,2024,restaurant,0.5632858340318524,0.0,0.6946308724832214,0.6454316848281643,1.0,523,54,336,24,109
NULL adaptation,Best NULL on,focal_ia_attention_e6801d313247,2024,sight,0.37219101123595505,0.0,0.5210674157303371,0.43117977528089885,1.0,636,56,265,50,265
NULL adaptation,Best NULL on,focal_ia_attention_e6801d313247,777,coursera,0.4303510758776898,0.0,0.6545866364665911,0.5866364665911665,0.9971509971509972,351,81,190,18,62
NULL adaptation,Best NULL on,focal_ia_attention_e6801d313247,777,food,0.24524312896405917,0.0,0.4862579281183932,0.4355179704016914,1.0,199,50,58,7,84
NULL adaptation,Best NULL on,focal_ia_attention_e6801d313247,777,hotel,0.46683893195521103,0.0,0.6149870801033591,0.5891472868217054,1.0,436,76,271,10,79
NULL adaptation,Best NULL on,focal_ia_attention_e6801d313247,777,laptop,0.28233305156382077,0.0,0.6841659610499577,0.6175972927241963,0.9878542510121457,494,221,167,16,90
NULL adaptation,Best NULL on,focal_ia_attention_e6801d313247,777,phone,0.40995607613469986,0.0,0.501466275659824,0.4774807762724277,0.9972451790633609,1089,100,560,24,405
NULL adaptation,Best NULL on,focal_ia_attention_e6801d313247,777,restaurant,0.5764705882352941,0.0,0.7115222876366695,0.6521008403361345,1.0,523,53,343,27,100
NULL adaptation,Best NULL on,focal_ia_attention_e6801d313247,777,sight,0.3722184760620364,0.0,0.513166779203241,0.4275118004045853,1.0,636,54,276,50,256
NULL adaptation,NULL off control,null_off_e53896d9134f,13,coursera,0.4165733482642777,0.0,0.631578947368421,0.5643896976483762,0.9971509971509972,351,81,186,15,69
NULL adaptation,NULL off control,null_off_e53896d9134f,13,food,0.24796747967479674,0.0,0.47154471544715443,0.42276422764227645,1.0,199,49,61,6,83
NULL adaptation,NULL off control,null_off_e53896d9134f,13,hotel,0.45617021276595743,0.0,0.6081771720613288,0.5877342419080068,1.0,436,79,268,10,79
NULL adaptation,NULL off control,null_off_e53896d9134f,13,laptop,0.26427962489343565,0.0,0.6831767719897522,0.6177474402730375,0.9878542510121457,494,226,155,19,94
NULL adaptation,NULL off control,null_off_e53896d9134f,13,phone,0.39638336347197106,0.0,0.4938361131254533,0.47050307636626854,0.9972451790633609,1089,112,548,21,408
NULL adaptation,NULL off control,null_off_e53896d9134f,13,restaurant,0.6104218362282877,0.0,0.7284768211920529,0.684863523573201,1.0,523,51,369,20,83
NULL adaptation,NULL off control,null_off_e53896d9134f,13,sight,0.3772538141470181,0.0,0.5173370319001387,0.4271844660194175,1.0,636,49,272,52,263
NULL adaptation,NULL off control,null_off_e53896d9134f,42,coursera,0.4225028702640643,0.0,0.6452353616532721,0.5763490241102182,0.9971509971509972,351,79,184,18,70
NULL adaptation,NULL off control,null_off_e53896d9134f,42,food,0.23076923076923078,0.0,0.47863247863247865,0.43162393162393164,1.0,199,55,54,3,87
NULL adaptation,NULL off control,null_off_e53896d9134f,42,hotel,0.4711033274956217,0.0,0.6182136602451839,0.5936952714535902,1.0,436,76,269,8,83
NULL adaptation,NULL off control,null_off_e53896d9134f,42,laptop,0.2662057044079516,0.0,0.6857142857142857,0.602076124567474,0.9878542510121457,494,217,154,25,98
NULL adaptation,NULL off control,null_off_e53896d9134f,42,phone,0.40331075996990223,0.0,0.4919020715630885,0.4727135867519759,0.9972451790633609,1089,98,536,19,436
NULL adaptation,NULL off control,null_off_e53896d9134f,42,restaurant,0.5584092792046397,0.0,0.6799336650082919,0.636288318144159,1.0,523,49,337,24,113
NULL adaptation,NULL off control,null_off_e53896d9134f,42,sight,0.38276836158192085,0.0,0.511660777385159,0.4322033898305085,1.0,636,45,271,46,274
NULL adaptation,NULL off control,null_off_e53896d9134f,123,coursera,0.41304347826086957,0.0,0.6267682263329707,0.5608695652173913,0.9971509971509972,351,82,190,16,63
NULL adaptation,NULL off control,null_off_e53896d9134f,123,food,0.23651452282157678,0.0,0.49896049896049893,0.4407484407484407,1.0,199,58,57,5,79
NULL adaptation,NULL off control,null_off_e53896d9134f,123,hotel,0.47931034482758617,0.0,0.631578947368421,0.6068965517241379,1.0,436,81,278,7,70
NULL adaptation,NULL off control,null_off_e53896d9134f,123,laptop,0.29145728643216084,0.0,0.6879194630872484,0.6236378876781224,0.9878542510121457,494,217,174,19,84
NULL adaptation,NULL off control,null_off_e53896d9134f,123,phone,0.3964627855563743,0.0,0.49391817176557323,0.4701547531319086,0.9972451790633609,1089,109,538,23,419
NULL adaptation,NULL off control,null_off_e53896d9134f,123,restaurant,0.5743243243243242,0.0,0.7117497886728655,0.6604729729729729,1.0,523,57,340,24,102
NULL adaptation,NULL off control,null_off_e53896d9134f,123,sight,0.3830409356725146,0.0,0.5179224579370885,0.43274853801169594,1.0,636,44,262,48,282
NULL adaptation,NULL off control,null_off_e53896d9134f,2024,coursera,0.4305555555555555,0.0,0.6550925925925927,0.5879629629629629,0.9971509971509972,351,82,186,15,68
NULL adaptation,NULL off control,null_off_e53896d9134f,2024,food,0.2376681614349776,0.0,0.4439461883408072,0.4080717488789238,1.0,199,43,53,3,100
NULL adaptation,NULL off control,null_off_e53896d9134f,2024,hotel,0.4540636042402827,0.0,0.5918727915194346,0.5742049469964665,1.0,436,68,257,10,101
NULL adaptation,NULL off control,null_off_e53896d9134f,2024,laptop,0.25900514579759865,0.0,0.6603611349957007,0.5751072961373391,0.9878542510121457,494,205,151,28,110
NULL adaptation,NULL off control,null_off_e53896d9134f,2024,phone,0.408256880733945,0.0,0.5040152963671128,0.47629969418960244,0.9972451790633609,1089,98,534,27,430
NULL adaptation,NULL off control,null_off_e53896d9134f,2024,restaurant,0.549618320610687,0.0,0.6853265479219678,0.6395250212044106,1.0,523,56,324,24,119
NULL adaptation,NULL off control,null_off_e53896d9134f,2024,sight,0.37381818181818177,0.0,0.5207272727272727,0.43490909090909086,1.0,636,55,257,46,278
NULL adaptation,NULL off control,null_off_e53896d9134f,777,coursera,0.4329199549041714,0.0,0.649379932356257,0.5862457722660653,0.9971509971509972,351,79,192,17,63
NULL adaptation,NULL off control,null_off_e53896d9134f,777,food,0.235042735042735,0.0,0.4829059829059829,0.4358974358974359,1.0,199,53,55,5,86
NULL adaptation,NULL off control,null_off_e53896d9134f,777,hotel,0.46245733788395904,0.0,0.614334470989761,0.5870307167235496,1.0,436,78,271,11,76
NULL adaptation,NULL off control,null_off_e53896d9134f,777,laptop,0.27380952380952384,0.0,0.6916524701873935,0.614468085106383,0.9878542510121457,494,223,161,22,88
NULL adaptation,NULL off control,null_off_e53896d9134f,777,phone,0.40014524328249823,0.0,0.49709302325581395,0.4714856520159826,0.9972451790633609,1089,105,551,28,405
NULL adaptation,NULL off control,null_off_e53896d9134f,777,restaurant,0.5726280436607892,0.0,0.7075630252100841,0.651553316540722,1.0,523,53,341,27,102
NULL adaptation,NULL off control,null_off_e53896d9134f,777,sight,0.3874058863791924,0.0,0.5318711446196025,0.4380561259411362,1.0,636,51,283,54,248
LODO,coursera,mixed_025_da1a88a51a5f,13,coursera,0.0,0.0,0.5115346038114343,0.46138415245737213,0.0,351,255,0,0,96
LODO,coursera,mixed_025_da1a88a51a5f,42,coursera,0.0,0.0,0.5463917525773195,0.4907216494845361,0.0,351,265,0,0,86
LODO,coursera,mixed_025_da1a88a51a5f,123,coursera,0.0,0.0,0.5471311475409836,0.4795081967213115,0.0,351,267,0,0,84
LODO,coursera,mixed_025_da1a88a51a5f,2024,coursera,0.0,0.0,0.525679758308157,0.473313192346425,0.0,351,261,0,0,90
LODO,coursera,mixed_025_da1a88a51a5f,777,coursera,0.0,0.0,0.5304878048780488,0.48170731707317077,0.0,351,261,0,0,90
LODO,hotel,mixed_025_da1a88a51a5f,13,hotel,0.18888042650418885,0.0,0.5270373191165271,0.5026656511805027,0.44495412844036697,436,218,124,4,90
LODO,hotel,mixed_025_da1a88a51a5f,42,hotel,0.17944785276073622,0.0,0.5341519570222563,0.5095932463545664,0.44495412844036697,436,227,117,4,88
LODO,hotel,mixed_025_da1a88a51a5f,123,hotel,0.15360983102918588,0.0,0.533026113671275,0.5023041474654377,0.44495412844036697,436,241,100,6,89
LODO,hotel,mixed_025_da1a88a51a5f,2024,hotel,0.20226415094339623,0.0,0.5196374622356495,0.49848942598187307,0.44495412844036697,436,207,134,3,92
LODO,hotel,mixed_025_da1a88a51a5f,777,hotel,0.19459459459459458,0.0,0.5409582689335394,0.5158301158301158,0.44495412844036697,436,221,126,3,86
LODO,laptop,mixed_025_da1a88a51a5f,13,laptop,0.0,0.0,0.534740545294635,0.48900615655233065,0.0,494,304,0,0,190
LODO,laptop,mixed_025_da1a88a51a5f,42,laptop,0.0,0.0,0.5327433628318584,0.4796460176991151,0.0,494,301,0,0,193
LODO,laptop,mixed_025_da1a88a51a5f,123,laptop,0.0,0.0,0.5517241379310346,0.4986737400530504,0.0,494,312,0,0,182
LODO,laptop,mixed_025_da1a88a51a5f,2024,laptop,0.0,0.0,0.5512934879571811,0.4995539696699375,0.0,494,309,0,0,185
LODO,laptop,mixed_025_da1a88a51a5f,777,laptop,0.0,0.0,0.5291308500477554,0.49283667621776506,0.0,494,277,0,0,217
LODO,restaurant,mixed_025_da1a88a51a5f,13,restaurant,0.17873303167420812,0.0,0.47737556561085975,0.4524886877828055,0.7017208413001912,523,127,79,5,312
LODO,restaurant,mixed_025_da1a88a51a5f,42,restaurant,0.17916666666666667,0.0,0.5437500000000001,0.50625,0.7017208413001912,523,168,86,7,262
LODO,restaurant,mixed_025_da1a88a51a5f,123,restaurant,0.19262295081967215,0.0,0.5620512820512822,0.5189743589743591,0.7017208413001912,523,172,94,8,249
LODO,restaurant,mixed_025_da1a88a51a5f,2024,restaurant,0.16547497446373852,0.0,0.54341164453524,0.5025536261491318,0.7017208413001912,523,177,81,8,257
LODO,restaurant,mixed_025_da1a88a51a5f,777,restaurant,0.17497456765005087,0.0,0.5382262996941896,0.4989816700610997,0.7017208413001912,523,170,86,8,259
LODO,phone,mixed_025_da1a88a51a5f,13,phone,0.0,0.0,0.2908040442946558,0.27255278310940495,0.0,1089,302,0,0,787
LODO,phone,mixed_025_da1a88a51a5f,42,phone,0.0,0.0,0.3274682306940371,0.3084431429965837,0.0,1089,335,0,0,754
LODO,phone,mixed_025_da1a88a51a5f,123,phone,0.0,0.0,0.3161063723030607,0.2894341512268402,0.0,1089,315,0,0,774
LODO,phone,mixed_025_da1a88a51a5f,2024,phone,0.0,0.0,0.31953239162201663,0.28946090335114133,0.0,1089,328,0,0,761
LODO,phone,mixed_025_da1a88a51a5f,777,phone,0.0,0.0,0.32267584849975406,0.3040706228543404,0.0,1089,328,0,0,761
LODO,sight,mixed_025_da1a88a51a5f,13,sight,0.0,0.0,0.42748091603053434,0.36450381679389315,0.0,636,224,0,0,412
LODO,sight,mixed_025_da1a88a51a5f,42,sight,0.0,0.0,0.4275996112730806,0.3595724003887269,0.0,636,220,0,0,416
LODO,sight,mixed_025_da1a88a51a5f,123,sight,0.0,0.0,0.41295546558704455,0.35020242914979755,0.0,636,204,0,0,432
LODO,sight,mixed_025_da1a88a51a5f,2024,sight,0.0,0.0,0.4193548387096774,0.3568548387096774,0.0,636,208,0,0,428
LODO,sight,mixed_025_da1a88a51a5f,777,sight,0.0,0.0,0.4387855044074437,0.3718199608610567,0.0,636,224,0,0,412
LODO,food,mixed_025_da1a88a51a5f,13,food,0.03508771929824561,0.0,0.39459459459459456,0.32928475033738186,0.22110552763819097,199,128,13,5,53
LODO,food,mixed_025_da1a88a51a5f,42,food,0.0364656381486676,0.0,0.3932584269662921,0.3230337078651685,0.22110552763819097,199,123,13,4,59
LODO,food,mixed_025_da1a88a51a5f,123,food,0.03888888888888889,0.0,0.4144645340751043,0.3416666666666667,0.22110552763819097,199,131,14,4,50
LODO,food,mixed_025_da1a88a51a5f,2024,food,0.04129793510324484,0.0,0.4047267355982274,0.336283185840708,0.22110552763819097,199,118,14,5,62
LODO,food,mixed_025_da1a88a51a5f,777,food,0.038067349926793566,0.0,0.40702781844802344,0.33382137628111275,0.22110552763819097,199,121,13,5,60
