held_out_domain,baseline,n,explicit_delta_pp,explicit_delta_pp_sd,term_delta_pp,term_delta_pp_sd,term_sentiment_delta_pp,term_sentiment_delta_pp_sd
coursera,phase1_standard,5,0.0,0.0,3.0187995998356754,3.275614651730524,-0.0009856328396283588,3.588313521101602
coursera,phase1_weighted,5,0.0,0.0,11.782200608473854,1.9136852992237063,14.090663020833256,1.9075035813109085
hotel,phase1_standard,5,1.4823835664374858,1.9804946164690949,3.727743583293616,1.7180506457873836,3.222140866617116,1.6932777158049566
hotel,phase1_weighted,5,5.177668868093471,0.7428208890853479,11.509110387922549,1.0094093276518783,11.780257597496622,1.3313941095640147
laptop,phase1_standard,5,0.0,0.0,17.349870429154826,4.275848886023788,14.734943638788463,4.155526412702296
laptop,phase1_weighted,5,0.0,0.0,6.55753394805302,2.6413955047418383,8.997063473617725,1.9610721688524735
restaurant,phase1_standard,5,4.697365114298722,2.433046715825727,28.508740513095116,3.7992457983749035,26.894776858646303,3.231563929836024
restaurant,phase1_weighted,5,-2.4960737074732777,1.7362001075132822,-5.197080447526678,4.0982657758018854,-3.565813617712559,3.2986544476538464
phone,phase1_standard,5,0.0,0.0,12.508580811221746,2.4158413129013323,11.185214139122214,2.479111411141337
phone,phase1_weighted,5,0.0,0.0,1.2070385620422253,1.8654219163813353,2.2380110401407993,2.022753525784882
sight,phase1_standard,5,0.0,0.0,15.435248478101563,5.592953773139728,11.957841194187946,5.05145589778299
sight,phase1_weighted,5,0.0,0.0,-0.4782041554910754,0.9503679415940243,2.58752957754121,0.6669205906933143
food,phase1_standard,5,-0.6509808579594775,0.45815384827179967,4.493939100258576,2.947586847009672,1.9562549961155762,1.9494642178415627
food,phase1_weighted,5,1.585416201987428,0.3775654056534645,15.043767572028484,1.0109619720424219,13.58068402560438,0.7165965445590401
