held_out_domain,model,n,seeds,eligible_gold,source_category_coverage,explicit_f1,explicit_sd,term_f1,term_sd,term_category_f1,term_category_sd,term_sentiment_f1,term_sentiment_sd,primary_correct,primary_term,primary_category,primary_sentiment
coursera,phase1_standard,5,13 42 123 2024 777,351,0.0,0.0,0.0,0.5020570174248319,0.039328876795818216,0.0,0.0,0.47733675794495933,0.04044368616267441,0,167.4,183.6,0
coursera,phase1_weighted,5,13 42 123 2024 777,351,0.0,0.0,0.0,0.4144230073384501,0.011182677093569127,0.0,0.0,0.3364202714082305,0.012105055416370225,0,63.4,287.6,0
coursera,phase2_mixed_025,5,13 42 123 2024 777,351,0.0,0.0,0.0,0.5322450134231886,0.014973632162498219,0.0,0.0,0.47732690161656305,0.010881710242548378,0,89.2,261.8,0
hotel,phase1_standard,5,13 42 123 2024 777,436,0.44495412844036697,0.1689355355020455,0.009999490048799506,0.4936847883629133,0.015305019355805796,0.17776366613491262,0.008440496059415123,0.473555108696328,0.013996727226167302,83.8,190.8,157,4.4
hotel,phase1_weighted,5,13 42 123 2024 777,436,0.44495412844036697,0.13198268248548564,0.021491274075876702,0.415871120316624,0.011254646909444985,0.14022821019196804,0.022317517218941776,0.38797394138753294,0.011939939665799213,117,70.2,241.6,7.2
hotel,phase2_mixed_025,5,13 42 123 2024 777,436,0.44495412844036697,0.18375937116642035,0.01879918954738864,0.5309622241958495,0.008031345762159194,0.1899113602547144,0.016975082125158508,0.5057765173624992,0.00690070293957167,120.2,89,222.8,4
laptop,phase1_standard,5,13 42 123 2024 777,494,0.0,0.0,0.0,0.36642777252094466,0.04760098169321757,0.0,0.0,0.3445938756505551,0.041856697231499096,0,345.8,148.2,0
laptop,phase1_weighted,5,13 42 123 2024 777,494,0.0,0.0,0.0,0.4743511373319627,0.01734453351356242,0.0,0.0,0.4019726773022625,0.015730428559511792,0,94.6,399.4,0
laptop,phase2_mixed_025,5,13 42 123 2024 777,494,0.0,0.0,0.0,0.539926476812493,0.010763715896957092,0.0,0.0,0.4919433120384397,0.008122025622007742,0,193.4,300.6,0
restaurant,phase1_standard,5,13 42 123 2024 777,523,0.7017208413001912,0.13122078711188004,0.017806387661419922,0.24787555324736313,0.02982393031325775,0.1444243728257763,0.019175617777232448,0.22690190000701616,0.023683532951784502,43.8,440.4,34.4,4.4
restaurant,phase1_weighted,5,13 42 123 2024 777,523,0.7017208413001912,0.20315517532960004,0.019266795461335747,0.584933762853581,0.022433810410204376,0.2201666439886704,0.01986788435643732,0.5315078047706048,0.01996100737012183,135,134.8,242,11.2
restaurant,phase2_mixed_025,5,13 42 123 2024 777,523,0.7017208413001912,0.17819443825486728,0.009766903445237837,0.5329629583783143,0.03236250484722986,0.19321517052856427,0.009912546426214693,0.4958496685934792,0.025386243004537925,85.2,267.8,162.8,7.2
phone,phase1_standard,5,13 42 123 2024 777,1089,0.0,0.0,0.0,0.19023156937048738,0.013337312361008494,0.0,0.0,0.18094017931644,0.013410219348920371,0,928.4,160.6,0
phone,phase1_weighted,5,13 42 123 2024 777,1089,0.0,0.0,0.0,0.3032469918622826,0.008570359493919754,0.0,0.0,0.2704122103062541,0.008220588132075513,0,673,416,0
phone,phase2_mixed_025,5,13 42 123 2024 777,1089,0.0,0.0,0.0,0.31531737748270483,0.014327270243154782,0.0,0.0,0.29279232070766215,0.014178882745897922,0,767.4,321.6,0
sight,phase1_standard,5,13 42 123 2024 777,636,0.0,0.0,0.0,0.2708827824205405,0.05866104410992404,0.0,0.0,0.2410122772387509,0.05243109789521973,0,520,116,0
sight,phase1_weighted,5,13 42 123 2024 777,636,0.0,0.0,0.0,0.4300173087564669,0.007932233740543233,0.0,0.0,0.3347153934052183,0.006536526340367398,0,307.8,328.2,0
sight,phase2_mixed_025,5,13 42 123 2024 777,636,0.0,0.0,0.0,0.42523526720155613,0.009741855018774963,0.0,0.0,0.36059068918063036,0.008128938237305957,0,420,216,0
food,phase1_standard,5,13 42 123 2024 777,199,0.22110552763819097,0.04447131485276287,0.0032404417037023314,0.35787503093386264,0.033002780775612355,0.05289972903926177,0.0075431610524110465,0.31325538743705184,0.022176573925165616,12.4,99.2,85,2.4
food,phase1_weighted,5,13 42 123 2024 777,199,0.22110552763819097,0.02210734425329382,0.005084941779136336,0.25237674621616357,0.008815491304948759,0.028376829649654933,0.007004937970204795,0.19701109714216378,0.004304088896978519,14.2,36.8,144,4
food,phase2_mixed_025,5,13 42 123 2024 777,199,0.22110552763819097,0.0379615062731681,0.002371669863000115,0.4028144219364484,0.008888438669805512,0.05104852955381732,0.003413309168842958,0.3328179373982076,0.0070627438787705075,13.4,56.8,124.2,4.6
