study,role,trial_id,seed,sentiment,f1,precision,recall,support
Quick tuning,Best NULL off,mixed_025_da1a88a51a5f,123,negative,0.2756664775950085,0.23275862068965517,0.3379694019471488,719
Quick tuning,Best NULL off,mixed_025_da1a88a51a5f,123,neutral,0.16266666666666665,0.15844155844155844,0.16712328767123288,365
Quick tuning,Best NULL off,mixed_025_da1a88a51a5f,123,positive,0.47617583768828775,0.40108751941998966,0.5858547655068078,2644
Quick tuning,Best NULL off,mixed_025_da1a88a51a5f,13,negative,0.2615039281705948,0.21919096895578552,0.3240611961057024,719
Quick tuning,Best NULL off,mixed_025_da1a88a51a5f,13,neutral,0.16949152542372883,0.15184381778741865,0.1917808219178082,365
Quick tuning,Best NULL off,mixed_025_da1a88a51a5f,13,positive,0.47605893186003684,0.4005681818181818,0.5866111951588502,2644
Quick tuning,Best NULL off,mixed_025_da1a88a51a5f,2024,negative,0.2569124423963134,0.2192723697148476,0.3101529902642559,719
Quick tuning,Best NULL off,mixed_025_da1a88a51a5f,2024,neutral,0.16790123456790126,0.15280898876404495,0.1863013698630137,365
Quick tuning,Best NULL off,mixed_025_da1a88a51a5f,2024,positive,0.4586126266562743,0.39008220631132323,0.5563540090771558,2644
Quick tuning,Best NULL off,mixed_025_da1a88a51a5f,42,negative,0.26635514018691586,0.229607250755287,0.31710709318497915,719
Quick tuning,Best NULL off,mixed_025_da1a88a51a5f,42,neutral,0.12987012987012986,0.12345679012345678,0.136986301369863,365
Quick tuning,Best NULL off,mixed_025_da1a88a51a5f,42,positive,0.4680326606069943,0.3948531323108916,0.5745083207261724,2644
Quick tuning,Best NULL off,mixed_025_da1a88a51a5f,777,negative,0.2678671918964547,0.22495274102079396,0.33101529902642557,719
Quick tuning,Best NULL off,mixed_025_da1a88a51a5f,777,neutral,0.15059445178335534,0.14540816326530612,0.15616438356164383,365
Quick tuning,Best NULL off,mixed_025_da1a88a51a5f,777,positive,0.4707171938615722,0.40165686798503475,0.5684568835098336,2644
Quick tuning,Best NULL on,mixed_025_d578b358d050,123,negative,0.2816742081447964,0.23736892278360344,0.3463143254520167,719
Quick tuning,Best NULL on,mixed_025_d578b358d050,123,neutral,0.1810810810810811,0.17866666666666667,0.18356164383561643,365
Quick tuning,Best NULL on,mixed_025_d578b358d050,123,positive,0.4725274725274725,0.3961105424769703,0.5854765506807866,2644
Quick tuning,Best NULL on,mixed_025_d578b358d050,13,negative,0.27173913043478265,0.22301516503122212,0.3477051460361613,719
Quick tuning,Best NULL on,mixed_025_d578b358d050,13,neutral,0.16726403823178015,0.1483050847457627,0.1917808219178082,365
Quick tuning,Best NULL on,mixed_025_d578b358d050,13,positive,0.4746494066882417,0.40052015604681407,0.5824508320726173,2644
Quick tuning,Best NULL on,mixed_025_d578b358d050,2024,negative,0.25981205085682696,0.21559633027522937,0.32684283727399166,719
Quick tuning,Best NULL on,mixed_025_d578b358d050,2024,neutral,0.16195372750642678,0.15254237288135594,0.1726027397260274,365
Quick tuning,Best NULL on,mixed_025_d578b358d050,2024,positive,0.47013855709507885,0.4060522696011004,0.5582450832072617,2644
Quick tuning,Best NULL on,mixed_025_d578b358d050,42,negative,0.2632794457274827,0.2250740375123396,0.31710709318497915,719
Quick tuning,Best NULL on,mixed_025_d578b358d050,42,neutral,0.15736040609137056,0.14657210401891252,0.16986301369863013,365
Quick tuning,Best NULL on,mixed_025_d578b358d050,42,positive,0.47165109034267916,0.4009533898305085,0.5726172465960666,2644
Quick tuning,Best NULL on,mixed_025_d578b358d050,777,negative,0.26168224299065423,0.2255790533736153,0.31154381084840055,719
Quick tuning,Best NULL on,mixed_025_d578b358d050,777,neutral,0.1606425702811245,0.15706806282722513,0.1643835616438356,365
Quick tuning,Best NULL on,mixed_025_d578b358d050,777,positive,0.47608695652173916,0.40384615384615385,0.579803328290469,2644
Quick tuning,Vocabulary control,mixed_025_393b9e11646e,123,negative,0.28146453089244855,0.239067055393586,0.34214186369958277,719
Quick tuning,Vocabulary control,mixed_025_393b9e11646e,123,neutral,0.16958277254374157,0.16666666666666666,0.1726027397260274,365
Quick tuning,Vocabulary control,mixed_025_393b9e11646e,123,positive,0.4749348459297869,0.3993297241557102,0.5858547655068078,2644
Quick tuning,Vocabulary control,mixed_025_393b9e11646e,13,negative,0.2682531097890752,0.21946902654867256,0.34492350486787204,719
Quick tuning,Vocabulary control,mixed_025_393b9e11646e,13,neutral,0.16749999999999998,0.15402298850574714,0.18356164383561643,365
Quick tuning,Vocabulary control,mixed_025_393b9e11646e,13,positive,0.47199631732392205,0.39710818486961014,0.5816944024205749,2644
Quick tuning,Vocabulary control,mixed_025_393b9e11646e,2024,negative,0.27704636519748144,0.23540856031128404,0.33657858136300417,719
Quick tuning,Vocabulary control,mixed_025_393b9e11646e,2024,neutral,0.16687422166874222,0.15296803652968036,0.18356164383561643,365
Quick tuning,Vocabulary control,mixed_025_393b9e11646e,2024,positive,0.4708068762583243,0.3986362444269604,0.5748865355521936,2644
Quick tuning,Vocabulary control,mixed_025_393b9e11646e,42,negative,0.2668213457076566,0.22885572139303484,0.3198887343532684,719
Quick tuning,Vocabulary control,mixed_025_393b9e11646e,42,neutral,0.1681528662420382,0.15714285714285714,0.18082191780821918,365
Quick tuning,Vocabulary control,mixed_025_393b9e11646e,42,positive,0.46897838594308816,0.39820438341695275,0.5703479576399395,2644
Quick tuning,Vocabulary control,mixed_025_393b9e11646e,777,negative,0.2685185185185185,0.22993062438057482,0.3226703755215577,719
Quick tuning,Vocabulary control,mixed_025_393b9e11646e,777,neutral,0.1487603305785124,0.14958448753462603,0.14794520547945206,365
Quick tuning,Vocabulary control,mixed_025_393b9e11646e,777,positive,0.478443579766537,0.4065062152869611,0.5813161875945537,2644
NULL adaptation,Best NULL on,focal_ia_attention_e6801d313247,13,negative,0.25993555316863587,0.21172353455818022,0.33657858136300417,719
NULL adaptation,Best NULL on,focal_ia_attention_e6801d313247,13,neutral,0.1681087762669963,0.15315315315315314,0.1863013698630137,365
NULL adaptation,Best NULL on,focal_ia_attention_e6801d313247,13,positive,0.47358665430954583,0.4002610966057441,0.579803328290469,2644
NULL adaptation,Best NULL on,focal_ia_attention_e6801d313247,42,negative,0.2594973699590883,0.22379032258064516,0.3087621696801113,719
NULL adaptation,Best NULL on,focal_ia_attention_e6801d313247,42,neutral,0.16305732484076435,0.1523809523809524,0.17534246575342466,365
NULL adaptation,Best NULL on,focal_ia_attention_e6801d313247,42,positive,0.4693151955479981,0.3968627450980392,0.5741301059001512,2644
NULL adaptation,Best NULL on,focal_ia_attention_e6801d313247,123,negative,0.2788083192804947,0.2339622641509434,0.34492350486787204,719
NULL adaptation,Best NULL on,focal_ia_attention_e6801d313247,123,neutral,0.1542699724517906,0.15512465373961218,0.15342465753424658,365
NULL adaptation,Best NULL on,focal_ia_attention_e6801d313247,123,positive,0.4702627939142462,0.3960652342738804,0.5786686838124054,2644
NULL adaptation,Best NULL on,focal_ia_attention_e6801d313247,2024,negative,0.27335640138408307,0.2334975369458128,0.32962447844228093,719
NULL adaptation,Best NULL on,focal_ia_attention_e6801d313247,2024,neutral,0.16502463054187191,0.14988814317673377,0.18356164383561643,365
NULL adaptation,Best NULL on,focal_ia_attention_e6801d313247,2024,positive,0.4683212579004161,0.39526411657559196,0.5745083207261724,2644
NULL adaptation,Best NULL on,focal_ia_attention_e6801d313247,777,negative,0.27504244482173174,0.2318702290076336,0.3379694019471488,719
NULL adaptation,Best NULL on,focal_ia_attention_e6801d313247,777,neutral,0.18554216867469883,0.16559139784946236,0.21095890410958903,365
NULL adaptation,Best NULL on,focal_ia_attention_e6801d313247,777,positive,0.47480024585126,0.3998447204968944,0.5843419062027232,2644
NULL adaptation,NULL off control,null_off_e53896d9134f,13,negative,0.2619946091644205,0.21390845070422534,0.3379694019471488,719
NULL adaptation,NULL off control,null_off_e53896d9134f,13,neutral,0.16983523447401774,0.1580188679245283,0.18356164383561643,365
NULL adaptation,NULL off control,null_off_e53896d9134f,13,positive,0.4762490392006149,0.4011914011914012,0.5858547655068078,2644
NULL adaptation,NULL off control,null_off_e53896d9134f,42,negative,0.25730994152046777,0.22199798183652875,0.30598052851182195,719
NULL adaptation,NULL off control,null_off_e53896d9134f,42,neutral,0.17038007863695936,0.16331658291457288,0.1780821917808219,365
NULL adaptation,NULL off control,null_off_e53896d9134f,42,positive,0.4716103009618368,0.3997895844292478,0.5748865355521936,2644
NULL adaptation,NULL off control,null_off_e53896d9134f,123,negative,0.27231638418079096,0.22930542340627974,0.33518776077885953,719
NULL adaptation,NULL off control,null_off_e53896d9134f,123,neutral,0.15977961432506885,0.16066481994459833,0.1589041095890411,365
NULL adaptation,NULL off control,null_off_e53896d9134f,123,positive,0.47195832056389825,0.39670273055126226,0.5824508320726173,2644
NULL adaptation,NULL off control,null_off_e53896d9134f,2024,negative,0.27008547008547007,0.22876447876447875,0.32962447844228093,719
NULL adaptation,NULL off control,null_off_e53896d9134f,2024,neutral,0.15894039735099338,0.15384615384615385,0.1643835616438356,365
NULL adaptation,NULL off control,null_off_e53896d9134f,2024,positive,0.467453733248245,0.4042494481236203,0.5540847201210287,2644
NULL adaptation,NULL off control,null_off_e53896d9134f,777,negative,0.27570621468926554,0.23215984776403426,0.33936022253129344,719
NULL adaptation,NULL off control,null_off_e53896d9134f,777,neutral,0.19518072289156627,0.17419354838709677,0.2219178082191781,365
NULL adaptation,NULL off control,null_off_e53896d9134f,777,positive,0.46981103088031956,0.39560155239327294,0.5782904689863843,2644
LODO,coursera,mixed_025_da1a88a51a5f,13,negative,0.0,0.0,0.0,59
LODO,coursera,mixed_025_da1a88a51a5f,13,neutral,0.0,0.0,0.0,13
LODO,coursera,mixed_025_da1a88a51a5f,13,positive,0.0,0.0,0.0,279
LODO,coursera,mixed_025_da1a88a51a5f,42,negative,0.0,0.0,0.0,59
LODO,coursera,mixed_025_da1a88a51a5f,42,neutral,0.0,0.0,0.0,13
LODO,coursera,mixed_025_da1a88a51a5f,42,positive,0.0,0.0,0.0,279
LODO,coursera,mixed_025_da1a88a51a5f,123,negative,0.0,0.0,0.0,59
LODO,coursera,mixed_025_da1a88a51a5f,123,neutral,0.0,0.0,0.0,13
LODO,coursera,mixed_025_da1a88a51a5f,123,positive,0.0,0.0,0.0,279
LODO,coursera,mixed_025_da1a88a51a5f,2024,negative,0.0,0.0,0.0,59
LODO,coursera,mixed_025_da1a88a51a5f,2024,neutral,0.0,0.0,0.0,13
LODO,coursera,mixed_025_da1a88a51a5f,2024,positive,0.0,0.0,0.0,279
LODO,coursera,mixed_025_da1a88a51a5f,777,negative,0.0,0.0,0.0,59
LODO,coursera,mixed_025_da1a88a51a5f,777,neutral,0.0,0.0,0.0,13
LODO,coursera,mixed_025_da1a88a51a5f,777,positive,0.0,0.0,0.0,279
LODO,hotel,mixed_025_da1a88a51a5f,13,negative,0.09696969696969697,0.06779661016949153,0.1702127659574468,47
LODO,hotel,mixed_025_da1a88a51a5f,13,neutral,0.0,0.0,0.0,7
LODO,hotel,mixed_025_da1a88a51a5f,13,positive,0.20386643233743407,0.15343915343915343,0.3036649214659686,382
LODO,hotel,mixed_025_da1a88a51a5f,42,negative,0.1038961038961039,0.07476635514018691,0.1702127659574468,47
LODO,hotel,mixed_025_da1a88a51a5f,42,neutral,0.0,0.0,0.0,7
LODO,hotel,mixed_025_da1a88a51a5f,42,positive,0.1912280701754386,0.1437994722955145,0.28534031413612565,382
LODO,hotel,mixed_025_da1a88a51a5f,123,negative,0.1258741258741259,0.09375,0.19148936170212766,47
LODO,hotel,mixed_025_da1a88a51a5f,123,neutral,0.0,0.0,0.0,7
LODO,hotel,mixed_025_da1a88a51a5f,123,positive,0.1582608695652174,0.11848958333333333,0.23821989528795812,382
LODO,hotel,mixed_025_da1a88a51a5f,2024,negative,0.10256410256410257,0.07339449541284404,0.1702127659574468,47
LODO,hotel,mixed_025_da1a88a51a5f,2024,neutral,0.0,0.0,0.0,7
LODO,hotel,mixed_025_da1a88a51a5f,2024,positive,0.2178046672428695,0.1625806451612903,0.3298429319371728,382
LODO,hotel,mixed_025_da1a88a51a5f,777,negative,0.14388489208633093,0.10869565217391304,0.2127659574468085,47
LODO,hotel,mixed_025_da1a88a51a5f,777,neutral,0.0,0.0,0.0,7
LODO,hotel,mixed_025_da1a88a51a5f,777,positive,0.20262008733624454,0.15203145478374835,0.3036649214659686,382
LODO,laptop,mixed_025_da1a88a51a5f,13,negative,0.0,0.0,0.0,182
LODO,laptop,mixed_025_da1a88a51a5f,13,neutral,0.0,0.0,0.0,30
LODO,laptop,mixed_025_da1a88a51a5f,13,positive,0.0,0.0,0.0,282
LODO,laptop,mixed_025_da1a88a51a5f,42,negative,0.0,0.0,0.0,182
LODO,laptop,mixed_025_da1a88a51a5f,42,neutral,0.0,0.0,0.0,30
LODO,laptop,mixed_025_da1a88a51a5f,42,positive,0.0,0.0,0.0,282
LODO,laptop,mixed_025_da1a88a51a5f,123,negative,0.0,0.0,0.0,182
LODO,laptop,mixed_025_da1a88a51a5f,123,neutral,0.0,0.0,0.0,30
LODO,laptop,mixed_025_da1a88a51a5f,123,positive,0.0,0.0,0.0,282
LODO,laptop,mixed_025_da1a88a51a5f,2024,negative,0.0,0.0,0.0,182
LODO,laptop,mixed_025_da1a88a51a5f,2024,neutral,0.0,0.0,0.0,30
LODO,laptop,mixed_025_da1a88a51a5f,2024,positive,0.0,0.0,0.0,282
LODO,laptop,mixed_025_da1a88a51a5f,777,negative,0.0,0.0,0.0,182
LODO,laptop,mixed_025_da1a88a51a5f,777,neutral,0.0,0.0,0.0,30
LODO,laptop,mixed_025_da1a88a51a5f,777,positive,0.0,0.0,0.0,282
LODO,restaurant,mixed_025_da1a88a51a5f,13,negative,0.2967741935483871,0.35384615384615387,0.25555555555555554,90
LODO,restaurant,mixed_025_da1a88a51a5f,13,neutral,0.0,0.0,0.0,24
LODO,restaurant,mixed_025_da1a88a51a5f,13,positive,0.15931721194879092,0.19047619047619047,0.13691931540342298,409
LODO,restaurant,mixed_025_da1a88a51a5f,42,negative,0.3354037267080745,0.38028169014084506,0.3,90
LODO,restaurant,mixed_025_da1a88a51a5f,42,neutral,0.0,0.0,0.0,24
LODO,restaurant,mixed_025_da1a88a51a5f,42,positive,0.15344603381014305,0.1638888888888889,0.14425427872860636,409
LODO,restaurant,mixed_025_da1a88a51a5f,123,negative,0.3563218390804598,0.36904761904761907,0.34444444444444444,90
LODO,restaurant,mixed_025_da1a88a51a5f,123,neutral,0.0,0.0,0.0,24
LODO,restaurant,mixed_025_da1a88a51a5f,123,positive,0.16300129366106078,0.17307692307692307,0.15403422982885084,409
LODO,restaurant,mixed_025_da1a88a51a5f,2024,negative,0.34285714285714286,0.35294117647058826,0.3333333333333333,90
LODO,restaurant,mixed_025_da1a88a51a5f,2024,neutral,0.0,0.0,0.0,24
LODO,restaurant,mixed_025_da1a88a51a5f,2024,positive,0.13161290322580646,0.13934426229508196,0.12469437652811736,409
LODO,restaurant,mixed_025_da1a88a51a5f,777,negative,0.3411764705882353,0.3625,0.32222222222222224,90
LODO,restaurant,mixed_025_da1a88a51a5f,777,neutral,0.0,0.0,0.0,24
LODO,restaurant,mixed_025_da1a88a51a5f,777,positive,0.14540816326530612,0.152,0.1393643031784841,409
LODO,phone,mixed_025_da1a88a51a5f,13,negative,0.0,0.0,0.0,235
LODO,phone,mixed_025_da1a88a51a5f,13,neutral,0.0,0.0,0.0,42
LODO,phone,mixed_025_da1a88a51a5f,13,positive,0.0,0.0,0.0,812
LODO,phone,mixed_025_da1a88a51a5f,42,negative,0.0,0.0,0.0,235
LODO,phone,mixed_025_da1a88a51a5f,42,neutral,0.0,0.0,0.0,42
LODO,phone,mixed_025_da1a88a51a5f,42,positive,0.0,0.0,0.0,812
LODO,phone,mixed_025_da1a88a51a5f,123,negative,0.0,0.0,0.0,235
LODO,phone,mixed_025_da1a88a51a5f,123,neutral,0.0,0.0,0.0,42
LODO,phone,mixed_025_da1a88a51a5f,123,positive,0.0,0.0,0.0,812
LODO,phone,mixed_025_da1a88a51a5f,2024,negative,0.0,0.0,0.0,235
LODO,phone,mixed_025_da1a88a51a5f,2024,neutral,0.0,0.0,0.0,42
LODO,phone,mixed_025_da1a88a51a5f,2024,positive,0.0,0.0,0.0,812
LODO,phone,mixed_025_da1a88a51a5f,777,conflict,0.0,0.0,0.0,0
LODO,phone,mixed_025_da1a88a51a5f,777,negative,0.0,0.0,0.0,235
LODO,phone,mixed_025_da1a88a51a5f,777,neutral,0.0,0.0,0.0,42
LODO,phone,mixed_025_da1a88a51a5f,777,positive,0.0,0.0,0.0,812
LODO,sight,mixed_025_da1a88a51a5f,13,negative,0.0,0.0,0.0,80
LODO,sight,mixed_025_da1a88a51a5f,13,neutral,0.0,0.0,0.0,229
LODO,sight,mixed_025_da1a88a51a5f,13,positive,0.0,0.0,0.0,327
LODO,sight,mixed_025_da1a88a51a5f,42,negative,0.0,0.0,0.0,80
LODO,sight,mixed_025_da1a88a51a5f,42,neutral,0.0,0.0,0.0,229
LODO,sight,mixed_025_da1a88a51a5f,42,positive,0.0,0.0,0.0,327
LODO,sight,mixed_025_da1a88a51a5f,123,negative,0.0,0.0,0.0,80
LODO,sight,mixed_025_da1a88a51a5f,123,neutral,0.0,0.0,0.0,229
LODO,sight,mixed_025_da1a88a51a5f,123,positive,0.0,0.0,0.0,327
LODO,sight,mixed_025_da1a88a51a5f,2024,negative,0.0,0.0,0.0,80
LODO,sight,mixed_025_da1a88a51a5f,2024,neutral,0.0,0.0,0.0,229
LODO,sight,mixed_025_da1a88a51a5f,2024,positive,0.0,0.0,0.0,327
LODO,sight,mixed_025_da1a88a51a5f,777,negative,0.0,0.0,0.0,80
LODO,sight,mixed_025_da1a88a51a5f,777,neutral,0.0,0.0,0.0,229
LODO,sight,mixed_025_da1a88a51a5f,777,positive,0.0,0.0,0.0,327
LODO,food,mixed_025_da1a88a51a5f,13,negative,0.0261437908496732,0.015748031496062992,0.07692307692307693,26
LODO,food,mixed_025_da1a88a51a5f,13,neutral,0.0,0.0,0.0,20
LODO,food,mixed_025_da1a88a51a5f,13,positive,0.03985507246376811,0.02756892230576441,0.0718954248366013,153
LODO,food,mixed_025_da1a88a51a5f,42,negative,0.02857142857142857,0.017543859649122806,0.07692307692307693,26
LODO,food,mixed_025_da1a88a51a5f,42,neutral,0.0,0.0,0.0,20
LODO,food,mixed_025_da1a88a51a5f,42,positive,0.041044776119402986,0.028720626631853787,0.0718954248366013,153
LODO,food,mixed_025_da1a88a51a5f,123,negative,0.029197080291970802,0.018018018018018018,0.07692307692307693,26
LODO,food,mixed_025_da1a88a51a5f,123,neutral,0.0,0.0,0.0,20
LODO,food,mixed_025_da1a88a51a5f,123,positive,0.04395604395604395,0.030534351145038167,0.0784313725490196,153
LODO,food,mixed_025_da1a88a51a5f,2024,negative,0.03389830508474576,0.021739130434782608,0.07692307692307693,26
LODO,food,mixed_025_da1a88a51a5f,2024,neutral,0.0,0.0,0.0,20
LODO,food,mixed_025_da1a88a51a5f,2024,positive,0.045627376425855515,0.032171581769437,0.0784313725490196,153
LODO,food,mixed_025_da1a88a51a5f,777,negative,0.030303030303030304,0.018867924528301886,0.07692307692307693,26
LODO,food,mixed_025_da1a88a51a5f,777,neutral,0.0,0.0,0.0,20
LODO,food,mixed_025_da1a88a51a5f,777,positive,0.042801556420233464,0.030470914127423823,0.0718954248366013,153
