mode,domain,trial_id,recipe,seed,scope,smoke,best_epoch,explicit_f1,explicit_precision,explicit_recall,null_f1,combined_f1,boundary_f1,null_threshold,run_directory,term_f1,term_category_f1,term_sentiment_f1,known_category_coverage,term_errors,category_errors,sentiment_errors,rare_gold,rare_recall
indomain,all_domains,phase1_standard,standard,123,phase1_historical_explicit,False,5,0.34145104008117705,0.3645720476706392,0.321087786259542,,,,,evidence/phase1_outputs.zip::indomain_runs/standard/seed_123,0.49898373983739835,0.37065244986037066,0.45595328763645593,0.9933206106870229,1114,252,57,91,0.0
indomain,all_domains,phase1_standard,standard,13,phase1_historical_explicit,False,5,0.3248552002014606,0.344,0.3077290076335878,,,,,evidence/phase1_outputs.zip::indomain_runs/standard/seed_13,0.47337875346959374,0.35148764498234997,0.4314516129032258,0.9933206106870229,1158,241,52,91,0.0
indomain,all_domains,phase1_standard,standard,2024,phase1_historical_explicit,False,5,0.31954790649884407,0.34613244296048973,0.2967557251908397,,,,,evidence/phase1_outputs.zip::indomain_runs/standard/seed_2024,0.45690764085412916,0.34096168680894834,0.4204574659470573,0.9933206106870229,1208,225,41,91,0.0
indomain,all_domains,phase1_standard,standard,42,phase1_historical_explicit,False,5,0.33007273639327817,0.34796404019037547,0.3139312977099237,,,,,evidence/phase1_outputs.zip::indomain_runs/standard/seed_42,0.47112004018081366,0.35651518955561134,0.43351731058705467,0.9933206106870229,1158,228,52,91,0.0
indomain,all_domains,phase1_standard,standard,777,phase1_historical_explicit,False,5,0.3253253253253253,0.34210526315789475,0.3101145038167939,,,,,evidence/phase1_outputs.zip::indomain_runs/standard/seed_777,0.46651617757712566,0.3486973947895792,0.4313627254509018,0.9933206106870229,1166,234,46,91,0.0
indomain,all_domains,phase1_weighted,weighted,123,phase1_historical_explicit,False,5,0.24427069290913994,0.17023675310033823,0.43225190839694655,,,,,evidence/phase1_outputs.zip::indomain_runs/weighted/seed_123,0.4366445317793739,0.2715249662618084,0.38366905502230636,0.9933206106870229,485,605,100,91,0.07692307692307693
indomain,all_domains,phase1_weighted,weighted,13,phase1_historical_explicit,False,4,0.23844731977818853,0.16484118291347208,0.4308206106870229,,,,,evidence/phase1_outputs.zip::indomain_runs/weighted/seed_13,0.4269424555820737,0.2650443063086893,0.3762402434184416,0.9933206106870229,486,608,99,91,0.01098901098901099
indomain,all_domains,phase1_weighted,weighted,2024,phase1_historical_explicit,False,5,0.24845742492801318,0.17433134500673467,0.43225190839694655,,,,,evidence/phase1_outputs.zip::indomain_runs/weighted/seed_2024,0.43727598566308246,0.276686358016211,0.38613861386138615,0.9933206106870229,510,579,101,91,0.04395604395604396
indomain,all_domains,phase1_weighted,weighted,42,phase1_historical_explicit,False,5,0.2446750409612234,0.1713848508033665,0.42748091603053434,,,,,evidence/phase1_outputs.zip::indomain_runs/weighted/seed_42,0.4378600823045268,0.2725407032425776,0.3857729138166895,0.9933206106870229,500,600,100,91,0.04395604395604396
indomain,all_domains,phase1_weighted,weighted,777,phase1_historical_explicit,False,4,0.23737636647579385,0.1632068718682892,0.4351145038167939,,,,,evidence/phase1_outputs.zip::indomain_runs/weighted/seed_777,0.42172774869109947,0.2624233728968306,0.37004175365344466,0.9933206106870229,485,605,94,91,0.02197802197802198
crossdomain,coursera,phase1_standard,standard,123,phase1_historical_explicit,False,5,0.3276805251641138,0.3405343945423536,0.31576172904586186,,,,,evidence/phase1_outputs.zip::lodo_runs/coursera/standard/seed_123,0.48054794520547944,0.35368190528332877,0.44018614837120174,0.9931470743278862,1020,231,47,78,0.0
crossdomain,coursera,phase1_standard,standard,13,phase1_historical_explicit,False,5,0.3102108768035516,0.3274751025190393,0.29467580390089615,,,,,evidence/phase1_outputs.zip::lodo_runs/coursera/standard/seed_13,0.455456570155902,0.3345373714920811,0.4209063108145677,0.9931470743278862,1079,216,43,78,0.0
crossdomain,coursera,phase1_standard,standard,2024,phase1_historical_explicit,False,5,0.2993946064942212,0.31318364997121473,0.286768581971534,,,,,evidence/phase1_outputs.zip::lodo_runs/coursera/standard/seed_2024,0.44272702180513385,0.3269920044113592,0.4027548209366391,0.9931470743278862,1095,209,49,78,0.0
crossdomain,coursera,phase1_standard,standard,42,phase1_historical_explicit,False,5,0.3040708944890612,0.3203033838973162,0.2894043226146547,,,,,evidence/phase1_outputs.zip::lodo_runs/coursera/standard/seed_42,0.4412989175686928,0.3250138657792568,0.40853658536585363,0.9931470743278862,1102,209,37,78,0.0
crossdomain,coursera,phase1_standard,standard,777,phase1_historical_explicit,False,5,0.32357043235704325,0.34360189573459715,0.3057459146020032,,,,,evidence/phase1_outputs.zip::lodo_runs/coursera/standard/seed_777,0.4689423614997202,0.34673366834170855,0.43152599217439913,0.9931470743278862,1059,217,41,78,0.0
crossdomain,coursera,phase1_weighted,weighted,123,phase1_historical_explicit,False,5,0.2554581909995544,0.17783291976840365,0.4533473906167633,,,,,evidence/phase1_outputs.zip::lodo_runs/coursera/weighted/seed_123,0.43188275758935246,0.284564958283671,0.3809381980640357,0.9931470743278862,453,489,95,78,0.038461538461538464
crossdomain,coursera,phase1_weighted,weighted,13,phase1_historical_explicit,False,5,0.23717482923993605,0.1637239165329053,0.430152872957301,,,,,evidence/phase1_outputs.zip::lodo_runs/coursera/weighted/seed_13,0.4164351513379149,0.2636562272396213,0.36875091094592627,0.9931470743278862,473,519,89,78,0.02564102564102564
crossdomain,coursera,phase1_weighted,weighted,2024,phase1_historical_explicit,False,5,0.23791931431949165,0.16529774127310062,0.42435424354243545,,,,,evidence/phase1_outputs.zip::lodo_runs/coursera/weighted/seed_2024,0.42256867112100965,0.26491046322332396,0.37155555555555553,0.9931470743278862,474,528,90,78,0.038461538461538464
crossdomain,coursera,phase1_weighted,weighted,42,phase1_historical_explicit,False,5,0.2406885294554088,0.1674927715819909,0.42751713231418026,,,,,evidence/phase1_outputs.zip::lodo_runs/coursera/weighted/seed_42,0.4319402985074627,0.27007733491969066,0.3792385484830458,0.9931470743278862,450,539,97,78,0.05128205128205128
crossdomain,coursera,phase1_weighted,weighted,777,phase1_historical_explicit,False,5,0.2307135620205529,0.15901835594573024,0.4201370585134423,,,,,evidence/phase1_outputs.zip::lodo_runs/coursera/weighted/seed_777,0.41858432857558986,0.2591034382707094,0.367489114658926,0.9931470743278862,460,544,96,78,0.038461538461538464
crossdomain,food,phase1_standard,standard,123,phase1_historical_explicit,False,5,0.3533834586466165,0.3553427419354839,0.3514456630109671,,,,,evidence/phase1_outputs.zip::lodo_runs/food/standard/seed_123,0.5164366373902133,0.3825520180496365,0.4719157472417252,0.9925224327018943,977,266,58,88,0.0
crossdomain,food,phase1_standard,standard,13,phase1_historical_explicit,False,5,0.3336803748047892,0.3491285403050109,0.31954137587238285,,,,,evidence/phase1_outputs.zip::lodo_runs/food/standard/seed_13,0.4964797913950456,0.36363636363636365,0.45168012503256055,0.9925224327018943,1054,254,57,88,0.0
crossdomain,food,phase1_standard,standard,2024,phase1_historical_explicit,False,5,0.3235139400315623,0.34242761692650336,0.306580259222333,,,,,evidence/phase1_outputs.zip::lodo_runs/food/standard/seed_2024,0.46485917346670175,0.3510526315789474,0.427669647553919,0.9925224327018943,1123,216,52,88,0.0
crossdomain,food,phase1_standard,standard,42,phase1_historical_explicit,False,5,0.33032128514056225,0.3326592517694641,0.32801595214356927,,,,,evidence/phase1_outputs.zip::lodo_runs/food/standard/seed_42,0.46644885649660717,0.35577889447236183,0.42631182525734374,0.9925224327018943,1078,220,50,88,0.0
crossdomain,food,phase1_standard,standard,777,phase1_historical_explicit,False,5,0.3483702737940026,0.3652268999453253,0.33300099700897307,,,,,evidence/phase1_outputs.zip::lodo_runs/food/standard/seed_777,0.48980658651332987,0.3731732776617954,0.45326370757180157,0.9925224327018943,1069,222,47,88,0.0
crossdomain,food,phase1_weighted,weighted,123,phase1_historical_explicit,False,5,0.24757834757834757,0.1733147187873953,0.43320039880358924,,,,,evidence/phase1_outputs.zip::lodo_runs/food/weighted/seed_123,0.436613665663945,0.2767385406254462,0.3837806967447173,0.9925224327018943,482,555,100,88,0.056818181818181816
crossdomain,food,phase1_weighted,weighted,13,phase1_historical_explicit,False,4,0.23964581548129105,0.1679343474779824,0.41824526420737784,,,,,evidence/phase1_outputs.zip::lodo_runs/food/weighted/seed_13,0.44505099841976725,0.2678878076702919,0.3877434135166094,0.9925224327018943,457,613,97,88,0.022727272727272728
crossdomain,food,phase1_weighted,weighted,2024,phase1_historical_explicit,False,5,0.25054816547288405,0.17724922440537746,0.4272183449651047,,,,,evidence/phase1_outputs.zip::lodo_runs/food/weighted/seed_2024,0.4491774383078731,0.2778103044496487,0.39630660999560313,0.9925224327018943,477,580,92,88,0.056818181818181816
crossdomain,food,phase1_weighted,weighted,42,phase1_historical_explicit,False,5,0.24613180515759311,0.17269802975472456,0.42821535393818544,,,,,evidence/phase1_outputs.zip::lodo_runs/food/weighted/seed_42,0.44258752341161217,0.2716829408385985,0.3881068658431485,0.9925224327018943,470,590,87,88,0.056818181818181816
crossdomain,food,phase1_weighted,weighted,777,phase1_historical_explicit,False,5,0.24611910810047982,0.17165354330708663,0.43469591226321036,,,,,evidence/phase1_outputs.zip::lodo_runs/food/weighted/seed_777,0.4359665295702737,0.2704384724186704,0.3820161176304256,0.9925224327018943,469,581,84,88,0.022727272727272728
crossdomain,hotel,phase1_standard,standard,123,phase1_historical_explicit,False,5,0.31882386855001443,0.34627426424546026,0.2954059829059829,,,,,evidence/phase1_outputs.zip::lodo_runs/hotel/standard/seed_123,0.46131639722863743,0.34564339296018465,0.4199596192673781,0.9935897435897436,1073,200,46,77,0.0
crossdomain,hotel,phase1_standard,standard,13,phase1_historical_explicit,False,4,0.3063174114021572,0.3619810633648944,0.265491452991453,,,,,evidence/phase1_outputs.zip::lodo_runs/hotel/standard/seed_13,0.424822476072862,0.3274745605920444,0.39185436593643935,0.9935897435897436,1184,157,34,77,0.0
crossdomain,hotel,phase1_standard,standard,2024,phase1_historical_explicit,False,4,0.3125,0.3528225806451613,0.28044871794871795,,,,,evidence/phase1_outputs.zip::lodo_runs/hotel/standard/seed_2024,0.4524590163934426,0.3419719988084599,0.41393686718284695,0.9935897435897436,1113,185,49,77,0.0
crossdomain,hotel,phase1_standard,standard,42,phase1_historical_explicit,False,4,0.2833283626603042,0.32072923700202566,0.2537393162393162,,,,,evidence/phase1_outputs.zip::lodo_runs/hotel/standard/seed_42,0.40860215053763443,0.3056716417910448,0.37242614145031333,0.9935897435897436,1188,172,37,77,0.0
crossdomain,hotel,phase1_standard,standard,777,phase1_historical_explicit,False,5,0.3159722222222222,0.3446969696969697,0.2916666666666667,,,,,evidence/phase1_outputs.zip::lodo_runs/hotel/standard/seed_777,0.453781512605042,0.3393167342211928,0.4169079328314997,0.9935897435897436,1089,197,40,77,0.0
crossdomain,hotel,phase1_weighted,weighted,123,phase1_historical_explicit,False,4,0.24041759880686056,0.16677012207738465,0.4305555555555556,,,,,evidence/phase1_outputs.zip::lodo_runs/hotel/weighted/seed_123,0.42643092598142046,0.271667662881052,0.3711340206185567,0.9935897435897436,449,514,103,77,0.06493506493506493
crossdomain,hotel,phase1_weighted,weighted,13,phase1_historical_explicit,False,5,0.2361009776740114,0.1624171853041558,0.4321581196581197,,,,,evidence/phase1_outputs.zip::lodo_runs/hotel/weighted/seed_13,0.4136310223266745,0.26278865828705056,0.36158688332601374,0.9935897435897436,464,509,90,77,0.025974025974025976
crossdomain,hotel,phase1_weighted,weighted,2024,phase1_historical_explicit,False,5,0.24241522903033907,0.1679719703215169,0.43536324786324787,,,,,evidence/phase1_outputs.zip::lodo_runs/hotel/weighted/seed_2024,0.41752654404067596,0.26791834301892414,0.36791890280262374,0.9935897435897436,476,497,84,77,0.06493506493506493
crossdomain,hotel,phase1_weighted,weighted,42,phase1_historical_explicit,False,5,0.2445700684320143,0.1694845360824742,0.4391025641025641,,,,,evidence/phase1_outputs.zip::lodo_runs/hotel/weighted/seed_42,0.4260089686098655,0.27290332191270666,0.3710879284649776,0.9935897435897436,447,509,94,77,0.05194805194805195
crossdomain,hotel,phase1_weighted,weighted,777,phase1_historical_explicit,False,5,0.23989493652415,0.1650271029913672,0.4391025641025641,,,,,evidence/phase1_outputs.zip::lodo_runs/hotel/weighted/seed_777,0.41777908170749595,0.26805027769657996,0.3646473514779046,0.9935897435897436,448,507,95,77,0.03896103896103896
crossdomain,laptop,phase1_standard,standard,123,phase1_historical_explicit,False,5,0.3645200486026732,0.39893617021276595,0.33557046979865773,,,,,evidence/phase1_outputs.zip::lodo_runs/laptop/standard/seed_123,0.4931506849315068,0.3953771289537713,0.45120097294010336,0.9972035794183445,978,160,50,54,0.0
crossdomain,laptop,phase1_standard,standard,13,phase1_historical_explicit,False,5,0.35301353013530135,0.39207650273224043,0.32102908277404923,,,,,evidence/phase1_outputs.zip::lodo_runs/laptop/standard/seed_13,0.464340845940105,0.3839753466872111,0.42637091805298827,0.9972035794183445,1036,129,49,54,0.0
crossdomain,laptop,phase1_standard,standard,2024,phase1_historical_explicit,False,4,0.346563981042654,0.36838790931989923,0.3271812080536913,,,,,evidence/phase1_outputs.zip::lodo_runs/laptop/standard/seed_2024,0.4555160142348754,0.37166567871962064,0.42323651452282157,0.9972035794183445,1020,141,42,54,0.0
crossdomain,laptop,phase1_standard,standard,42,phase1_historical_explicit,False,5,0.3435468895078923,0.38461538461538464,0.3104026845637584,,,,,evidence/phase1_outputs.zip::lodo_runs/laptop/standard/seed_42,0.4549968963376785,0.3712426402231174,0.41599504029758216,0.9972035794183445,1055,134,44,54,0.0
crossdomain,laptop,phase1_standard,standard,777,phase1_historical_explicit,False,5,0.3587716631194892,0.3930712858094604,0.32997762863534674,,,,,evidence/phase1_outputs.zip::lodo_runs/laptop/standard/seed_777,0.46345919610231423,0.38393672041375115,0.42909312233718805,0.9972035794183445,1027,130,41,54,0.0
crossdomain,laptop,phase1_weighted,weighted,123,phase1_historical_explicit,False,5,0.24558223833257817,0.16821849782743636,0.4546979865771812,,,,,evidence/phase1_outputs.zip::lodo_runs/laptop/weighted/seed_123,0.4055285540704739,0.27399333938843473,0.35614778921865536,0.9972035794183445,453,430,92,54,0.05555555555555555
crossdomain,laptop,phase1_weighted,weighted,13,phase1_historical_explicit,False,5,0.2494344744382446,0.17076192442700805,0.46252796420581654,,,,,evidence/phase1_outputs.zip::lodo_runs/laptop/weighted/seed_13,0.40873256519102485,0.2804048949992446,0.3602841166691854,0.9972035794183445,440,420,101,54,0.09259259259259259
crossdomain,laptop,phase1_weighted,weighted,2024,phase1_historical_explicit,False,5,0.249925617375781,0.17024726388325903,0.4697986577181208,,,,,evidence/phase1_outputs.zip::lodo_runs/laptop/weighted/seed_2024,0.3980858381935098,0.27988077496274216,0.35004476275738583,0.9972035794183445,457,392,99,54,0.05555555555555555
crossdomain,laptop,phase1_weighted,weighted,42,phase1_historical_explicit,False,5,0.25994855500075653,0.1781788010786144,0.4804250559284116,,,,,evidence/phase1_outputs.zip::lodo_runs/laptop/weighted/seed_42,0.4140030441400304,0.29047907822922986,0.3629191321499014,0.9972035794183445,428,402,99,54,0.1111111111111111
crossdomain,laptop,phase1_weighted,weighted,777,phase1_historical_explicit,False,5,0.250736593989393,0.1702,0.4759507829977629,,,,,evidence/phase1_outputs.zip::lodo_runs/laptop/weighted/seed_777,0.3945457240254928,0.28073286052009455,0.34819846426461903,0.9972035794183445,457,381,99,54,0.037037037037037035
crossdomain,phone,phase1_standard,standard,123,phase1_historical_explicit,False,5,0.34244206157039087,0.339273474982865,0.34567039106145253,,,,,evidence/phase1_outputs.zip::lodo_runs/phone/standard/seed_123,0.5202632490474541,0.37257617728531855,0.4685121107266436,0.9916201117318436,681,213,43,67,0.0
crossdomain,phone,phase1_standard,standard,13,phase1_historical_explicit,False,5,0.3510145959416162,0.35802469135802467,0.3442737430167598,,,,,evidence/phase1_outputs.zip::lodo_runs/phone/standard/seed_13,0.5356125356125356,0.38305446778212887,0.48575498575498577,0.9916201117318436,680,214,45,67,0.0
crossdomain,phone,phase1_standard,standard,2024,phase1_historical_explicit,False,5,0.3400924937744575,0.34662799129804206,0.33379888268156427,,,,,evidence/phase1_outputs.zip::lodo_runs/phone/standard/seed_2024,0.5154859380562478,0.36810252758988965,0.4710067591604411,0.9916201117318436,708,207,39,67,0.0
crossdomain,phone,phase1_standard,standard,42,phase1_historical_explicit,False,5,0.3372052094332981,0.33995741660752304,0.3344972067039106,,,,,evidence/phase1_outputs.zip::lodo_runs/phone/standard/seed_42,0.5123326286116984,0.37266643184219794,0.45704225352112676,0.9916201117318436,705,198,50,67,0.0
crossdomain,phone,phase1_standard,standard,777,phase1_historical_explicit,False,5,0.3383119138589788,0.33655839668279197,0.3400837988826816,,,,,evidence/phase1_outputs.zip::lodo_runs/phone/standard/seed_777,0.4994782608695652,0.36774417796315606,0.45448227936066715,0.9916201117318436,714,189,42,67,0.0
crossdomain,phone,phase1_weighted,weighted,123,phase1_historical_explicit,False,5,0.27508503401360546,0.19773838630806845,0.4518156424581006,,,,,evidence/phase1_outputs.zip::lodo_runs/phone/weighted/seed_123,0.5052316890881914,0.30969116080937165,0.4413205537806177,0.9916201117318436,249,456,80,67,0.014925373134328358
crossdomain,phone,phase1_weighted,weighted,13,phase1_historical_explicit,False,5,0.2782174094127447,0.19821958456973293,0.4664804469273743,,,,,evidence/phase1_outputs.zip::lodo_runs/phone/weighted/seed_13,0.5012562814070352,0.310740354535975,0.4385049070787221,0.9916201117318436,235,452,77,67,0.014925373134328358
crossdomain,phone,phase1_weighted,weighted,2024,phase1_historical_explicit,False,5,0.2706672261854805,0.1934613077384523,0.4504189944134078,,,,,evidence/phase1_outputs.zip::lodo_runs/phone/weighted/seed_2024,0.497893850042123,0.2999369880277253,0.4349106203995794,0.9916201117318436,250,468,69,67,0.029850746268656716
crossdomain,phone,phase1_weighted,weighted,42,phase1_historical_explicit,False,5,0.27075139722624714,0.19240953221535745,0.45670391061452514,,,,,evidence/phase1_outputs.zip::lodo_runs/phone/weighted/seed_42,0.4942839326543338,0.3040232268768146,0.431266846361186,0.9916201117318436,243,456,79,67,0.04477611940298507
crossdomain,phone,phase1_weighted,weighted,777,phase1_historical_explicit,False,5,0.25831622176591373,0.18295520651541594,0.43924581005586594,,,,,evidence/phase1_outputs.zip::lodo_runs/phone/weighted/seed_777,0.4915394139496492,0.2877135213006792,0.42624974285126516,0.9916201117318436,241,492,70,67,0.04477611940298507
crossdomain,restaurant,phase1_standard,standard,123,phase1_historical_explicit,False,5,0.3154593916588272,0.3512569832402235,0.28628343767785996,,,,,evidence/phase1_outputs.zip::lodo_runs/restaurant/standard/seed_123,0.4726930320150659,0.3337515683814304,0.43865704424223406,0.9920318725099602,1004,221,29,96,0.0
crossdomain,restaurant,phase1_standard,standard,13,phase1_historical_explicit,False,5,0.2867337009406422,0.3333333333333333,0.25156516789982925,,,,,evidence/phase1_outputs.zip::lodo_runs/restaurant/standard/seed_13,0.4361390965225869,0.30594348814550176,0.4018175916910094,0.9920318725099602,1086,200,29,96,0.0
crossdomain,restaurant,phase1_standard,standard,2024,phase1_historical_explicit,False,5,0.2886531661845066,0.3316100443131462,0.25554923164484916,,,,,evidence/phase1_outputs.zip::lodo_runs/restaurant/standard/seed_2024,0.4331292297776346,0.30670103092783507,0.402572347266881,0.9920318725099602,1085,196,27,96,0.0
crossdomain,restaurant,phase1_standard,standard,42,phase1_historical_explicit,False,5,0.2748938948743062,0.3223583460949464,0.2396129766647695,,,,,evidence/phase1_outputs.zip::lodo_runs/restaurant/standard/seed_42,0.4065359477124183,0.29261920313520573,0.3743874550800392,0.9920318725099602,1135,174,27,96,0.0
crossdomain,restaurant,phase1_standard,standard,777,phase1_historical_explicit,False,5,0.2910375843238034,0.334070796460177,0.2578258394991463,,,,,evidence/phase1_outputs.zip::lodo_runs/restaurant/standard/seed_777,0.42962962962962964,0.30996784565916397,0.39884207140559663,0.9920318725099602,1090,185,29,96,0.0
crossdomain,restaurant,phase1_weighted,weighted,123,phase1_historical_explicit,False,5,0.20619185603172183,0.14083333333333334,0.38474672737620946,,,,,evidence/phase1_outputs.zip::lodo_runs/restaurant/weighted/seed_123,0.3979717271051014,0.22837052889024764,0.35042081101759753,0.9920318725099602,462,548,71,96,0.052083333333333336
crossdomain,restaurant,phase1_weighted,weighted,13,phase1_historical_explicit,False,5,0.20209694575292508,0.13785240464344942,0.3784860557768924,,,,,evidence/phase1_outputs.zip::lodo_runs/restaurant/weighted/seed_13,0.3901544106405748,0.22316943218145838,0.34039311290568336,0.9920318725099602,481,543,68,96,0.0625
crossdomain,restaurant,phase1_weighted,weighted,2024,phase1_historical_explicit,False,5,0.1962985436893204,0.13381592554291624,0.3682413204325555,,,,,evidence/phase1_outputs.zip::lodo_runs/restaurant/weighted/seed_2024,0.39438339438339437,0.21969006381039197,0.34397810218978103,0.9920318725099602,465,569,76,96,0.052083333333333336
crossdomain,restaurant,phase1_weighted,weighted,42,phase1_historical_explicit,False,5,0.2048320923871752,0.13971807628524047,0.3836084234490609,,,,,evidence/phase1_outputs.zip::lodo_runs/restaurant/weighted/seed_42,0.3992657182193667,0.22306755934266587,0.3513802043617508,0.9920318725099602,452,572,59,96,0.041666666666666664
crossdomain,restaurant,phase1_weighted,weighted,777,phase1_historical_explicit,False,5,0.2013676705950822,0.1352619233776388,0.39385315879339783,,,,,evidence/phase1_outputs.zip::lodo_runs/restaurant/weighted/seed_777,0.38621700879765397,0.22150882825040127,0.338978102189781,0.9920318725099602,440,558,67,96,0.03125
crossdomain,sight,phase1_standard,standard,123,phase1_historical_explicit,False,5,0.33076263924592975,0.34525939177101966,0.31743421052631576,,,,,evidence/phase1_outputs.zip::lodo_runs/sight/standard/seed_123,0.4779874213836478,0.35724492712203487,0.44,0.9923245614035088,988,211,46,91,0.0
crossdomain,sight,phase1_standard,standard,13,phase1_historical_explicit,False,5,0.3411150782751991,0.34177215189873417,0.3404605263157895,,,,,evidence/phase1_outputs.zip::lodo_runs/sight/standard/seed_13,0.509501514734233,0.36973865199449796,0.4652185867473192,0.9923245614035088,899,253,51,91,0.0
crossdomain,sight,phase1_standard,standard,2024,phase1_historical_explicit,False,5,0.32902137232845896,0.3377598152424942,0.3207236842105263,,,,,evidence/phase1_outputs.zip::lodo_runs/sight/standard/seed_2024,0.481554491692481,0.3547297297297297,0.44669479606188467,0.9923245614035088,969,225,45,91,0.0
crossdomain,sight,phase1_standard,standard,42,phase1_historical_explicit,False,5,0.3232830820770519,0.3293515358361775,0.31743421052631576,,,,,evidence/phase1_outputs.zip::lodo_runs/sight/standard/seed_42,0.4714765100671141,0.34804469273743016,0.43376187814421463,0.9923245614035088,981,220,44,91,0.0
crossdomain,sight,phase1_standard,standard,777,phase1_historical_explicit,False,5,0.33352240499149177,0.345475910693302,0.3223684210526316,,,,,evidence/phase1_outputs.zip::lodo_runs/sight/standard/seed_777,0.4877771461057419,0.35718341851220897,0.4518875957990349,0.9923245614035088,966,229,41,91,0.0
crossdomain,sight,phase1_weighted,weighted,123,phase1_historical_explicit,False,5,0.2570635309488813,0.18306582926261922,0.43146929824561403,,,,,evidence/phase1_outputs.zip::lodo_runs/sight/weighted/seed_123,0.472715318869165,0.28202192049730085,0.4222950819672131,0.9923245614035088,386,576,75,91,0.054945054945054944
crossdomain,sight,phase1_weighted,weighted,13,phase1_historical_explicit,False,5,0.2430435466121679,0.17037690103592681,0.4237938596491228,,,,,evidence/phase1_outputs.zip::lodo_runs/sight/weighted/seed_13,0.44476100031655585,0.2702191392085764,0.39104383475244403,0.9923245614035088,419,548,84,91,0.03296703296703297
crossdomain,sight,phase1_weighted,weighted,2024,phase1_historical_explicit,False,5,0.24334847501622323,0.1728110599078341,0.41118421052631576,,,,,evidence/phase1_outputs.zip::lodo_runs/sight/weighted/seed_2024,0.45784313725490194,0.2688556566970091,0.4046882630636497,0.9923245614035088,423,574,77,91,0.04395604395604396
crossdomain,sight,phase1_weighted,weighted,42,phase1_historical_explicit,False,5,0.2367758186397985,0.16607773851590105,0.41228070175438597,,,,,evidence/phase1_outputs.zip::lodo_runs/sight/weighted/seed_42,0.4405384006334125,0.2593059936908517,0.39203917232664665,0.9923245614035088,433,569,70,91,0.054945054945054944
crossdomain,sight,phase1_weighted,weighted,777,phase1_historical_explicit,False,4,0.2482061317677756,0.1766480965645311,0.41721491228070173,,,,,evidence/phase1_outputs.zip::lodo_runs/sight/weighted/seed_777,0.460252417636453,0.2769884043769394,0.4039875796698807,0.9923245614035088,420,556,87,91,0.054945054945054944
