mode,domain,trial_id,recipe,seed,scope,smoke,best_epoch,run_directory,batch_size,category_loss_weight,epochs,loss_type,lr,max_len,model_name,name,sentiment_loss_weight,weight_decay,null_head,selection_metric
indomain,all_domains,phase1_standard,standard,123,phase1_historical_explicit,False,5,evidence/phase1_outputs.zip::indomain_runs/standard/seed_123,16,1.0,5,standard,2e-05,128,bert-base-uncased,standard,1.0,0.01,False,dev_complete_triplet_micro_f1
indomain,all_domains,phase1_standard,standard,13,phase1_historical_explicit,False,5,evidence/phase1_outputs.zip::indomain_runs/standard/seed_13,16,1.0,5,standard,2e-05,128,bert-base-uncased,standard,1.0,0.01,False,dev_complete_triplet_micro_f1
indomain,all_domains,phase1_standard,standard,2024,phase1_historical_explicit,False,5,evidence/phase1_outputs.zip::indomain_runs/standard/seed_2024,16,1.0,5,standard,2e-05,128,bert-base-uncased,standard,1.0,0.01,False,dev_complete_triplet_micro_f1
indomain,all_domains,phase1_standard,standard,42,phase1_historical_explicit,False,5,evidence/phase1_outputs.zip::indomain_runs/standard/seed_42,16,1.0,5,standard,2e-05,128,bert-base-uncased,standard,1.0,0.01,False,dev_complete_triplet_micro_f1
indomain,all_domains,phase1_standard,standard,777,phase1_historical_explicit,False,5,evidence/phase1_outputs.zip::indomain_runs/standard/seed_777,16,1.0,5,standard,2e-05,128,bert-base-uncased,standard,1.0,0.01,False,dev_complete_triplet_micro_f1
indomain,all_domains,phase1_weighted,weighted,123,phase1_historical_explicit,False,5,evidence/phase1_outputs.zip::indomain_runs/weighted/seed_123,16,1.0,5,weighted,2e-05,128,bert-base-uncased,weighted,1.0,0.01,False,dev_complete_triplet_micro_f1
indomain,all_domains,phase1_weighted,weighted,13,phase1_historical_explicit,False,4,evidence/phase1_outputs.zip::indomain_runs/weighted/seed_13,16,1.0,5,weighted,2e-05,128,bert-base-uncased,weighted,1.0,0.01,False,dev_complete_triplet_micro_f1
indomain,all_domains,phase1_weighted,weighted,2024,phase1_historical_explicit,False,5,evidence/phase1_outputs.zip::indomain_runs/weighted/seed_2024,16,1.0,5,weighted,2e-05,128,bert-base-uncased,weighted,1.0,0.01,False,dev_complete_triplet_micro_f1
indomain,all_domains,phase1_weighted,weighted,42,phase1_historical_explicit,False,5,evidence/phase1_outputs.zip::indomain_runs/weighted/seed_42,16,1.0,5,weighted,2e-05,128,bert-base-uncased,weighted,1.0,0.01,False,dev_complete_triplet_micro_f1
indomain,all_domains,phase1_weighted,weighted,777,phase1_historical_explicit,False,4,evidence/phase1_outputs.zip::indomain_runs/weighted/seed_777,16,1.0,5,weighted,2e-05,128,bert-base-uncased,weighted,1.0,0.01,False,dev_complete_triplet_micro_f1
crossdomain,coursera,phase1_standard,standard,123,phase1_historical_explicit,False,5,evidence/phase1_outputs.zip::lodo_runs/coursera/standard/seed_123,16,1.0,5,standard,2e-05,128,bert-base-uncased,standard,1.0,0.01,False,dev_complete_triplet_micro_f1
crossdomain,coursera,phase1_standard,standard,13,phase1_historical_explicit,False,5,evidence/phase1_outputs.zip::lodo_runs/coursera/standard/seed_13,16,1.0,5,standard,2e-05,128,bert-base-uncased,standard,1.0,0.01,False,dev_complete_triplet_micro_f1
crossdomain,coursera,phase1_standard,standard,2024,phase1_historical_explicit,False,5,evidence/phase1_outputs.zip::lodo_runs/coursera/standard/seed_2024,16,1.0,5,standard,2e-05,128,bert-base-uncased,standard,1.0,0.01,False,dev_complete_triplet_micro_f1
crossdomain,coursera,phase1_standard,standard,42,phase1_historical_explicit,False,5,evidence/phase1_outputs.zip::lodo_runs/coursera/standard/seed_42,16,1.0,5,standard,2e-05,128,bert-base-uncased,standard,1.0,0.01,False,dev_complete_triplet_micro_f1
crossdomain,coursera,phase1_standard,standard,777,phase1_historical_explicit,False,5,evidence/phase1_outputs.zip::lodo_runs/coursera/standard/seed_777,16,1.0,5,standard,2e-05,128,bert-base-uncased,standard,1.0,0.01,False,dev_complete_triplet_micro_f1
crossdomain,coursera,phase1_weighted,weighted,123,phase1_historical_explicit,False,5,evidence/phase1_outputs.zip::lodo_runs/coursera/weighted/seed_123,16,1.0,5,weighted,2e-05,128,bert-base-uncased,weighted,1.0,0.01,False,dev_complete_triplet_micro_f1
crossdomain,coursera,phase1_weighted,weighted,13,phase1_historical_explicit,False,5,evidence/phase1_outputs.zip::lodo_runs/coursera/weighted/seed_13,16,1.0,5,weighted,2e-05,128,bert-base-uncased,weighted,1.0,0.01,False,dev_complete_triplet_micro_f1
crossdomain,coursera,phase1_weighted,weighted,2024,phase1_historical_explicit,False,5,evidence/phase1_outputs.zip::lodo_runs/coursera/weighted/seed_2024,16,1.0,5,weighted,2e-05,128,bert-base-uncased,weighted,1.0,0.01,False,dev_complete_triplet_micro_f1
crossdomain,coursera,phase1_weighted,weighted,42,phase1_historical_explicit,False,5,evidence/phase1_outputs.zip::lodo_runs/coursera/weighted/seed_42,16,1.0,5,weighted,2e-05,128,bert-base-uncased,weighted,1.0,0.01,False,dev_complete_triplet_micro_f1
crossdomain,coursera,phase1_weighted,weighted,777,phase1_historical_explicit,False,5,evidence/phase1_outputs.zip::lodo_runs/coursera/weighted/seed_777,16,1.0,5,weighted,2e-05,128,bert-base-uncased,weighted,1.0,0.01,False,dev_complete_triplet_micro_f1
crossdomain,food,phase1_standard,standard,123,phase1_historical_explicit,False,5,evidence/phase1_outputs.zip::lodo_runs/food/standard/seed_123,16,1.0,5,standard,2e-05,128,bert-base-uncased,standard,1.0,0.01,False,dev_complete_triplet_micro_f1
crossdomain,food,phase1_standard,standard,13,phase1_historical_explicit,False,5,evidence/phase1_outputs.zip::lodo_runs/food/standard/seed_13,16,1.0,5,standard,2e-05,128,bert-base-uncased,standard,1.0,0.01,False,dev_complete_triplet_micro_f1
crossdomain,food,phase1_standard,standard,2024,phase1_historical_explicit,False,5,evidence/phase1_outputs.zip::lodo_runs/food/standard/seed_2024,16,1.0,5,standard,2e-05,128,bert-base-uncased,standard,1.0,0.01,False,dev_complete_triplet_micro_f1
crossdomain,food,phase1_standard,standard,42,phase1_historical_explicit,False,5,evidence/phase1_outputs.zip::lodo_runs/food/standard/seed_42,16,1.0,5,standard,2e-05,128,bert-base-uncased,standard,1.0,0.01,False,dev_complete_triplet_micro_f1
crossdomain,food,phase1_standard,standard,777,phase1_historical_explicit,False,5,evidence/phase1_outputs.zip::lodo_runs/food/standard/seed_777,16,1.0,5,standard,2e-05,128,bert-base-uncased,standard,1.0,0.01,False,dev_complete_triplet_micro_f1
crossdomain,food,phase1_weighted,weighted,123,phase1_historical_explicit,False,5,evidence/phase1_outputs.zip::lodo_runs/food/weighted/seed_123,16,1.0,5,weighted,2e-05,128,bert-base-uncased,weighted,1.0,0.01,False,dev_complete_triplet_micro_f1
crossdomain,food,phase1_weighted,weighted,13,phase1_historical_explicit,False,4,evidence/phase1_outputs.zip::lodo_runs/food/weighted/seed_13,16,1.0,5,weighted,2e-05,128,bert-base-uncased,weighted,1.0,0.01,False,dev_complete_triplet_micro_f1
crossdomain,food,phase1_weighted,weighted,2024,phase1_historical_explicit,False,5,evidence/phase1_outputs.zip::lodo_runs/food/weighted/seed_2024,16,1.0,5,weighted,2e-05,128,bert-base-uncased,weighted,1.0,0.01,False,dev_complete_triplet_micro_f1
crossdomain,food,phase1_weighted,weighted,42,phase1_historical_explicit,False,5,evidence/phase1_outputs.zip::lodo_runs/food/weighted/seed_42,16,1.0,5,weighted,2e-05,128,bert-base-uncased,weighted,1.0,0.01,False,dev_complete_triplet_micro_f1
crossdomain,food,phase1_weighted,weighted,777,phase1_historical_explicit,False,5,evidence/phase1_outputs.zip::lodo_runs/food/weighted/seed_777,16,1.0,5,weighted,2e-05,128,bert-base-uncased,weighted,1.0,0.01,False,dev_complete_triplet_micro_f1
crossdomain,hotel,phase1_standard,standard,123,phase1_historical_explicit,False,5,evidence/phase1_outputs.zip::lodo_runs/hotel/standard/seed_123,16,1.0,5,standard,2e-05,128,bert-base-uncased,standard,1.0,0.01,False,dev_complete_triplet_micro_f1
crossdomain,hotel,phase1_standard,standard,13,phase1_historical_explicit,False,4,evidence/phase1_outputs.zip::lodo_runs/hotel/standard/seed_13,16,1.0,5,standard,2e-05,128,bert-base-uncased,standard,1.0,0.01,False,dev_complete_triplet_micro_f1
crossdomain,hotel,phase1_standard,standard,2024,phase1_historical_explicit,False,4,evidence/phase1_outputs.zip::lodo_runs/hotel/standard/seed_2024,16,1.0,5,standard,2e-05,128,bert-base-uncased,standard,1.0,0.01,False,dev_complete_triplet_micro_f1
crossdomain,hotel,phase1_standard,standard,42,phase1_historical_explicit,False,4,evidence/phase1_outputs.zip::lodo_runs/hotel/standard/seed_42,16,1.0,5,standard,2e-05,128,bert-base-uncased,standard,1.0,0.01,False,dev_complete_triplet_micro_f1
crossdomain,hotel,phase1_standard,standard,777,phase1_historical_explicit,False,5,evidence/phase1_outputs.zip::lodo_runs/hotel/standard/seed_777,16,1.0,5,standard,2e-05,128,bert-base-uncased,standard,1.0,0.01,False,dev_complete_triplet_micro_f1
crossdomain,hotel,phase1_weighted,weighted,123,phase1_historical_explicit,False,4,evidence/phase1_outputs.zip::lodo_runs/hotel/weighted/seed_123,16,1.0,5,weighted,2e-05,128,bert-base-uncased,weighted,1.0,0.01,False,dev_complete_triplet_micro_f1
crossdomain,hotel,phase1_weighted,weighted,13,phase1_historical_explicit,False,5,evidence/phase1_outputs.zip::lodo_runs/hotel/weighted/seed_13,16,1.0,5,weighted,2e-05,128,bert-base-uncased,weighted,1.0,0.01,False,dev_complete_triplet_micro_f1
crossdomain,hotel,phase1_weighted,weighted,2024,phase1_historical_explicit,False,5,evidence/phase1_outputs.zip::lodo_runs/hotel/weighted/seed_2024,16,1.0,5,weighted,2e-05,128,bert-base-uncased,weighted,1.0,0.01,False,dev_complete_triplet_micro_f1
crossdomain,hotel,phase1_weighted,weighted,42,phase1_historical_explicit,False,5,evidence/phase1_outputs.zip::lodo_runs/hotel/weighted/seed_42,16,1.0,5,weighted,2e-05,128,bert-base-uncased,weighted,1.0,0.01,False,dev_complete_triplet_micro_f1
crossdomain,hotel,phase1_weighted,weighted,777,phase1_historical_explicit,False,5,evidence/phase1_outputs.zip::lodo_runs/hotel/weighted/seed_777,16,1.0,5,weighted,2e-05,128,bert-base-uncased,weighted,1.0,0.01,False,dev_complete_triplet_micro_f1
crossdomain,laptop,phase1_standard,standard,123,phase1_historical_explicit,False,5,evidence/phase1_outputs.zip::lodo_runs/laptop/standard/seed_123,16,1.0,5,standard,2e-05,128,bert-base-uncased,standard,1.0,0.01,False,dev_complete_triplet_micro_f1
crossdomain,laptop,phase1_standard,standard,13,phase1_historical_explicit,False,5,evidence/phase1_outputs.zip::lodo_runs/laptop/standard/seed_13,16,1.0,5,standard,2e-05,128,bert-base-uncased,standard,1.0,0.01,False,dev_complete_triplet_micro_f1
crossdomain,laptop,phase1_standard,standard,2024,phase1_historical_explicit,False,4,evidence/phase1_outputs.zip::lodo_runs/laptop/standard/seed_2024,16,1.0,5,standard,2e-05,128,bert-base-uncased,standard,1.0,0.01,False,dev_complete_triplet_micro_f1
crossdomain,laptop,phase1_standard,standard,42,phase1_historical_explicit,False,5,evidence/phase1_outputs.zip::lodo_runs/laptop/standard/seed_42,16,1.0,5,standard,2e-05,128,bert-base-uncased,standard,1.0,0.01,False,dev_complete_triplet_micro_f1
crossdomain,laptop,phase1_standard,standard,777,phase1_historical_explicit,False,5,evidence/phase1_outputs.zip::lodo_runs/laptop/standard/seed_777,16,1.0,5,standard,2e-05,128,bert-base-uncased,standard,1.0,0.01,False,dev_complete_triplet_micro_f1
crossdomain,laptop,phase1_weighted,weighted,123,phase1_historical_explicit,False,5,evidence/phase1_outputs.zip::lodo_runs/laptop/weighted/seed_123,16,1.0,5,weighted,2e-05,128,bert-base-uncased,weighted,1.0,0.01,False,dev_complete_triplet_micro_f1
crossdomain,laptop,phase1_weighted,weighted,13,phase1_historical_explicit,False,5,evidence/phase1_outputs.zip::lodo_runs/laptop/weighted/seed_13,16,1.0,5,weighted,2e-05,128,bert-base-uncased,weighted,1.0,0.01,False,dev_complete_triplet_micro_f1
crossdomain,laptop,phase1_weighted,weighted,2024,phase1_historical_explicit,False,5,evidence/phase1_outputs.zip::lodo_runs/laptop/weighted/seed_2024,16,1.0,5,weighted,2e-05,128,bert-base-uncased,weighted,1.0,0.01,False,dev_complete_triplet_micro_f1
crossdomain,laptop,phase1_weighted,weighted,42,phase1_historical_explicit,False,5,evidence/phase1_outputs.zip::lodo_runs/laptop/weighted/seed_42,16,1.0,5,weighted,2e-05,128,bert-base-uncased,weighted,1.0,0.01,False,dev_complete_triplet_micro_f1
crossdomain,laptop,phase1_weighted,weighted,777,phase1_historical_explicit,False,5,evidence/phase1_outputs.zip::lodo_runs/laptop/weighted/seed_777,16,1.0,5,weighted,2e-05,128,bert-base-uncased,weighted,1.0,0.01,False,dev_complete_triplet_micro_f1
crossdomain,phone,phase1_standard,standard,123,phase1_historical_explicit,False,5,evidence/phase1_outputs.zip::lodo_runs/phone/standard/seed_123,16,1.0,5,standard,2e-05,128,bert-base-uncased,standard,1.0,0.01,False,dev_complete_triplet_micro_f1
crossdomain,phone,phase1_standard,standard,13,phase1_historical_explicit,False,5,evidence/phase1_outputs.zip::lodo_runs/phone/standard/seed_13,16,1.0,5,standard,2e-05,128,bert-base-uncased,standard,1.0,0.01,False,dev_complete_triplet_micro_f1
crossdomain,phone,phase1_standard,standard,2024,phase1_historical_explicit,False,5,evidence/phase1_outputs.zip::lodo_runs/phone/standard/seed_2024,16,1.0,5,standard,2e-05,128,bert-base-uncased,standard,1.0,0.01,False,dev_complete_triplet_micro_f1
crossdomain,phone,phase1_standard,standard,42,phase1_historical_explicit,False,5,evidence/phase1_outputs.zip::lodo_runs/phone/standard/seed_42,16,1.0,5,standard,2e-05,128,bert-base-uncased,standard,1.0,0.01,False,dev_complete_triplet_micro_f1
crossdomain,phone,phase1_standard,standard,777,phase1_historical_explicit,False,5,evidence/phase1_outputs.zip::lodo_runs/phone/standard/seed_777,16,1.0,5,standard,2e-05,128,bert-base-uncased,standard,1.0,0.01,False,dev_complete_triplet_micro_f1
crossdomain,phone,phase1_weighted,weighted,123,phase1_historical_explicit,False,5,evidence/phase1_outputs.zip::lodo_runs/phone/weighted/seed_123,16,1.0,5,weighted,2e-05,128,bert-base-uncased,weighted,1.0,0.01,False,dev_complete_triplet_micro_f1
crossdomain,phone,phase1_weighted,weighted,13,phase1_historical_explicit,False,5,evidence/phase1_outputs.zip::lodo_runs/phone/weighted/seed_13,16,1.0,5,weighted,2e-05,128,bert-base-uncased,weighted,1.0,0.01,False,dev_complete_triplet_micro_f1
crossdomain,phone,phase1_weighted,weighted,2024,phase1_historical_explicit,False,5,evidence/phase1_outputs.zip::lodo_runs/phone/weighted/seed_2024,16,1.0,5,weighted,2e-05,128,bert-base-uncased,weighted,1.0,0.01,False,dev_complete_triplet_micro_f1
crossdomain,phone,phase1_weighted,weighted,42,phase1_historical_explicit,False,5,evidence/phase1_outputs.zip::lodo_runs/phone/weighted/seed_42,16,1.0,5,weighted,2e-05,128,bert-base-uncased,weighted,1.0,0.01,False,dev_complete_triplet_micro_f1
crossdomain,phone,phase1_weighted,weighted,777,phase1_historical_explicit,False,5,evidence/phase1_outputs.zip::lodo_runs/phone/weighted/seed_777,16,1.0,5,weighted,2e-05,128,bert-base-uncased,weighted,1.0,0.01,False,dev_complete_triplet_micro_f1
crossdomain,restaurant,phase1_standard,standard,123,phase1_historical_explicit,False,5,evidence/phase1_outputs.zip::lodo_runs/restaurant/standard/seed_123,16,1.0,5,standard,2e-05,128,bert-base-uncased,standard,1.0,0.01,False,dev_complete_triplet_micro_f1
crossdomain,restaurant,phase1_standard,standard,13,phase1_historical_explicit,False,5,evidence/phase1_outputs.zip::lodo_runs/restaurant/standard/seed_13,16,1.0,5,standard,2e-05,128,bert-base-uncased,standard,1.0,0.01,False,dev_complete_triplet_micro_f1
crossdomain,restaurant,phase1_standard,standard,2024,phase1_historical_explicit,False,5,evidence/phase1_outputs.zip::lodo_runs/restaurant/standard/seed_2024,16,1.0,5,standard,2e-05,128,bert-base-uncased,standard,1.0,0.01,False,dev_complete_triplet_micro_f1
crossdomain,restaurant,phase1_standard,standard,42,phase1_historical_explicit,False,5,evidence/phase1_outputs.zip::lodo_runs/restaurant/standard/seed_42,16,1.0,5,standard,2e-05,128,bert-base-uncased,standard,1.0,0.01,False,dev_complete_triplet_micro_f1
crossdomain,restaurant,phase1_standard,standard,777,phase1_historical_explicit,False,5,evidence/phase1_outputs.zip::lodo_runs/restaurant/standard/seed_777,16,1.0,5,standard,2e-05,128,bert-base-uncased,standard,1.0,0.01,False,dev_complete_triplet_micro_f1
crossdomain,restaurant,phase1_weighted,weighted,123,phase1_historical_explicit,False,5,evidence/phase1_outputs.zip::lodo_runs/restaurant/weighted/seed_123,16,1.0,5,weighted,2e-05,128,bert-base-uncased,weighted,1.0,0.01,False,dev_complete_triplet_micro_f1
crossdomain,restaurant,phase1_weighted,weighted,13,phase1_historical_explicit,False,5,evidence/phase1_outputs.zip::lodo_runs/restaurant/weighted/seed_13,16,1.0,5,weighted,2e-05,128,bert-base-uncased,weighted,1.0,0.01,False,dev_complete_triplet_micro_f1
crossdomain,restaurant,phase1_weighted,weighted,2024,phase1_historical_explicit,False,5,evidence/phase1_outputs.zip::lodo_runs/restaurant/weighted/seed_2024,16,1.0,5,weighted,2e-05,128,bert-base-uncased,weighted,1.0,0.01,False,dev_complete_triplet_micro_f1
crossdomain,restaurant,phase1_weighted,weighted,42,phase1_historical_explicit,False,5,evidence/phase1_outputs.zip::lodo_runs/restaurant/weighted/seed_42,16,1.0,5,weighted,2e-05,128,bert-base-uncased,weighted,1.0,0.01,False,dev_complete_triplet_micro_f1
crossdomain,restaurant,phase1_weighted,weighted,777,phase1_historical_explicit,False,5,evidence/phase1_outputs.zip::lodo_runs/restaurant/weighted/seed_777,16,1.0,5,weighted,2e-05,128,bert-base-uncased,weighted,1.0,0.01,False,dev_complete_triplet_micro_f1
crossdomain,sight,phase1_standard,standard,123,phase1_historical_explicit,False,5,evidence/phase1_outputs.zip::lodo_runs/sight/standard/seed_123,16,1.0,5,standard,2e-05,128,bert-base-uncased,standard,1.0,0.01,False,dev_complete_triplet_micro_f1
crossdomain,sight,phase1_standard,standard,13,phase1_historical_explicit,False,5,evidence/phase1_outputs.zip::lodo_runs/sight/standard/seed_13,16,1.0,5,standard,2e-05,128,bert-base-uncased,standard,1.0,0.01,False,dev_complete_triplet_micro_f1
crossdomain,sight,phase1_standard,standard,2024,phase1_historical_explicit,False,5,evidence/phase1_outputs.zip::lodo_runs/sight/standard/seed_2024,16,1.0,5,standard,2e-05,128,bert-base-uncased,standard,1.0,0.01,False,dev_complete_triplet_micro_f1
crossdomain,sight,phase1_standard,standard,42,phase1_historical_explicit,False,5,evidence/phase1_outputs.zip::lodo_runs/sight/standard/seed_42,16,1.0,5,standard,2e-05,128,bert-base-uncased,standard,1.0,0.01,False,dev_complete_triplet_micro_f1
crossdomain,sight,phase1_standard,standard,777,phase1_historical_explicit,False,5,evidence/phase1_outputs.zip::lodo_runs/sight/standard/seed_777,16,1.0,5,standard,2e-05,128,bert-base-uncased,standard,1.0,0.01,False,dev_complete_triplet_micro_f1
crossdomain,sight,phase1_weighted,weighted,123,phase1_historical_explicit,False,5,evidence/phase1_outputs.zip::lodo_runs/sight/weighted/seed_123,16,1.0,5,weighted,2e-05,128,bert-base-uncased,weighted,1.0,0.01,False,dev_complete_triplet_micro_f1
crossdomain,sight,phase1_weighted,weighted,13,phase1_historical_explicit,False,5,evidence/phase1_outputs.zip::lodo_runs/sight/weighted/seed_13,16,1.0,5,weighted,2e-05,128,bert-base-uncased,weighted,1.0,0.01,False,dev_complete_triplet_micro_f1
crossdomain,sight,phase1_weighted,weighted,2024,phase1_historical_explicit,False,5,evidence/phase1_outputs.zip::lodo_runs/sight/weighted/seed_2024,16,1.0,5,weighted,2e-05,128,bert-base-uncased,weighted,1.0,0.01,False,dev_complete_triplet_micro_f1
crossdomain,sight,phase1_weighted,weighted,42,phase1_historical_explicit,False,5,evidence/phase1_outputs.zip::lodo_runs/sight/weighted/seed_42,16,1.0,5,weighted,2e-05,128,bert-base-uncased,weighted,1.0,0.01,False,dev_complete_triplet_micro_f1
crossdomain,sight,phase1_weighted,weighted,777,phase1_historical_explicit,False,4,evidence/phase1_outputs.zip::lodo_runs/sight/weighted/seed_777,16,1.0,5,weighted,2e-05,128,bert-base-uncased,weighted,1.0,0.01,False,dev_complete_triplet_micro_f1
