study,trial_id,seed,stages,status,loss_type,ce_weight,weighted_ce_weight,focal_gamma,lr,epochs,batch_size,max_len,weight_decay,warmup_ratio,max_grad_norm,null_head,vocabulary_scope,selection_metric,null_loss,null_loss_weight,null_pos_weight_cap,null_focal_gamma,asl_gamma_positive,asl_gamma_negative,asl_margin,representation,negative_sampling,negative_ratio,minimum_negatives,hard_fraction,attention_size,precision,amp_initial_scale,explicit_dev_f1,null_dev_f1,combined_dev_f1,threshold,parameters_json
Quick tuning,focal_2_8e92909d4e3b,13,Loss screen; frozen screen,complete,focal,1.0,0.5,2.0,2e-05,5,16,128,0.01,0.1,1.0,False,auto,explicit,,0.5,1.0,,,,,,,,,,,,,0.3086160312218553,0.0,0.2631848438300051,0.5,"{""batch_size"": 16, ""bio_loss_weight"": 1.0, ""category_loss_weight"": 1.0, ""ce_weight"": 1.0, ""drop_conflict"": false, ""epochs"": 5, ""focal_gamma"": 2.0, ""loss_heads"": [""bio"", ""category"", ""sentiment""], ""loss_type"": ""focal"", ""lr"": 2e-05, ""max_grad_norm"": 1.0, ""max_len"": 128, ""model_name"": ""bert-base-uncased"", ""model_revision"": ""86b5e0934494bd15c9632b12f734a8a67f723594"", ""name"": ""focal_2"", ""null_head"": false, ""null_loss_weight"": 0.5, ""null_pos_weight_cap"": 1.0, ""null_threshold"": 0.5, ""null_thresholds"": [0.2, 0.3, 0.4, 0.5, 0.6, 0.7, 0.8], ""offline"": true, ""selection_metric"": ""explicit"", ""sentiment_loss_weight"": 1.0, ""vocabulary_scope"": ""auto"", ""warmup_ratio"": 0.1, ""weight_decay"": 0.01, ""weighted_ce_weight"": 0.5}"
Quick tuning,mixed_025_ab40cdd00db0,13,Loss screen; LR search; frozen screen,complete,mixed,0.75,0.25,2.0,2e-05,5,16,128,0.01,0.1,1.0,False,auto,explicit,,0.5,1.0,,,,,,,,,,,,,0.3328643216080402,0.0,0.2983783783783784,0.5,"{""batch_size"": 16, ""bio_loss_weight"": 1.0, ""category_loss_weight"": 1.0, ""ce_weight"": 0.75, ""drop_conflict"": false, ""epochs"": 5, ""focal_gamma"": 2.0, ""loss_heads"": [""bio"", ""category"", ""sentiment""], ""loss_type"": ""mixed"", ""lr"": 2e-05, ""max_grad_norm"": 1.0, ""max_len"": 128, ""model_name"": ""bert-base-uncased"", ""model_revision"": ""86b5e0934494bd15c9632b12f734a8a67f723594"", ""name"": ""mixed_025"", ""null_head"": false, ""null_loss_weight"": 0.5, ""null_pos_weight_cap"": 1.0, ""null_threshold"": 0.5, ""null_thresholds"": [0.2, 0.3, 0.4, 0.5, 0.6, 0.7, 0.8], ""offline"": true, ""selection_metric"": ""explicit"", ""sentiment_loss_weight"": 1.0, ""vocabulary_scope"": ""auto"", ""warmup_ratio"": 0.1, ""weight_decay"": 0.01, ""weighted_ce_weight"": 0.25}"
Quick tuning,mixed_033_b29abfd99fa6,13,Loss screen; frozen screen,complete,mixed,0.6666666666666667,0.3333333333333333,2.0,2e-05,5,16,128,0.01,0.1,1.0,False,auto,explicit,,0.5,1.0,,,,,,,,,,,,,0.3287409108304631,0.0,0.29615583520082744,0.5,"{""batch_size"": 16, ""bio_loss_weight"": 1.0, ""category_loss_weight"": 1.0, ""ce_weight"": 0.6666666666666667, ""drop_conflict"": false, ""epochs"": 5, ""focal_gamma"": 2.0, ""loss_heads"": [""bio"", ""category"", ""sentiment""], ""loss_type"": ""mixed"", ""lr"": 2e-05, ""max_grad_norm"": 1.0, ""max_len"": 128, ""model_name"": ""bert-base-uncased"", ""model_revision"": ""86b5e0934494bd15c9632b12f734a8a67f723594"", ""name"": ""mixed_033"", ""null_head"": false, ""null_loss_weight"": 0.5, ""null_pos_weight_cap"": 1.0, ""null_threshold"": 0.5, ""null_thresholds"": [0.2, 0.3, 0.4, 0.5, 0.6, 0.7, 0.8], ""offline"": true, ""selection_metric"": ""explicit"", ""sentiment_loss_weight"": 1.0, ""vocabulary_scope"": ""auto"", ""warmup_ratio"": 0.1, ""weight_decay"": 0.01, ""weighted_ce_weight"": 0.3333333333333333}"
Quick tuning,mixed_050_28230633aa41,13,Loss screen; frozen screen,complete,mixed,0.5,0.5,2.0,2e-05,5,16,128,0.01,0.1,1.0,False,auto,explicit,,0.5,1.0,,,,,,,,,,,,,0.30568302153194493,0.0,0.2775196282647012,0.5,"{""batch_size"": 16, ""bio_loss_weight"": 1.0, ""category_loss_weight"": 1.0, ""ce_weight"": 0.5, ""drop_conflict"": false, ""epochs"": 5, ""focal_gamma"": 2.0, ""loss_heads"": [""bio"", ""category"", ""sentiment""], ""loss_type"": ""mixed"", ""lr"": 2e-05, ""max_grad_norm"": 1.0, ""max_len"": 128, ""model_name"": ""bert-base-uncased"", ""model_revision"": ""86b5e0934494bd15c9632b12f734a8a67f723594"", ""name"": ""mixed_050"", ""null_head"": false, ""null_loss_weight"": 0.5, ""null_pos_weight_cap"": 1.0, ""null_threshold"": 0.5, ""null_thresholds"": [0.2, 0.3, 0.4, 0.5, 0.6, 0.7, 0.8], ""offline"": true, ""selection_metric"": ""explicit"", ""sentiment_loss_weight"": 1.0, ""vocabulary_scope"": ""auto"", ""warmup_ratio"": 0.1, ""weight_decay"": 0.01, ""weighted_ce_weight"": 0.5}"
Quick tuning,standard_dc1c37f41da3,13,Loss screen; frozen screen,complete,standard,1.0,0.5,2.0,2e-05,5,16,128,0.01,0.1,1.0,False,auto,explicit,,0.5,1.0,,,,,,,,,,,,,0.30822114007447726,0.0,0.26463354648303,0.5,"{""batch_size"": 16, ""bio_loss_weight"": 1.0, ""category_loss_weight"": 1.0, ""ce_weight"": 1.0, ""drop_conflict"": false, ""epochs"": 5, ""focal_gamma"": 2.0, ""loss_heads"": [""bio"", ""category"", ""sentiment""], ""loss_type"": ""standard"", ""lr"": 2e-05, ""max_grad_norm"": 1.0, ""max_len"": 128, ""model_name"": ""bert-base-uncased"", ""model_revision"": ""86b5e0934494bd15c9632b12f734a8a67f723594"", ""name"": ""standard"", ""null_head"": false, ""null_loss_weight"": 0.5, ""null_pos_weight_cap"": 1.0, ""null_threshold"": 0.5, ""null_thresholds"": [0.2, 0.3, 0.4, 0.5, 0.6, 0.7, 0.8], ""offline"": true, ""selection_metric"": ""explicit"", ""sentiment_loss_weight"": 1.0, ""vocabulary_scope"": ""auto"", ""warmup_ratio"": 0.1, ""weight_decay"": 0.01, ""weighted_ce_weight"": 0.5}"
Quick tuning,weighted_dbc809433ea0,13,Loss screen; frozen screen,complete,weighted,1.0,0.5,2.0,2e-05,5,16,128,0.01,0.1,1.0,False,auto,explicit,,0.5,1.0,,,,,,,,,,,,,0.22084332252150612,0.0,0.2042786329246021,0.5,"{""batch_size"": 16, ""bio_loss_weight"": 1.0, ""category_loss_weight"": 1.0, ""ce_weight"": 1.0, ""drop_conflict"": false, ""epochs"": 5, ""focal_gamma"": 2.0, ""loss_heads"": [""bio"", ""category"", ""sentiment""], ""loss_type"": ""weighted"", ""lr"": 2e-05, ""max_grad_norm"": 1.0, ""max_len"": 128, ""model_name"": ""bert-base-uncased"", ""model_revision"": ""86b5e0934494bd15c9632b12f734a8a67f723594"", ""name"": ""weighted"", ""null_head"": false, ""null_loss_weight"": 0.5, ""null_pos_weight_cap"": 1.0, ""null_threshold"": 0.5, ""null_thresholds"": [0.2, 0.3, 0.4, 0.5, 0.6, 0.7, 0.8], ""offline"": true, ""selection_metric"": ""explicit"", ""sentiment_loss_weight"": 1.0, ""vocabulary_scope"": ""auto"", ""warmup_ratio"": 0.1, ""weight_decay"": 0.01, ""weighted_ce_weight"": 0.5}"
Quick tuning,mixed_025_728834a76d3e,13,LR search; frozen screen,complete,mixed,0.75,0.25,2.0,1e-05,5,16,128,0.01,0.1,1.0,False,auto,explicit,,0.5,1.0,,,,,,,,,,,,,0.262706796890572,0.0,0.23569384835479257,0.5,"{""batch_size"": 16, ""bio_loss_weight"": 1.0, ""category_loss_weight"": 1.0, ""ce_weight"": 0.75, ""drop_conflict"": false, ""epochs"": 5, ""focal_gamma"": 2.0, ""loss_heads"": [""bio"", ""category"", ""sentiment""], ""loss_type"": ""mixed"", ""lr"": 1e-05, ""max_grad_norm"": 1.0, ""max_len"": 128, ""model_name"": ""bert-base-uncased"", ""model_revision"": ""86b5e0934494bd15c9632b12f734a8a67f723594"", ""name"": ""mixed_025"", ""null_head"": false, ""null_loss_weight"": 0.5, ""null_pos_weight_cap"": 1.0, ""null_threshold"": 0.5, ""null_thresholds"": [0.2, 0.3, 0.4, 0.5, 0.6, 0.7, 0.8], ""offline"": true, ""selection_metric"": ""explicit"", ""sentiment_loss_weight"": 1.0, ""vocabulary_scope"": ""auto"", ""warmup_ratio"": 0.1, ""weight_decay"": 0.01, ""weighted_ce_weight"": 0.25}"
Quick tuning,mixed_025_da1a88a51a5f,13,LR search; frozen finalist; frozen screen,complete,mixed,0.75,0.25,2.0,3e-05,5,16,128,0.01,0.1,1.0,False,auto,explicit,,0.5,1.0,,,,,,,,,,,,,0.3635993485342019,0.0,0.3254966283943867,0.5,"{""batch_size"": 16, ""bio_loss_weight"": 1.0, ""category_loss_weight"": 1.0, ""ce_weight"": 0.75, ""drop_conflict"": false, ""epochs"": 5, ""focal_gamma"": 2.0, ""loss_heads"": [""bio"", ""category"", ""sentiment""], ""loss_type"": ""mixed"", ""lr"": 3e-05, ""max_grad_norm"": 1.0, ""max_len"": 128, ""model_name"": ""bert-base-uncased"", ""model_revision"": ""86b5e0934494bd15c9632b12f734a8a67f723594"", ""name"": ""mixed_025"", ""null_head"": false, ""null_loss_weight"": 0.5, ""null_pos_weight_cap"": 1.0, ""null_threshold"": 0.5, ""null_thresholds"": [0.2, 0.3, 0.4, 0.5, 0.6, 0.7, 0.8], ""offline"": true, ""selection_metric"": ""explicit"", ""sentiment_loss_weight"": 1.0, ""vocabulary_scope"": ""auto"", ""warmup_ratio"": 0.1, ""weight_decay"": 0.01, ""weighted_ce_weight"": 0.25}"
Quick tuning,mixed_025_393b9e11646e,13,NULL search; frozen finalist; frozen screen,complete,mixed,0.75,0.25,2.0,3e-05,5,16,128,0.01,0.1,1.0,False,explicit-null,explicit,,0.5,1.0,,,,,,,,,,,,,0.36278881232265914,0.0,0.3249228535124342,0.5,"{""batch_size"": 16, ""bio_loss_weight"": 1.0, ""category_loss_weight"": 1.0, ""ce_weight"": 0.75, ""drop_conflict"": false, ""epochs"": 5, ""focal_gamma"": 2.0, ""loss_heads"": [""bio"", ""category"", ""sentiment""], ""loss_type"": ""mixed"", ""lr"": 3e-05, ""max_grad_norm"": 1.0, ""max_len"": 128, ""model_name"": ""bert-base-uncased"", ""model_revision"": ""86b5e0934494bd15c9632b12f734a8a67f723594"", ""name"": ""mixed_025"", ""null_head"": false, ""null_loss_weight"": 0.5, ""null_pos_weight_cap"": 1.0, ""null_threshold"": 0.5, ""null_thresholds"": [0.2, 0.3, 0.4, 0.5, 0.6, 0.7, 0.8], ""offline"": true, ""selection_metric"": ""explicit"", ""sentiment_loss_weight"": 1.0, ""vocabulary_scope"": ""explicit-null"", ""warmup_ratio"": 0.1, ""weight_decay"": 0.01, ""weighted_ce_weight"": 0.25}"
Quick tuning,mixed_025_d578b358d050,13,NULL search; frozen finalist; frozen screen,complete,mixed,0.75,0.25,2.0,3e-05,5,16,128,0.01,0.1,1.0,True,explicit-null,explicit,,0.5,10.0,,,,,,,,,,,,,0.3607480394128293,0.08194622279129321,0.29410864575363427,0.2,"{""batch_size"": 16, ""bio_loss_weight"": 1.0, ""category_loss_weight"": 1.0, ""ce_weight"": 0.75, ""drop_conflict"": false, ""epochs"": 5, ""focal_gamma"": 2.0, ""loss_heads"": [""bio"", ""category"", ""sentiment""], ""loss_type"": ""mixed"", ""lr"": 3e-05, ""max_grad_norm"": 1.0, ""max_len"": 128, ""model_name"": ""bert-base-uncased"", ""model_revision"": ""86b5e0934494bd15c9632b12f734a8a67f723594"", ""name"": ""mixed_025"", ""null_head"": true, ""null_loss_weight"": 0.5, ""null_pos_weight_cap"": 10.0, ""null_threshold"": 0.5, ""null_thresholds"": [0.02, 0.05, 0.1, 0.2, 0.3, 0.4, 0.5, 0.6, 0.7, 0.8], ""offline"": true, ""selection_metric"": ""explicit"", ""sentiment_loss_weight"": 1.0, ""vocabulary_scope"": ""explicit-null"", ""warmup_ratio"": 0.1, ""weight_decay"": 0.01, ""weighted_ce_weight"": 0.25}"
Quick tuning,mixed_025_f8a8e7713832,13,NULL search; frozen screen,complete,mixed,0.75,0.25,2.0,3e-05,5,16,128,0.01,0.1,1.0,True,explicit-null,explicit,,0.5,30.0,,,,,,,,,,,,,0.3623834616943656,0.07540983606557376,0.24016755876192694,0.4,"{""batch_size"": 16, ""bio_loss_weight"": 1.0, ""category_loss_weight"": 1.0, ""ce_weight"": 0.75, ""drop_conflict"": false, ""epochs"": 5, ""focal_gamma"": 2.0, ""loss_heads"": [""bio"", ""category"", ""sentiment""], ""loss_type"": ""mixed"", ""lr"": 3e-05, ""max_grad_norm"": 1.0, ""max_len"": 128, ""model_name"": ""bert-base-uncased"", ""model_revision"": ""86b5e0934494bd15c9632b12f734a8a67f723594"", ""name"": ""mixed_025"", ""null_head"": true, ""null_loss_weight"": 0.5, ""null_pos_weight_cap"": 30.0, ""null_threshold"": 0.5, ""null_thresholds"": [0.02, 0.05, 0.1, 0.2, 0.3, 0.4, 0.5, 0.6, 0.7, 0.8], ""offline"": true, ""selection_metric"": ""explicit"", ""sentiment_loss_weight"": 1.0, ""vocabulary_scope"": ""explicit-null"", ""warmup_ratio"": 0.1, ""weight_decay"": 0.01, ""weighted_ce_weight"": 0.25}"
Quick tuning,mixed_025_da1a88a51a5f,123,frozen finalist,complete,mixed,0.75,0.25,2.0,3e-05,5,16,128,0.01,0.1,1.0,False,auto,explicit,,0.5,1.0,,,,,,,,,,,,,0.3739094308267553,0.0,0.33401373167563553,0.5,"{""batch_size"": 16, ""bio_loss_weight"": 1.0, ""category_loss_weight"": 1.0, ""ce_weight"": 0.75, ""drop_conflict"": false, ""epochs"": 5, ""focal_gamma"": 2.0, ""loss_heads"": [""bio"", ""category"", ""sentiment""], ""loss_type"": ""mixed"", ""lr"": 3e-05, ""max_grad_norm"": 1.0, ""max_len"": 128, ""model_name"": ""bert-base-uncased"", ""model_revision"": ""86b5e0934494bd15c9632b12f734a8a67f723594"", ""name"": ""mixed_025"", ""null_head"": false, ""null_loss_weight"": 0.5, ""null_pos_weight_cap"": 1.0, ""null_threshold"": 0.5, ""null_thresholds"": [0.2, 0.3, 0.4, 0.5, 0.6, 0.7, 0.8], ""offline"": true, ""selection_metric"": ""explicit"", ""sentiment_loss_weight"": 1.0, ""vocabulary_scope"": ""auto"", ""warmup_ratio"": 0.1, ""weight_decay"": 0.01, ""weighted_ce_weight"": 0.25}"
Quick tuning,mixed_025_da1a88a51a5f,2024,frozen finalist,complete,mixed,0.75,0.25,2.0,3e-05,5,16,128,0.01,0.1,1.0,False,auto,explicit,,0.5,1.0,,,,,,,,,,,,,0.37225042301184436,0.0,0.3318876107863473,0.5,"{""batch_size"": 16, ""bio_loss_weight"": 1.0, ""category_loss_weight"": 1.0, ""ce_weight"": 0.75, ""drop_conflict"": false, ""epochs"": 5, ""focal_gamma"": 2.0, ""loss_heads"": [""bio"", ""category"", ""sentiment""], ""loss_type"": ""mixed"", ""lr"": 3e-05, ""max_grad_norm"": 1.0, ""max_len"": 128, ""model_name"": ""bert-base-uncased"", ""model_revision"": ""86b5e0934494bd15c9632b12f734a8a67f723594"", ""name"": ""mixed_025"", ""null_head"": false, ""null_loss_weight"": 0.5, ""null_pos_weight_cap"": 1.0, ""null_threshold"": 0.5, ""null_thresholds"": [0.2, 0.3, 0.4, 0.5, 0.6, 0.7, 0.8], ""offline"": true, ""selection_metric"": ""explicit"", ""sentiment_loss_weight"": 1.0, ""vocabulary_scope"": ""auto"", ""warmup_ratio"": 0.1, ""weight_decay"": 0.01, ""weighted_ce_weight"": 0.25}"
Quick tuning,mixed_025_da1a88a51a5f,42,frozen finalist,complete,mixed,0.75,0.25,2.0,3e-05,5,16,128,0.01,0.1,1.0,False,auto,explicit,,0.5,1.0,,,,,,,,,,,,,0.37542087542087543,0.0,0.33489769100807215,0.5,"{""batch_size"": 16, ""bio_loss_weight"": 1.0, ""category_loss_weight"": 1.0, ""ce_weight"": 0.75, ""drop_conflict"": false, ""epochs"": 5, ""focal_gamma"": 2.0, ""loss_heads"": [""bio"", ""category"", ""sentiment""], ""loss_type"": ""mixed"", ""lr"": 3e-05, ""max_grad_norm"": 1.0, ""max_len"": 128, ""model_name"": ""bert-base-uncased"", ""model_revision"": ""86b5e0934494bd15c9632b12f734a8a67f723594"", ""name"": ""mixed_025"", ""null_head"": false, ""null_loss_weight"": 0.5, ""null_pos_weight_cap"": 1.0, ""null_threshold"": 0.5, ""null_thresholds"": [0.2, 0.3, 0.4, 0.5, 0.6, 0.7, 0.8], ""offline"": true, ""selection_metric"": ""explicit"", ""sentiment_loss_weight"": 1.0, ""vocabulary_scope"": ""auto"", ""warmup_ratio"": 0.1, ""weight_decay"": 0.01, ""weighted_ce_weight"": 0.25}"
Quick tuning,mixed_025_da1a88a51a5f,777,frozen finalist,complete,mixed,0.75,0.25,2.0,3e-05,5,16,128,0.01,0.1,1.0,False,auto,explicit,,0.5,1.0,,,,,,,,,,,,,0.37007376185458374,0.0,0.3300751879699248,0.5,"{""batch_size"": 16, ""bio_loss_weight"": 1.0, ""category_loss_weight"": 1.0, ""ce_weight"": 0.75, ""drop_conflict"": false, ""epochs"": 5, ""focal_gamma"": 2.0, ""loss_heads"": [""bio"", ""category"", ""sentiment""], ""loss_type"": ""mixed"", ""lr"": 3e-05, ""max_grad_norm"": 1.0, ""max_len"": 128, ""model_name"": ""bert-base-uncased"", ""model_revision"": ""86b5e0934494bd15c9632b12f734a8a67f723594"", ""name"": ""mixed_025"", ""null_head"": false, ""null_loss_weight"": 0.5, ""null_pos_weight_cap"": 1.0, ""null_threshold"": 0.5, ""null_thresholds"": [0.2, 0.3, 0.4, 0.5, 0.6, 0.7, 0.8], ""offline"": true, ""selection_metric"": ""explicit"", ""sentiment_loss_weight"": 1.0, ""vocabulary_scope"": ""auto"", ""warmup_ratio"": 0.1, ""weight_decay"": 0.01, ""weighted_ce_weight"": 0.25}"
Quick tuning,mixed_025_d578b358d050,123,frozen finalist,complete,mixed,0.75,0.25,2.0,3e-05,5,16,128,0.01,0.1,1.0,True,explicit-null,explicit,,0.5,10.0,,,,,,,,,,,,,0.37209302325581395,0.083645443196005,0.3000934870676223,0.2,"{""batch_size"": 16, ""bio_loss_weight"": 1.0, ""category_loss_weight"": 1.0, ""ce_weight"": 0.75, ""drop_conflict"": false, ""epochs"": 5, ""focal_gamma"": 2.0, ""loss_heads"": [""bio"", ""category"", ""sentiment""], ""loss_type"": ""mixed"", ""lr"": 3e-05, ""max_grad_norm"": 1.0, ""max_len"": 128, ""model_name"": ""bert-base-uncased"", ""model_revision"": ""86b5e0934494bd15c9632b12f734a8a67f723594"", ""name"": ""mixed_025"", ""null_head"": true, ""null_loss_weight"": 0.5, ""null_pos_weight_cap"": 10.0, ""null_threshold"": 0.5, ""null_thresholds"": [0.02, 0.05, 0.1, 0.2, 0.3, 0.4, 0.5, 0.6, 0.7, 0.8], ""offline"": true, ""selection_metric"": ""explicit"", ""sentiment_loss_weight"": 1.0, ""vocabulary_scope"": ""explicit-null"", ""warmup_ratio"": 0.1, ""weight_decay"": 0.01, ""weighted_ce_weight"": 0.25}"
Quick tuning,mixed_025_d578b358d050,2024,frozen finalist,complete,mixed,0.75,0.25,2.0,3e-05,5,16,128,0.01,0.1,1.0,True,explicit-null,explicit,,0.5,10.0,,,,,,,,,,,,,0.363135593220339,0.09615384615384615,0.30368906455862976,0.2,"{""batch_size"": 16, ""bio_loss_weight"": 1.0, ""category_loss_weight"": 1.0, ""ce_weight"": 0.75, ""drop_conflict"": false, ""epochs"": 5, ""focal_gamma"": 2.0, ""loss_heads"": [""bio"", ""category"", ""sentiment""], ""loss_type"": ""mixed"", ""lr"": 3e-05, ""max_grad_norm"": 1.0, ""max_len"": 128, ""model_name"": ""bert-base-uncased"", ""model_revision"": ""86b5e0934494bd15c9632b12f734a8a67f723594"", ""name"": ""mixed_025"", ""null_head"": true, ""null_loss_weight"": 0.5, ""null_pos_weight_cap"": 10.0, ""null_threshold"": 0.5, ""null_thresholds"": [0.02, 0.05, 0.1, 0.2, 0.3, 0.4, 0.5, 0.6, 0.7, 0.8], ""offline"": true, ""selection_metric"": ""explicit"", ""sentiment_loss_weight"": 1.0, ""vocabulary_scope"": ""explicit-null"", ""warmup_ratio"": 0.1, ""weight_decay"": 0.01, ""weighted_ce_weight"": 0.25}"
Quick tuning,mixed_025_d578b358d050,42,frozen finalist,complete,mixed,0.75,0.25,2.0,3e-05,5,16,128,0.01,0.1,1.0,True,explicit-null,explicit,,0.5,10.0,,,,,,,,,,,,,0.3723875870804307,0.09660107334525939,0.3197267292912041,0.2,"{""batch_size"": 16, ""bio_loss_weight"": 1.0, ""category_loss_weight"": 1.0, ""ce_weight"": 0.75, ""drop_conflict"": false, ""epochs"": 5, ""focal_gamma"": 2.0, ""loss_heads"": [""bio"", ""category"", ""sentiment""], ""loss_type"": ""mixed"", ""lr"": 3e-05, ""max_grad_norm"": 1.0, ""max_len"": 128, ""model_name"": ""bert-base-uncased"", ""model_revision"": ""86b5e0934494bd15c9632b12f734a8a67f723594"", ""name"": ""mixed_025"", ""null_head"": true, ""null_loss_weight"": 0.5, ""null_pos_weight_cap"": 10.0, ""null_threshold"": 0.5, ""null_thresholds"": [0.02, 0.05, 0.1, 0.2, 0.3, 0.4, 0.5, 0.6, 0.7, 0.8], ""offline"": true, ""selection_metric"": ""explicit"", ""sentiment_loss_weight"": 1.0, ""vocabulary_scope"": ""explicit-null"", ""warmup_ratio"": 0.1, ""weight_decay"": 0.01, ""weighted_ce_weight"": 0.25}"
Quick tuning,mixed_025_d578b358d050,777,frozen finalist,complete,mixed,0.75,0.25,2.0,3e-05,5,16,128,0.01,0.1,1.0,True,explicit-null,explicit,,0.5,10.0,,,,,,,,,,,,,0.36912043872600725,0.10633946830265849,0.32418254939674773,0.2,"{""batch_size"": 16, ""bio_loss_weight"": 1.0, ""category_loss_weight"": 1.0, ""ce_weight"": 0.75, ""drop_conflict"": false, ""epochs"": 5, ""focal_gamma"": 2.0, ""loss_heads"": [""bio"", ""category"", ""sentiment""], ""loss_type"": ""mixed"", ""lr"": 3e-05, ""max_grad_norm"": 1.0, ""max_len"": 128, ""model_name"": ""bert-base-uncased"", ""model_revision"": ""86b5e0934494bd15c9632b12f734a8a67f723594"", ""name"": ""mixed_025"", ""null_head"": true, ""null_loss_weight"": 0.5, ""null_pos_weight_cap"": 10.0, ""null_threshold"": 0.5, ""null_thresholds"": [0.02, 0.05, 0.1, 0.2, 0.3, 0.4, 0.5, 0.6, 0.7, 0.8], ""offline"": true, ""selection_metric"": ""explicit"", ""sentiment_loss_weight"": 1.0, ""vocabulary_scope"": ""explicit-null"", ""warmup_ratio"": 0.1, ""weight_decay"": 0.01, ""weighted_ce_weight"": 0.25}"
Quick tuning,mixed_025_393b9e11646e,123,frozen finalist,complete,mixed,0.75,0.25,2.0,3e-05,5,16,128,0.01,0.1,1.0,False,explicit-null,explicit,,0.5,1.0,,,,,,,,,,,,,0.37197664720600504,0.0,0.3321541612362689,0.5,"{""batch_size"": 16, ""bio_loss_weight"": 1.0, ""category_loss_weight"": 1.0, ""ce_weight"": 0.75, ""drop_conflict"": false, ""epochs"": 5, ""focal_gamma"": 2.0, ""loss_heads"": [""bio"", ""category"", ""sentiment""], ""loss_type"": ""mixed"", ""lr"": 3e-05, ""max_grad_norm"": 1.0, ""max_len"": 128, ""model_name"": ""bert-base-uncased"", ""model_revision"": ""86b5e0934494bd15c9632b12f734a8a67f723594"", ""name"": ""mixed_025"", ""null_head"": false, ""null_loss_weight"": 0.5, ""null_pos_weight_cap"": 1.0, ""null_threshold"": 0.5, ""null_thresholds"": [0.2, 0.3, 0.4, 0.5, 0.6, 0.7, 0.8], ""offline"": true, ""selection_metric"": ""explicit"", ""sentiment_loss_weight"": 1.0, ""vocabulary_scope"": ""explicit-null"", ""warmup_ratio"": 0.1, ""weight_decay"": 0.01, ""weighted_ce_weight"": 0.25}"
Quick tuning,mixed_025_393b9e11646e,2024,frozen finalist,complete,mixed,0.75,0.25,2.0,3e-05,5,16,128,0.01,0.1,1.0,False,explicit-null,explicit,,0.5,1.0,,,,,,,,,,,,,0.3665405632618748,0.0,0.3270204387774236,0.5,"{""batch_size"": 16, ""bio_loss_weight"": 1.0, ""category_loss_weight"": 1.0, ""ce_weight"": 0.75, ""drop_conflict"": false, ""epochs"": 5, ""focal_gamma"": 2.0, ""loss_heads"": [""bio"", ""category"", ""sentiment""], ""loss_type"": ""mixed"", ""lr"": 3e-05, ""max_grad_norm"": 1.0, ""max_len"": 128, ""model_name"": ""bert-base-uncased"", ""model_revision"": ""86b5e0934494bd15c9632b12f734a8a67f723594"", ""name"": ""mixed_025"", ""null_head"": false, ""null_loss_weight"": 0.5, ""null_pos_weight_cap"": 1.0, ""null_threshold"": 0.5, ""null_thresholds"": [0.2, 0.3, 0.4, 0.5, 0.6, 0.7, 0.8], ""offline"": true, ""selection_metric"": ""explicit"", ""sentiment_loss_weight"": 1.0, ""vocabulary_scope"": ""explicit-null"", ""warmup_ratio"": 0.1, ""weight_decay"": 0.01, ""weighted_ce_weight"": 0.25}"
Quick tuning,mixed_025_393b9e11646e,42,frozen finalist,complete,mixed,0.75,0.25,2.0,3e-05,5,16,128,0.01,0.1,1.0,False,explicit-null,explicit,,0.5,1.0,,,,,,,,,,,,,0.3735015772870663,0.0,0.33320825515947466,0.5,"{""batch_size"": 16, ""bio_loss_weight"": 1.0, ""category_loss_weight"": 1.0, ""ce_weight"": 0.75, ""drop_conflict"": false, ""epochs"": 5, ""focal_gamma"": 2.0, ""loss_heads"": [""bio"", ""category"", ""sentiment""], ""loss_type"": ""mixed"", ""lr"": 3e-05, ""max_grad_norm"": 1.0, ""max_len"": 128, ""model_name"": ""bert-base-uncased"", ""model_revision"": ""86b5e0934494bd15c9632b12f734a8a67f723594"", ""name"": ""mixed_025"", ""null_head"": false, ""null_loss_weight"": 0.5, ""null_pos_weight_cap"": 1.0, ""null_threshold"": 0.5, ""null_thresholds"": [0.2, 0.3, 0.4, 0.5, 0.6, 0.7, 0.8], ""offline"": true, ""selection_metric"": ""explicit"", ""sentiment_loss_weight"": 1.0, ""vocabulary_scope"": ""explicit-null"", ""warmup_ratio"": 0.1, ""weight_decay"": 0.01, ""weighted_ce_weight"": 0.25}"
Quick tuning,mixed_025_393b9e11646e,777,frozen finalist,complete,mixed,0.75,0.25,2.0,3e-05,5,16,128,0.01,0.1,1.0,False,explicit-null,explicit,,0.5,1.0,,,,,,,,,,,,,0.3744969286168185,0.0,0.3338368580060423,0.5,"{""batch_size"": 16, ""bio_loss_weight"": 1.0, ""category_loss_weight"": 1.0, ""ce_weight"": 0.75, ""drop_conflict"": false, ""epochs"": 5, ""focal_gamma"": 2.0, ""loss_heads"": [""bio"", ""category"", ""sentiment""], ""loss_type"": ""mixed"", ""lr"": 3e-05, ""max_grad_norm"": 1.0, ""max_len"": 128, ""model_name"": ""bert-base-uncased"", ""model_revision"": ""86b5e0934494bd15c9632b12f734a8a67f723594"", ""name"": ""mixed_025"", ""null_head"": false, ""null_loss_weight"": 0.5, ""null_pos_weight_cap"": 1.0, ""null_threshold"": 0.5, ""null_thresholds"": [0.2, 0.3, 0.4, 0.5, 0.6, 0.7, 0.8], ""offline"": true, ""selection_metric"": ""explicit"", ""sentiment_loss_weight"": 1.0, ""vocabulary_scope"": ""explicit-null"", ""warmup_ratio"": 0.1, ""weight_decay"": 0.01, ""weighted_ce_weight"": 0.25}"
NULL adaptation,focal_ia_attention_e6801d313247,13,frozen finalist; confirmation,complete,mixed,0.75,0.25,2.0,3e-05,5,16,128,0.01,0.1,1.0,True,explicit-null,combined,focal,0.5,10.0,2.0,0.0,4.0,0.05,ia_attention,all,8.0,16,0.5,128,amp,1024.0,0.3609419407226959,0.0,0.32321396109798217,1.0,"{""amp_initial_scale"": 1024.0, ""asl_gamma_negative"": 4.0, ""asl_gamma_positive"": 0.0, ""asl_margin"": 0.05, ""attention_size"": 128, ""batch_size"": 16, ""bio_loss_weight"": 1.0, ""category_loss_weight"": 1.0, ""ce_weight"": 0.75, ""drop_conflict"": false, ""epochs"": 5, ""focal_gamma"": 2.0, ""hard_fraction"": 0.5, ""loss_heads"": [""bio"", ""category"", ""sentiment""], ""loss_type"": ""mixed"", ""lr"": 3e-05, ""max_grad_norm"": 1.0, ""max_len"": 128, ""minimum_negatives"": 16, ""model_name"": ""bert-base-uncased"", ""model_revision"": ""86b5e0934494bd15c9632b12f734a8a67f723594"", ""name"": ""focal_ia_attention"", ""negative_ratio"": 8.0, ""negative_sampling"": ""all"", ""null_focal_gamma"": 2.0, ""null_head"": true, ""null_loss"": ""focal"", ""null_loss_weight"": 0.5, ""null_pos_weight_cap"": 10.0, ""null_threshold"": 0.5, ""null_thresholds"": [0.02, 0.05, 0.1, 0.12, 0.14, 0.16, 0.18, 0.2, 0.22, 0.24, 0.26, 0.28, 0.3, 0.32, 0.34, 0.36, 0.38, 0.4, 0.45, 0.5, 0.6, 0.8], ""offline"": true, ""precision"": ""amp"", ""representation"": ""ia_attention"", ""selection_metric"": ""combined"", ""sentiment_loss_weight"": 1.0, ""vocabulary_scope"": ""explicit-null"", ""warmup_ratio"": 0.1, ""weight_decay"": 0.01, ""weighted_ce_weight"": 0.25}"
NULL adaptation,focal_ia_attention_e6801d313247,42,frozen finalist; confirmation,complete,mixed,0.75,0.25,2.0,3e-05,5,16,128,0.01,0.1,1.0,True,explicit-null,combined,focal,0.5,10.0,2.0,0.0,4.0,0.05,ia_attention,all,8.0,16,0.5,128,amp,1024.0,0.3752889262450095,0.0,0.33483314585676793,1.0,"{""amp_initial_scale"": 1024.0, ""asl_gamma_negative"": 4.0, ""asl_gamma_positive"": 0.0, ""asl_margin"": 0.05, ""attention_size"": 128, ""batch_size"": 16, ""bio_loss_weight"": 1.0, ""category_loss_weight"": 1.0, ""ce_weight"": 0.75, ""drop_conflict"": false, ""epochs"": 5, ""focal_gamma"": 2.0, ""hard_fraction"": 0.5, ""loss_heads"": [""bio"", ""category"", ""sentiment""], ""loss_type"": ""mixed"", ""lr"": 3e-05, ""max_grad_norm"": 1.0, ""max_len"": 128, ""minimum_negatives"": 16, ""model_name"": ""bert-base-uncased"", ""model_revision"": ""86b5e0934494bd15c9632b12f734a8a67f723594"", ""name"": ""focal_ia_attention"", ""negative_ratio"": 8.0, ""negative_sampling"": ""all"", ""null_focal_gamma"": 2.0, ""null_head"": true, ""null_loss"": ""focal"", ""null_loss_weight"": 0.5, ""null_pos_weight_cap"": 10.0, ""null_threshold"": 0.5, ""null_thresholds"": [0.02, 0.05, 0.1, 0.12, 0.14, 0.16, 0.18, 0.2, 0.22, 0.24, 0.26, 0.28, 0.3, 0.32, 0.34, 0.36, 0.38, 0.4, 0.45, 0.5, 0.6, 0.8], ""offline"": true, ""precision"": ""amp"", ""representation"": ""ia_attention"", ""selection_metric"": ""combined"", ""sentiment_loss_weight"": 1.0, ""vocabulary_scope"": ""explicit-null"", ""warmup_ratio"": 0.1, ""weight_decay"": 0.01, ""weighted_ce_weight"": 0.25}"
NULL adaptation,focal_ia_attention_e6801d313247,123,frozen finalist; confirmation,complete,mixed,0.75,0.25,2.0,3e-05,5,16,128,0.01,0.1,1.0,True,explicit-null,combined,focal,0.5,10.0,2.0,0.0,4.0,0.05,ia_attention,all,8.0,16,0.5,128,amp,1024.0,0.3717222571848122,0.0,0.3317109696742793,1.0,"{""amp_initial_scale"": 1024.0, ""asl_gamma_negative"": 4.0, ""asl_gamma_positive"": 0.0, ""asl_margin"": 0.05, ""attention_size"": 128, ""batch_size"": 16, ""bio_loss_weight"": 1.0, ""category_loss_weight"": 1.0, ""ce_weight"": 0.75, ""drop_conflict"": false, ""epochs"": 5, ""focal_gamma"": 2.0, ""hard_fraction"": 0.5, ""loss_heads"": [""bio"", ""category"", ""sentiment""], ""loss_type"": ""mixed"", ""lr"": 3e-05, ""max_grad_norm"": 1.0, ""max_len"": 128, ""minimum_negatives"": 16, ""model_name"": ""bert-base-uncased"", ""model_revision"": ""86b5e0934494bd15c9632b12f734a8a67f723594"", ""name"": ""focal_ia_attention"", ""negative_ratio"": 8.0, ""negative_sampling"": ""all"", ""null_focal_gamma"": 2.0, ""null_head"": true, ""null_loss"": ""focal"", ""null_loss_weight"": 0.5, ""null_pos_weight_cap"": 10.0, ""null_threshold"": 0.5, ""null_thresholds"": [0.02, 0.05, 0.1, 0.12, 0.14, 0.16, 0.18, 0.2, 0.22, 0.24, 0.26, 0.28, 0.3, 0.32, 0.34, 0.36, 0.38, 0.4, 0.45, 0.5, 0.6, 0.8], ""offline"": true, ""precision"": ""amp"", ""representation"": ""ia_attention"", ""selection_metric"": ""combined"", ""sentiment_loss_weight"": 1.0, ""vocabulary_scope"": ""explicit-null"", ""warmup_ratio"": 0.1, ""weight_decay"": 0.01, ""weighted_ce_weight"": 0.25}"
NULL adaptation,focal_ia_attention_e6801d313247,2024,frozen finalist; confirmation,complete,mixed,0.75,0.25,2.0,3e-05,5,16,128,0.01,0.1,1.0,True,explicit-null,combined,focal,0.5,10.0,2.0,0.0,4.0,0.05,ia_attention,all,8.0,16,0.5,128,amp,1024.0,0.3695969931092087,0.0,0.3299776286353468,1.0,"{""amp_initial_scale"": 1024.0, ""asl_gamma_negative"": 4.0, ""asl_gamma_positive"": 0.0, ""asl_margin"": 0.05, ""attention_size"": 128, ""batch_size"": 16, ""bio_loss_weight"": 1.0, ""category_loss_weight"": 1.0, ""ce_weight"": 0.75, ""drop_conflict"": false, ""epochs"": 5, ""focal_gamma"": 2.0, ""hard_fraction"": 0.5, ""loss_heads"": [""bio"", ""category"", ""sentiment""], ""loss_type"": ""mixed"", ""lr"": 3e-05, ""max_grad_norm"": 1.0, ""max_len"": 128, ""minimum_negatives"": 16, ""model_name"": ""bert-base-uncased"", ""model_revision"": ""86b5e0934494bd15c9632b12f734a8a67f723594"", ""name"": ""focal_ia_attention"", ""negative_ratio"": 8.0, ""negative_sampling"": ""all"", ""null_focal_gamma"": 2.0, ""null_head"": true, ""null_loss"": ""focal"", ""null_loss_weight"": 0.5, ""null_pos_weight_cap"": 10.0, ""null_threshold"": 0.5, ""null_thresholds"": [0.02, 0.05, 0.1, 0.12, 0.14, 0.16, 0.18, 0.2, 0.22, 0.24, 0.26, 0.28, 0.3, 0.32, 0.34, 0.36, 0.38, 0.4, 0.45, 0.5, 0.6, 0.8], ""offline"": true, ""precision"": ""amp"", ""representation"": ""ia_attention"", ""selection_metric"": ""combined"", ""sentiment_loss_weight"": 1.0, ""vocabulary_scope"": ""explicit-null"", ""warmup_ratio"": 0.1, ""weight_decay"": 0.01, ""weighted_ce_weight"": 0.25}"
NULL adaptation,focal_ia_attention_e6801d313247,777,frozen finalist; confirmation,complete,mixed,0.75,0.25,2.0,3e-05,5,16,128,0.01,0.1,1.0,True,explicit-null,combined,focal,0.5,10.0,2.0,0.0,4.0,0.05,ia_attention,all,8.0,16,0.5,128,amp,1024.0,0.36281551405704904,0.0,0.3245227606461087,1.0,"{""amp_initial_scale"": 1024.0, ""asl_gamma_negative"": 4.0, ""asl_gamma_positive"": 0.0, ""asl_margin"": 0.05, ""attention_size"": 128, ""batch_size"": 16, ""bio_loss_weight"": 1.0, ""category_loss_weight"": 1.0, ""ce_weight"": 0.75, ""drop_conflict"": false, ""epochs"": 5, ""focal_gamma"": 2.0, ""hard_fraction"": 0.5, ""loss_heads"": [""bio"", ""category"", ""sentiment""], ""loss_type"": ""mixed"", ""lr"": 3e-05, ""max_grad_norm"": 1.0, ""max_len"": 128, ""minimum_negatives"": 16, ""model_name"": ""bert-base-uncased"", ""model_revision"": ""86b5e0934494bd15c9632b12f734a8a67f723594"", ""name"": ""focal_ia_attention"", ""negative_ratio"": 8.0, ""negative_sampling"": ""all"", ""null_focal_gamma"": 2.0, ""null_head"": true, ""null_loss"": ""focal"", ""null_loss_weight"": 0.5, ""null_pos_weight_cap"": 10.0, ""null_threshold"": 0.5, ""null_thresholds"": [0.02, 0.05, 0.1, 0.12, 0.14, 0.16, 0.18, 0.2, 0.22, 0.24, 0.26, 0.28, 0.3, 0.32, 0.34, 0.36, 0.38, 0.4, 0.45, 0.5, 0.6, 0.8], ""offline"": true, ""precision"": ""amp"", ""representation"": ""ia_attention"", ""selection_metric"": ""combined"", ""sentiment_loss_weight"": 1.0, ""vocabulary_scope"": ""explicit-null"", ""warmup_ratio"": 0.1, ""weight_decay"": 0.01, ""weighted_ce_weight"": 0.25}"
NULL adaptation,null_off_e53896d9134f,13,frozen finalist; confirmation,complete,mixed,0.75,0.25,2.0,3e-05,5,16,128,0.01,0.1,1.0,False,explicit-null,combined,bce,0.5,10.0,2.0,0.0,4.0,0.05,cls,all,8.0,16,0.5,128,amp,1024.0,0.35995135792460475,0.0,0.32238155745144315,1.0,"{""amp_initial_scale"": 1024.0, ""asl_gamma_negative"": 4.0, ""asl_gamma_positive"": 0.0, ""asl_margin"": 0.05, ""attention_size"": 128, ""batch_size"": 16, ""bio_loss_weight"": 1.0, ""category_loss_weight"": 1.0, ""ce_weight"": 0.75, ""drop_conflict"": false, ""epochs"": 5, ""focal_gamma"": 2.0, ""hard_fraction"": 0.5, ""loss_heads"": [""bio"", ""category"", ""sentiment""], ""loss_type"": ""mixed"", ""lr"": 3e-05, ""max_grad_norm"": 1.0, ""max_len"": 128, ""minimum_negatives"": 16, ""model_name"": ""bert-base-uncased"", ""model_revision"": ""86b5e0934494bd15c9632b12f734a8a67f723594"", ""name"": ""null_off"", ""negative_ratio"": 8.0, ""negative_sampling"": ""all"", ""null_focal_gamma"": 2.0, ""null_head"": false, ""null_loss"": ""bce"", ""null_loss_weight"": 0.5, ""null_pos_weight_cap"": 10.0, ""null_threshold"": 0.5, ""null_thresholds"": [0.02, 0.05, 0.1, 0.12, 0.14, 0.16, 0.18, 0.2, 0.22, 0.24, 0.26, 0.28, 0.3, 0.32, 0.34, 0.36, 0.38, 0.4, 0.45, 0.5, 0.6, 0.8], ""offline"": true, ""precision"": ""amp"", ""representation"": ""cls"", ""selection_metric"": ""combined"", ""sentiment_loss_weight"": 1.0, ""vocabulary_scope"": ""explicit-null"", ""warmup_ratio"": 0.1, ""weight_decay"": 0.01, ""weighted_ce_weight"": 0.25}"
NULL adaptation,null_off_e53896d9134f,42,frozen finalist; confirmation,complete,mixed,0.75,0.25,2.0,3e-05,5,16,128,0.01,0.1,1.0,False,explicit-null,combined,bce,0.5,10.0,2.0,0.0,4.0,0.05,cls,all,8.0,16,0.5,128,amp,1024.0,0.3740248787687118,0.0,0.33358405415569764,1.0,"{""amp_initial_scale"": 1024.0, ""asl_gamma_negative"": 4.0, ""asl_gamma_positive"": 0.0, ""asl_margin"": 0.05, ""attention_size"": 128, ""batch_size"": 16, ""bio_loss_weight"": 1.0, ""category_loss_weight"": 1.0, ""ce_weight"": 0.75, ""drop_conflict"": false, ""epochs"": 5, ""focal_gamma"": 2.0, ""hard_fraction"": 0.5, ""loss_heads"": [""bio"", ""category"", ""sentiment""], ""loss_type"": ""mixed"", ""lr"": 3e-05, ""max_grad_norm"": 1.0, ""max_len"": 128, ""minimum_negatives"": 16, ""model_name"": ""bert-base-uncased"", ""model_revision"": ""86b5e0934494bd15c9632b12f734a8a67f723594"", ""name"": ""null_off"", ""negative_ratio"": 8.0, ""negative_sampling"": ""all"", ""null_focal_gamma"": 2.0, ""null_head"": false, ""null_loss"": ""bce"", ""null_loss_weight"": 0.5, ""null_pos_weight_cap"": 10.0, ""null_threshold"": 0.5, ""null_thresholds"": [0.02, 0.05, 0.1, 0.12, 0.14, 0.16, 0.18, 0.2, 0.22, 0.24, 0.26, 0.28, 0.3, 0.32, 0.34, 0.36, 0.38, 0.4, 0.45, 0.5, 0.6, 0.8], ""offline"": true, ""precision"": ""amp"", ""representation"": ""cls"", ""selection_metric"": ""combined"", ""sentiment_loss_weight"": 1.0, ""vocabulary_scope"": ""explicit-null"", ""warmup_ratio"": 0.1, ""weight_decay"": 0.01, ""weighted_ce_weight"": 0.25}"
NULL adaptation,null_off_e53896d9134f,123,frozen finalist; confirmation,complete,mixed,0.75,0.25,2.0,3e-05,5,16,128,0.01,0.1,1.0,False,explicit-null,combined,bce,0.5,10.0,2.0,0.0,4.0,0.05,cls,all,8.0,16,0.5,128,amp,1024.0,0.37552565180824216,0.0,0.33502157193772275,1.0,"{""amp_initial_scale"": 1024.0, ""asl_gamma_negative"": 4.0, ""asl_gamma_positive"": 0.0, ""asl_margin"": 0.05, ""attention_size"": 128, ""batch_size"": 16, ""bio_loss_weight"": 1.0, ""category_loss_weight"": 1.0, ""ce_weight"": 0.75, ""drop_conflict"": false, ""epochs"": 5, ""focal_gamma"": 2.0, ""hard_fraction"": 0.5, ""loss_heads"": [""bio"", ""category"", ""sentiment""], ""loss_type"": ""mixed"", ""lr"": 3e-05, ""max_grad_norm"": 1.0, ""max_len"": 128, ""minimum_negatives"": 16, ""model_name"": ""bert-base-uncased"", ""model_revision"": ""86b5e0934494bd15c9632b12f734a8a67f723594"", ""name"": ""null_off"", ""negative_ratio"": 8.0, ""negative_sampling"": ""all"", ""null_focal_gamma"": 2.0, ""null_head"": false, ""null_loss"": ""bce"", ""null_loss_weight"": 0.5, ""null_pos_weight_cap"": 10.0, ""null_threshold"": 0.5, ""null_thresholds"": [0.02, 0.05, 0.1, 0.12, 0.14, 0.16, 0.18, 0.2, 0.22, 0.24, 0.26, 0.28, 0.3, 0.32, 0.34, 0.36, 0.38, 0.4, 0.45, 0.5, 0.6, 0.8], ""offline"": true, ""precision"": ""amp"", ""representation"": ""cls"", ""selection_metric"": ""combined"", ""sentiment_loss_weight"": 1.0, ""vocabulary_scope"": ""explicit-null"", ""warmup_ratio"": 0.1, ""weight_decay"": 0.01, ""weighted_ce_weight"": 0.25}"
NULL adaptation,null_off_e53896d9134f,2024,frozen finalist; confirmation,complete,mixed,0.75,0.25,2.0,3e-05,5,16,128,0.01,0.1,1.0,False,explicit-null,combined,bce,0.5,10.0,2.0,0.0,4.0,0.05,cls,all,8.0,16,0.5,128,amp,1024.0,0.36877291352167346,0.0,0.32808902532617035,1.0,"{""amp_initial_scale"": 1024.0, ""asl_gamma_negative"": 4.0, ""asl_gamma_positive"": 0.0, ""asl_margin"": 0.05, ""attention_size"": 128, ""batch_size"": 16, ""bio_loss_weight"": 1.0, ""category_loss_weight"": 1.0, ""ce_weight"": 0.75, ""drop_conflict"": false, ""epochs"": 5, ""focal_gamma"": 2.0, ""hard_fraction"": 0.5, ""loss_heads"": [""bio"", ""category"", ""sentiment""], ""loss_type"": ""mixed"", ""lr"": 3e-05, ""max_grad_norm"": 1.0, ""max_len"": 128, ""minimum_negatives"": 16, ""model_name"": ""bert-base-uncased"", ""model_revision"": ""86b5e0934494bd15c9632b12f734a8a67f723594"", ""name"": ""null_off"", ""negative_ratio"": 8.0, ""negative_sampling"": ""all"", ""null_focal_gamma"": 2.0, ""null_head"": false, ""null_loss"": ""bce"", ""null_loss_weight"": 0.5, ""null_pos_weight_cap"": 10.0, ""null_threshold"": 0.5, ""null_thresholds"": [0.02, 0.05, 0.1, 0.12, 0.14, 0.16, 0.18, 0.2, 0.22, 0.24, 0.26, 0.28, 0.3, 0.32, 0.34, 0.36, 0.38, 0.4, 0.45, 0.5, 0.6, 0.8], ""offline"": true, ""precision"": ""amp"", ""representation"": ""cls"", ""selection_metric"": ""combined"", ""sentiment_loss_weight"": 1.0, ""vocabulary_scope"": ""explicit-null"", ""warmup_ratio"": 0.1, ""weight_decay"": 0.01, ""weighted_ce_weight"": 0.25}"
NULL adaptation,null_off_e53896d9134f,777,frozen finalist; confirmation,complete,mixed,0.75,0.25,2.0,3e-05,5,16,128,0.01,0.1,1.0,False,explicit-null,combined,bce,0.5,10.0,2.0,0.0,4.0,0.05,cls,all,8.0,16,0.5,128,amp,1024.0,0.3643474680938658,0.0,0.3257868580894534,1.0,"{""amp_initial_scale"": 1024.0, ""asl_gamma_negative"": 4.0, ""asl_gamma_positive"": 0.0, ""asl_margin"": 0.05, ""attention_size"": 128, ""batch_size"": 16, ""bio_loss_weight"": 1.0, ""category_loss_weight"": 1.0, ""ce_weight"": 0.75, ""drop_conflict"": false, ""epochs"": 5, ""focal_gamma"": 2.0, ""hard_fraction"": 0.5, ""loss_heads"": [""bio"", ""category"", ""sentiment""], ""loss_type"": ""mixed"", ""lr"": 3e-05, ""max_grad_norm"": 1.0, ""max_len"": 128, ""minimum_negatives"": 16, ""model_name"": ""bert-base-uncased"", ""model_revision"": ""86b5e0934494bd15c9632b12f734a8a67f723594"", ""name"": ""null_off"", ""negative_ratio"": 8.0, ""negative_sampling"": ""all"", ""null_focal_gamma"": 2.0, ""null_head"": false, ""null_loss"": ""bce"", ""null_loss_weight"": 0.5, ""null_pos_weight_cap"": 10.0, ""null_threshold"": 0.5, ""null_thresholds"": [0.02, 0.05, 0.1, 0.12, 0.14, 0.16, 0.18, 0.2, 0.22, 0.24, 0.26, 0.28, 0.3, 0.32, 0.34, 0.36, 0.38, 0.4, 0.45, 0.5, 0.6, 0.8], ""offline"": true, ""precision"": ""amp"", ""representation"": ""cls"", ""selection_metric"": ""combined"", ""sentiment_loss_weight"": 1.0, ""vocabulary_scope"": ""explicit-null"", ""warmup_ratio"": 0.1, ""weight_decay"": 0.01, ""weighted_ce_weight"": 0.25}"
NULL adaptation,null_off_e2306bf501df,13,frozen screen; 2-3_loss_screen,complete,mixed,0.75,0.25,2.0,3e-05,3,16,128,0.01,0.1,1.0,False,explicit-null,combined,bce,0.5,10.0,2.0,0.0,4.0,0.05,cls,all,8.0,16,0.5,128,amp,1024.0,0.32143577334139944,0.0,0.28803758583303213,1.0,"{""amp_initial_scale"": 1024.0, ""asl_gamma_negative"": 4.0, ""asl_gamma_positive"": 0.0, ""asl_margin"": 0.05, ""attention_size"": 128, ""batch_size"": 16, ""bio_loss_weight"": 1.0, ""category_loss_weight"": 1.0, ""ce_weight"": 0.75, ""drop_conflict"": false, ""epochs"": 3, ""focal_gamma"": 2.0, ""hard_fraction"": 0.5, ""loss_heads"": [""bio"", ""category"", ""sentiment""], ""loss_type"": ""mixed"", ""lr"": 3e-05, ""max_grad_norm"": 1.0, ""max_len"": 128, ""minimum_negatives"": 16, ""model_name"": ""bert-base-uncased"", ""model_revision"": ""86b5e0934494bd15c9632b12f734a8a67f723594"", ""name"": ""null_off"", ""negative_ratio"": 8.0, ""negative_sampling"": ""all"", ""null_focal_gamma"": 2.0, ""null_head"": false, ""null_loss"": ""bce"", ""null_loss_weight"": 0.5, ""null_pos_weight_cap"": 10.0, ""null_threshold"": 0.5, ""null_thresholds"": [0.02, 0.05, 0.1, 0.12, 0.14, 0.16, 0.18, 0.2, 0.22, 0.24, 0.26, 0.28, 0.3, 0.32, 0.34, 0.36, 0.38, 0.4, 0.45, 0.5, 0.6, 0.8], ""offline"": true, ""precision"": ""amp"", ""representation"": ""cls"", ""selection_metric"": ""combined"", ""sentiment_loss_weight"": 1.0, ""vocabulary_scope"": ""explicit-null"", ""warmup_ratio"": 0.1, ""weight_decay"": 0.01, ""weighted_ce_weight"": 0.25}"
NULL adaptation,bce_cls_72b9117e2b7f,13,frozen screen; 2-3_loss_screen,complete,mixed,0.75,0.25,2.0,3e-05,3,16,128,0.01,0.1,1.0,True,explicit-null,combined,bce,0.5,10.0,2.0,0.0,4.0,0.05,cls,all,8.0,16,0.5,128,amp,1024.0,0.3212916246215944,0.0,0.2878842676311031,1.0,"{""amp_initial_scale"": 1024.0, ""asl_gamma_negative"": 4.0, ""asl_gamma_positive"": 0.0, ""asl_margin"": 0.05, ""attention_size"": 128, ""batch_size"": 16, ""bio_loss_weight"": 1.0, ""category_loss_weight"": 1.0, ""ce_weight"": 0.75, ""drop_conflict"": false, ""epochs"": 3, ""focal_gamma"": 2.0, ""hard_fraction"": 0.5, ""loss_heads"": [""bio"", ""category"", ""sentiment""], ""loss_type"": ""mixed"", ""lr"": 3e-05, ""max_grad_norm"": 1.0, ""max_len"": 128, ""minimum_negatives"": 16, ""model_name"": ""bert-base-uncased"", ""model_revision"": ""86b5e0934494bd15c9632b12f734a8a67f723594"", ""name"": ""bce_cls"", ""negative_ratio"": 8.0, ""negative_sampling"": ""all"", ""null_focal_gamma"": 2.0, ""null_head"": true, ""null_loss"": ""bce"", ""null_loss_weight"": 0.5, ""null_pos_weight_cap"": 10.0, ""null_threshold"": 0.5, ""null_thresholds"": [0.02, 0.05, 0.1, 0.12, 0.14, 0.16, 0.18, 0.2, 0.22, 0.24, 0.26, 0.28, 0.3, 0.32, 0.34, 0.36, 0.38, 0.4, 0.45, 0.5, 0.6, 0.8], ""offline"": true, ""precision"": ""amp"", ""representation"": ""cls"", ""selection_metric"": ""combined"", ""sentiment_loss_weight"": 1.0, ""vocabulary_scope"": ""explicit-null"", ""warmup_ratio"": 0.1, ""weight_decay"": 0.01, ""weighted_ce_weight"": 0.25}"
NULL adaptation,focal_cls_cb0f8a9e7ef7,13,frozen screen; 2-3_loss_screen,complete,mixed,0.75,0.25,2.0,3e-05,3,16,128,0.01,0.1,1.0,True,explicit-null,combined,focal,0.5,10.0,2.0,0.0,4.0,0.05,cls,all,8.0,16,0.5,128,amp,1024.0,0.32179720704310866,0.0,0.28825235678027555,1.0,"{""amp_initial_scale"": 1024.0, ""asl_gamma_negative"": 4.0, ""asl_gamma_positive"": 0.0, ""asl_margin"": 0.05, ""attention_size"": 128, ""batch_size"": 16, ""bio_loss_weight"": 1.0, ""category_loss_weight"": 1.0, ""ce_weight"": 0.75, ""drop_conflict"": false, ""epochs"": 3, ""focal_gamma"": 2.0, ""hard_fraction"": 0.5, ""loss_heads"": [""bio"", ""category"", ""sentiment""], ""loss_type"": ""mixed"", ""lr"": 3e-05, ""max_grad_norm"": 1.0, ""max_len"": 128, ""minimum_negatives"": 16, ""model_name"": ""bert-base-uncased"", ""model_revision"": ""86b5e0934494bd15c9632b12f734a8a67f723594"", ""name"": ""focal_cls"", ""negative_ratio"": 8.0, ""negative_sampling"": ""all"", ""null_focal_gamma"": 2.0, ""null_head"": true, ""null_loss"": ""focal"", ""null_loss_weight"": 0.5, ""null_pos_weight_cap"": 10.0, ""null_threshold"": 0.5, ""null_thresholds"": [0.02, 0.05, 0.1, 0.12, 0.14, 0.16, 0.18, 0.2, 0.22, 0.24, 0.26, 0.28, 0.3, 0.32, 0.34, 0.36, 0.38, 0.4, 0.45, 0.5, 0.6, 0.8], ""offline"": true, ""precision"": ""amp"", ""representation"": ""cls"", ""selection_metric"": ""combined"", ""sentiment_loss_weight"": 1.0, ""vocabulary_scope"": ""explicit-null"", ""warmup_ratio"": 0.1, ""weight_decay"": 0.01, ""weighted_ce_weight"": 0.25}"
NULL adaptation,asl_cls_ccd29d82c495,13,frozen screen; 2-3_loss_screen,complete,mixed,0.75,0.25,2.0,3e-05,3,16,128,0.01,0.1,1.0,True,explicit-null,combined,asl,0.5,10.0,2.0,0.0,4.0,0.05,cls,all,8.0,16,0.5,128,amp,1024.0,0.3160261651676206,0.0,0.282787634900311,1.0,"{""amp_initial_scale"": 1024.0, ""asl_gamma_negative"": 4.0, ""asl_gamma_positive"": 0.0, ""asl_margin"": 0.05, ""attention_size"": 128, ""batch_size"": 16, ""bio_loss_weight"": 1.0, ""category_loss_weight"": 1.0, ""ce_weight"": 0.75, ""drop_conflict"": false, ""epochs"": 3, ""focal_gamma"": 2.0, ""hard_fraction"": 0.5, ""loss_heads"": [""bio"", ""category"", ""sentiment""], ""loss_type"": ""mixed"", ""lr"": 3e-05, ""max_grad_norm"": 1.0, ""max_len"": 128, ""minimum_negatives"": 16, ""model_name"": ""bert-base-uncased"", ""model_revision"": ""86b5e0934494bd15c9632b12f734a8a67f723594"", ""name"": ""asl_cls"", ""negative_ratio"": 8.0, ""negative_sampling"": ""all"", ""null_focal_gamma"": 2.0, ""null_head"": true, ""null_loss"": ""asl"", ""null_loss_weight"": 0.5, ""null_pos_weight_cap"": 10.0, ""null_threshold"": 0.5, ""null_thresholds"": [0.02, 0.05, 0.1, 0.12, 0.14, 0.16, 0.18, 0.2, 0.22, 0.24, 0.26, 0.28, 0.3, 0.32, 0.34, 0.36, 0.38, 0.4, 0.45, 0.5, 0.6, 0.8], ""offline"": true, ""precision"": ""amp"", ""representation"": ""cls"", ""selection_metric"": ""combined"", ""sentiment_loss_weight"": 1.0, ""vocabulary_scope"": ""explicit-null"", ""warmup_ratio"": 0.1, ""weight_decay"": 0.01, ""weighted_ce_weight"": 0.25}"
NULL adaptation,focal_ia_3a9090049047,13,frozen screen; 4_implicit_representation,complete,mixed,0.75,0.25,2.0,3e-05,3,16,128,0.01,0.1,1.0,True,explicit-null,combined,focal,0.5,10.0,2.0,0.0,4.0,0.05,ia,all,8.0,16,0.5,128,amp,1024.0,0.32654706712356385,0.0,0.29263005780346824,1.0,"{""amp_initial_scale"": 1024.0, ""asl_gamma_negative"": 4.0, ""asl_gamma_positive"": 0.0, ""asl_margin"": 0.05, ""attention_size"": 128, ""batch_size"": 16, ""bio_loss_weight"": 1.0, ""category_loss_weight"": 1.0, ""ce_weight"": 0.75, ""drop_conflict"": false, ""epochs"": 3, ""focal_gamma"": 2.0, ""hard_fraction"": 0.5, ""loss_heads"": [""bio"", ""category"", ""sentiment""], ""loss_type"": ""mixed"", ""lr"": 3e-05, ""max_grad_norm"": 1.0, ""max_len"": 128, ""minimum_negatives"": 16, ""model_name"": ""bert-base-uncased"", ""model_revision"": ""86b5e0934494bd15c9632b12f734a8a67f723594"", ""name"": ""focal_ia"", ""negative_ratio"": 8.0, ""negative_sampling"": ""all"", ""null_focal_gamma"": 2.0, ""null_head"": true, ""null_loss"": ""focal"", ""null_loss_weight"": 0.5, ""null_pos_weight_cap"": 10.0, ""null_threshold"": 0.5, ""null_thresholds"": [0.02, 0.05, 0.1, 0.12, 0.14, 0.16, 0.18, 0.2, 0.22, 0.24, 0.26, 0.28, 0.3, 0.32, 0.34, 0.36, 0.38, 0.4, 0.45, 0.5, 0.6, 0.8], ""offline"": true, ""precision"": ""amp"", ""representation"": ""ia"", ""selection_metric"": ""combined"", ""sentiment_loss_weight"": 1.0, ""vocabulary_scope"": ""explicit-null"", ""warmup_ratio"": 0.1, ""weight_decay"": 0.01, ""weighted_ce_weight"": 0.25}"
NULL adaptation,focal_ia_attention_013a87dbfbd4,13,frozen screen; 4_implicit_representation,complete,mixed,0.75,0.25,2.0,3e-05,3,16,128,0.01,0.1,1.0,True,explicit-null,combined,focal,0.5,10.0,2.0,0.0,4.0,0.05,ia_attention,all,8.0,16,0.5,128,amp,1024.0,0.32721404075045396,0.0,0.2932031814895156,1.0,"{""amp_initial_scale"": 1024.0, ""asl_gamma_negative"": 4.0, ""asl_gamma_positive"": 0.0, ""asl_margin"": 0.05, ""attention_size"": 128, ""batch_size"": 16, ""bio_loss_weight"": 1.0, ""category_loss_weight"": 1.0, ""ce_weight"": 0.75, ""drop_conflict"": false, ""epochs"": 3, ""focal_gamma"": 2.0, ""hard_fraction"": 0.5, ""loss_heads"": [""bio"", ""category"", ""sentiment""], ""loss_type"": ""mixed"", ""lr"": 3e-05, ""max_grad_norm"": 1.0, ""max_len"": 128, ""minimum_negatives"": 16, ""model_name"": ""bert-base-uncased"", ""model_revision"": ""86b5e0934494bd15c9632b12f734a8a67f723594"", ""name"": ""focal_ia_attention"", ""negative_ratio"": 8.0, ""negative_sampling"": ""all"", ""null_focal_gamma"": 2.0, ""null_head"": true, ""null_loss"": ""focal"", ""null_loss_weight"": 0.5, ""null_pos_weight_cap"": 10.0, ""null_threshold"": 0.5, ""null_thresholds"": [0.02, 0.05, 0.1, 0.12, 0.14, 0.16, 0.18, 0.2, 0.22, 0.24, 0.26, 0.28, 0.3, 0.32, 0.34, 0.36, 0.38, 0.4, 0.45, 0.5, 0.6, 0.8], ""offline"": true, ""precision"": ""amp"", ""representation"": ""ia_attention"", ""selection_metric"": ""combined"", ""sentiment_loss_weight"": 1.0, ""vocabulary_scope"": ""explicit-null"", ""warmup_ratio"": 0.1, ""weight_decay"": 0.01, ""weighted_ce_weight"": 0.25}"
NULL adaptation,focal_ia_attention_random_b3d539181258,13,frozen screen; 5_negative_sampling,complete,mixed,0.75,0.25,2.0,3e-05,3,16,128,0.01,0.1,1.0,True,explicit-null,combined,focal,0.5,10.0,2.0,0.0,4.0,0.05,ia_attention,random,8.0,16,0.5,128,amp,1024.0,0.3228314238952537,0.0,0.2888522789676002,1.0,"{""amp_initial_scale"": 1024.0, ""asl_gamma_negative"": 4.0, ""asl_gamma_positive"": 0.0, ""asl_margin"": 0.05, ""attention_size"": 128, ""batch_size"": 16, ""bio_loss_weight"": 1.0, ""category_loss_weight"": 1.0, ""ce_weight"": 0.75, ""drop_conflict"": false, ""epochs"": 3, ""focal_gamma"": 2.0, ""hard_fraction"": 0.5, ""loss_heads"": [""bio"", ""category"", ""sentiment""], ""loss_type"": ""mixed"", ""lr"": 3e-05, ""max_grad_norm"": 1.0, ""max_len"": 128, ""minimum_negatives"": 16, ""model_name"": ""bert-base-uncased"", ""model_revision"": ""86b5e0934494bd15c9632b12f734a8a67f723594"", ""name"": ""focal_ia_attention_random"", ""negative_ratio"": 8.0, ""negative_sampling"": ""random"", ""null_focal_gamma"": 2.0, ""null_head"": true, ""null_loss"": ""focal"", ""null_loss_weight"": 0.5, ""null_pos_weight_cap"": 10.0, ""null_threshold"": 0.5, ""null_thresholds"": [0.02, 0.05, 0.1, 0.12, 0.14, 0.16, 0.18, 0.2, 0.22, 0.24, 0.26, 0.28, 0.3, 0.32, 0.34, 0.36, 0.38, 0.4, 0.45, 0.5, 0.6, 0.8], ""offline"": true, ""precision"": ""amp"", ""representation"": ""ia_attention"", ""selection_metric"": ""combined"", ""sentiment_loss_weight"": 1.0, ""vocabulary_scope"": ""explicit-null"", ""warmup_ratio"": 0.1, ""weight_decay"": 0.01, ""weighted_ce_weight"": 0.25}"
NULL adaptation,focal_ia_attention_hard_95336217e8b1,13,frozen screen; 5_negative_sampling,complete,mixed,0.75,0.25,2.0,3e-05,3,16,128,0.01,0.1,1.0,True,explicit-null,combined,focal,0.5,10.0,2.0,0.0,4.0,0.05,ia_attention,hard,8.0,16,0.5,128,amp,1024.0,0.3232117383329937,0.0,0.28931047063115656,1.0,"{""amp_initial_scale"": 1024.0, ""asl_gamma_negative"": 4.0, ""asl_gamma_positive"": 0.0, ""asl_margin"": 0.05, ""attention_size"": 128, ""batch_size"": 16, ""bio_loss_weight"": 1.0, ""category_loss_weight"": 1.0, ""ce_weight"": 0.75, ""drop_conflict"": false, ""epochs"": 3, ""focal_gamma"": 2.0, ""hard_fraction"": 0.5, ""loss_heads"": [""bio"", ""category"", ""sentiment""], ""loss_type"": ""mixed"", ""lr"": 3e-05, ""max_grad_norm"": 1.0, ""max_len"": 128, ""minimum_negatives"": 16, ""model_name"": ""bert-base-uncased"", ""model_revision"": ""86b5e0934494bd15c9632b12f734a8a67f723594"", ""name"": ""focal_ia_attention_hard"", ""negative_ratio"": 8.0, ""negative_sampling"": ""hard"", ""null_focal_gamma"": 2.0, ""null_head"": true, ""null_loss"": ""focal"", ""null_loss_weight"": 0.5, ""null_pos_weight_cap"": 10.0, ""null_threshold"": 0.5, ""null_thresholds"": [0.02, 0.05, 0.1, 0.12, 0.14, 0.16, 0.18, 0.2, 0.22, 0.24, 0.26, 0.28, 0.3, 0.32, 0.34, 0.36, 0.38, 0.4, 0.45, 0.5, 0.6, 0.8], ""offline"": true, ""precision"": ""amp"", ""representation"": ""ia_attention"", ""selection_metric"": ""combined"", ""sentiment_loss_weight"": 1.0, ""vocabulary_scope"": ""explicit-null"", ""warmup_ratio"": 0.1, ""weight_decay"": 0.01, ""weighted_ce_weight"": 0.25}"
NULL adaptation,focal_ia_attention_weight_846ad93ada99,13,frozen screen; parameter_tuning,complete,mixed,0.75,0.25,2.0,3e-05,3,16,128,0.01,0.1,1.0,True,explicit-null,combined,focal,0.1,10.0,2.0,0.0,4.0,0.05,ia_attention,all,8.0,16,0.5,128,amp,1024.0,0.32443365695792875,0.0,0.290632360934952,1.0,"{""amp_initial_scale"": 1024.0, ""asl_gamma_negative"": 4.0, ""asl_gamma_positive"": 0.0, ""asl_margin"": 0.05, ""attention_size"": 128, ""batch_size"": 16, ""bio_loss_weight"": 1.0, ""category_loss_weight"": 1.0, ""ce_weight"": 0.75, ""drop_conflict"": false, ""epochs"": 3, ""focal_gamma"": 2.0, ""hard_fraction"": 0.5, ""loss_heads"": [""bio"", ""category"", ""sentiment""], ""loss_type"": ""mixed"", ""lr"": 3e-05, ""max_grad_norm"": 1.0, ""max_len"": 128, ""minimum_negatives"": 16, ""model_name"": ""bert-base-uncased"", ""model_revision"": ""86b5e0934494bd15c9632b12f734a8a67f723594"", ""name"": ""focal_ia_attention_weight"", ""negative_ratio"": 8.0, ""negative_sampling"": ""all"", ""null_focal_gamma"": 2.0, ""null_head"": true, ""null_loss"": ""focal"", ""null_loss_weight"": 0.1, ""null_pos_weight_cap"": 10.0, ""null_threshold"": 0.5, ""null_thresholds"": [0.02, 0.05, 0.1, 0.12, 0.14, 0.16, 0.18, 0.2, 0.22, 0.24, 0.26, 0.28, 0.3, 0.32, 0.34, 0.36, 0.38, 0.4, 0.45, 0.5, 0.6, 0.8], ""offline"": true, ""precision"": ""amp"", ""representation"": ""ia_attention"", ""selection_metric"": ""combined"", ""sentiment_loss_weight"": 1.0, ""vocabulary_scope"": ""explicit-null"", ""warmup_ratio"": 0.1, ""weight_decay"": 0.01, ""weighted_ce_weight"": 0.25}"
NULL adaptation,focal_ia_attention_gamma_6fd4c60ddd2d,13,frozen screen; parameter_tuning,complete,mixed,0.75,0.25,2.0,3e-05,3,16,128,0.01,0.1,1.0,True,explicit-null,combined,focal,0.5,10.0,1.0,0.0,4.0,0.05,ia_attention,all,8.0,16,0.5,128,amp,1024.0,0.32531824611032534,0.0,0.2914554670528603,1.0,"{""amp_initial_scale"": 1024.0, ""asl_gamma_negative"": 4.0, ""asl_gamma_positive"": 0.0, ""asl_margin"": 0.05, ""attention_size"": 128, ""batch_size"": 16, ""bio_loss_weight"": 1.0, ""category_loss_weight"": 1.0, ""ce_weight"": 0.75, ""drop_conflict"": false, ""epochs"": 3, ""focal_gamma"": 2.0, ""hard_fraction"": 0.5, ""loss_heads"": [""bio"", ""category"", ""sentiment""], ""loss_type"": ""mixed"", ""lr"": 3e-05, ""max_grad_norm"": 1.0, ""max_len"": 128, ""minimum_negatives"": 16, ""model_name"": ""bert-base-uncased"", ""model_revision"": ""86b5e0934494bd15c9632b12f734a8a67f723594"", ""name"": ""focal_ia_attention_gamma"", ""negative_ratio"": 8.0, ""negative_sampling"": ""all"", ""null_focal_gamma"": 1.0, ""null_head"": true, ""null_loss"": ""focal"", ""null_loss_weight"": 0.5, ""null_pos_weight_cap"": 10.0, ""null_threshold"": 0.5, ""null_thresholds"": [0.02, 0.05, 0.1, 0.12, 0.14, 0.16, 0.18, 0.2, 0.22, 0.24, 0.26, 0.28, 0.3, 0.32, 0.34, 0.36, 0.38, 0.4, 0.45, 0.5, 0.6, 0.8], ""offline"": true, ""precision"": ""amp"", ""representation"": ""ia_attention"", ""selection_metric"": ""combined"", ""sentiment_loss_weight"": 1.0, ""vocabulary_scope"": ""explicit-null"", ""warmup_ratio"": 0.1, ""weight_decay"": 0.01, ""weighted_ce_weight"": 0.25}"
