study,result_type,arm,trial_id,seed,split,best_epoch,threshold,explicit_precision,explicit_recall,explicit_f1,null_precision,null_recall,null_f1,combined_precision,combined_recall,combined_f1
Quick tuning,finalist,Best NULL off,mixed_025_da1a88a51a5f,123,dev,5,0.5,0.3041568097330179,0.48517520215633425,0.3739094308267553,0.0,0.0,0.0,0.3041568097330179,0.37037037037037035,0.33401373167563553
Quick tuning,finalist,Best NULL off,mixed_025_da1a88a51a5f,123,test,5,0.5,0.35021735021735023,0.497049356223176,0.4109103004767713,0.0,0.0,0.0,0.35021735021735023,0.3685361972951472,0.35914332784184516
Quick tuning,finalist,Best NULL off,mixed_025_da1a88a51a5f,13,dev,5,0.5,0.2921164540399084,0.4814016172506739,0.3635993485342019,0.0,0.0,0.0,0.2921164540399084,0.36748971193415636,0.3254966283943867
Quick tuning,finalist,Best NULL off,mixed_025_da1a88a51a5f,13,test,5,0.5,0.343587842846553,0.4973175965665236,0.4064007014467339,0.0,0.0,0.0,0.343587842846553,0.36873508353221957,0.3557175748273216
Quick tuning,finalist,Best NULL off,mixed_025_da1a88a51a5f,2024,dev,4,0.5,0.30630003480682216,0.4743935309973046,0.37225042301184436,0.0,0.0,0.0,0.30630003480682216,0.36213991769547327,0.3318876107863473
Quick tuning,finalist,Best NULL off,mixed_025_da1a88a51a5f,2024,test,4,0.5,0.3367093445442385,0.47263948497854075,0.39325968083919205,0.0,0.0,0.0,0.3367093445442385,0.35043754972155927,0.343436312250268
Quick tuning,finalist,Best NULL off,mixed_025_da1a88a51a5f,42,dev,5,0.5,0.3079047290300311,0.48086253369272236,0.37542087542087543,0.0,0.0,0.0,0.3079047290300311,0.36707818930041153,0.33489769100807215
Quick tuning,finalist,Best NULL off,mixed_025_da1a88a51a5f,42,test,5,0.5,0.3426120114394662,0.48202789699570814,0.4005349381477767,0.0,0.0,0.0,0.3426120114394662,0.3573985680190931,0.34984911904993676
Quick tuning,finalist,Best NULL off,mixed_025_da1a88a51a5f,777,dev,4,0.5,0.3038062283737024,0.4733153638814016,0.37007376185458374,0.0,0.0,0.0,0.3038062283737024,0.36131687242798355,0.3300751879699248
Quick tuning,finalist,Best NULL off,mixed_025_da1a88a51a5f,777,test,4,0.5,0.3463020030816641,0.4822961373390558,0.4031390134529148,0.0,0.0,0.0,0.3463020030816641,0.35759745425616546,0.35185909980430524
Quick tuning,finalist,Best NULL on,mixed_025_d578b358d050,123,dev,5,0.2,0.30260047281323876,0.4830188679245283,0.37209302325581395,0.06523855890944498,0.11652173913043479,0.083645443196005,0.24147442326980942,0.3962962962962963,0.3000934870676223
Quick tuning,finalist,Best NULL on,mixed_025_d578b358d050,123,test,5,0.2,0.3495873968492123,0.5,0.41147902869757175,0.07339955849889625,0.10230769230769231,0.08547557840616966,0.27953527435610304,0.397175815433572,0.3281301347354584
Quick tuning,finalist,Best NULL on,mixed_025_d578b358d050,13,dev,5,0.2,0.2876844130853111,0.48355795148247976,0.3607480394128293,0.06484295845997974,0.11130434782608696,0.08194622279129321,0.2341047503045067,0.3954732510288066,0.29410864575363427
Quick tuning,finalist,Best NULL on,mixed_025_d578b358d050,13,test,5,0.2,0.3420375137918352,0.4989270386266094,0.40584769801440107,0.07304643261608154,0.09923076923076923,0.08414872798434442,0.27609661299278176,0.39558472553699287,0.3252125572269457
Quick tuning,finalist,Best NULL on,mixed_025_d578b358d050,2024,dev,4,0.2,0.29912739965095986,0.4619946091644205,0.363135593220339,0.08365508365508366,0.11304347826086956,0.09615384615384615,0.2531576057111477,0.3794238683127572,0.30368906455862976
Quick tuning,finalist,Best NULL on,mixed_025_d578b358d050,2024,test,4,0.2,0.3452705332814325,0.47585836909871243,0.40018046469659374,0.08779443254817987,0.09461538461538462,0.09107737874861163,0.2901055207218229,0.3772871917263325,0.3280020748681594
Quick tuning,finalist,Best NULL on,mixed_025_d578b358d050,42,dev,5,0.2,0.3060374739764053,0.47547169811320755,0.3723875870804307,0.09944751381215469,0.09391304347826086,0.09660107334525939,0.2732846715328467,0.3851851851851852,0.3197267292912041
Quick tuning,finalist,Best NULL on,mixed_025_d578b358d050,42,test,5,0.2,0.3461243284727552,0.48390557939914164,0.403579418344519,0.10816125860373647,0.08461538461538462,0.09495036685369013,0.3072724353828865,0.38066825775656327,0.34005507684107666
Quick tuning,finalist,Best NULL on,mixed_025_d578b358d050,777,dev,4,0.2,0.3031878031878032,0.4716981132075472,0.36912043872600725,0.12903225806451613,0.09043478260869565,0.10633946830265849,0.2818485861964123,0.3814814814814815,0.32418254939674773
Quick tuning,finalist,Best NULL on,mixed_025_d578b358d050,777,test,4,0.2,0.351382711274415,0.4873927038626609,0.40836048994269025,0.13282442748091602,0.06692307692307692,0.08900255754475703,0.32681084792310333,0.3786793953858393,0.3508384005896444
Quick tuning,finalist,Vocabulary control,mixed_025_393b9e11646e,123,dev,5,0.5,0.3032981978918735,0.48086253369272236,0.37197664720600504,0.0,0.0,0.0,0.3032981978918735,0.36707818930041153,0.3321541612362689
Quick tuning,finalist,Vocabulary control,mixed_025_393b9e11646e,123,test,5,0.5,0.3514945138100643,0.49839055793991416,0.412247614821389,0.0,0.0,0.0,0.3514945138100643,0.36953062848050916,0.36028698855923985
Quick tuning,finalist,Vocabulary control,mixed_025_393b9e11646e,13,dev,5,0.5,0.29067879181552453,0.48247978436657685,0.36278881232265914,0.0,0.0,0.0,0.29067879181552453,0.3683127572016461,0.3249228535124342
Quick tuning,finalist,Vocabulary control,mixed_025_393b9e11646e,13,test,5,0.5,0.3407502758367047,0.497049356223176,0.40432031420466946,0.0,0.0,0.0,0.3407502758367047,0.3685361972951472,0.3540989871966368
Quick tuning,finalist,Vocabulary control,mixed_025_393b9e11646e,2024,dev,5,0.5,0.30037891836031694,0.47008086253369274,0.3665405632618748,0.0,0.0,0.0,0.30037891836031694,0.3588477366255144,0.3270204387774236
Quick tuning,finalist,Vocabulary control,mixed_025_393b9e11646e,2024,test,5,0.5,0.3464671339268801,0.4906115879828326,0.4061285666703675,0.0,0.0,0.0,0.3464671339268801,0.3637629276054097,0.3549044338798874
Quick tuning,finalist,Vocabulary control,mixed_025_393b9e11646e,42,dev,5,0.5,0.3062068965517241,0.4787061994609164,0.3735015772870663,0.0,0.0,0.0,0.3062068965517241,0.3654320987654321,0.33320825515947466
Quick tuning,finalist,Vocabulary control,mixed_025_393b9e11646e,42,test,5,0.5,0.3461243284727552,0.48390557939914164,0.403579418344519,0.0,0.0,0.0,0.3461243284727552,0.35879077167859985,0.35234375
Quick tuning,finalist,Vocabulary control,mixed_025_393b9e11646e,777,dev,4,0.5,0.30844382414515004,0.4765498652291105,0.3744969286168185,0.0,0.0,0.0,0.30844382414515004,0.36378600823045265,0.3338368580060423
Quick tuning,finalist,Vocabulary control,mixed_025_393b9e11646e,777,test,4,0.5,0.35391186177441275,0.48900214592274677,0.41063182790854824,0.0,0.0,0.0,0.35391186177441275,0.36256961018297534,0.3581884271539444
NULL adaptation,finalist,Best NULL on,focal_ia_attention_e6801d313247,13,dev,5,1.0,0.289482253337675,0.47924528301886793,0.3609419407226959,0.0,0.0,0.0,0.289482253337675,0.365843621399177,0.32321396109798217
NULL adaptation,finalist,Best NULL on,focal_ia_attention_e6801d313247,13,test,5,1.0,0.3402252169097286,0.49436695278969955,0.4030617823947512,0.0,0.0,0.0,0.3402252169097286,0.3665473349244232,0.352896122546673
NULL adaptation,finalist,Best NULL on,focal_ia_attention_e6801d313247,42,dev,5,1.0,0.3075068870523416,0.4814016172506739,0.3752889262450095,0.0,0.0,0.0,0.3075068870523416,0.36748971193415636,0.33483314585676793
NULL adaptation,finalist,Best NULL on,focal_ia_attention_e6801d313247,42,test,5,1.0,0.3444720259690663,0.48390557939914164,0.40245398773006136,0.0,0.0,0.0,0.3444720259690663,0.35879077167859985,0.3514856307842182
NULL adaptation,finalist,Best NULL on,focal_ia_attention_e6801d313247,123,dev,5,1.0,0.30425824175824173,0.4776280323450135,0.3717222571848122,0.0,0.0,0.0,0.30425824175824173,0.36460905349794237,0.3317109696742793
NULL adaptation,finalist,Best NULL on,focal_ia_attention_e6801d313247,123,test,5,1.0,0.3470855412566238,0.4919527896995708,0.40701287172658673,0.0,0.0,0.0,0.3470855412566238,0.3647573587907717,0.3557020946470132
NULL adaptation,finalist,Best NULL on,focal_ia_attention_e6801d313247,2024,dev,5,1.0,0.3016359918200409,0.477088948787062,0.3695969931092087,0.0,0.0,0.0,0.3016359918200409,0.36419753086419754,0.3299776286353468
NULL adaptation,finalist,Best NULL on,focal_ia_attention_e6801d313247,2024,test,5,1.0,0.34363807728557966,0.48900214592274677,0.4036311303000111,0.0,0.0,0.0,0.34363807728557966,0.36256961018297534,0.35285009193844963
NULL adaptation,finalist,Best NULL on,focal_ia_attention_e6801d313247,777,dev,5,1.0,0.292909211398277,0.4765498652291105,0.36281551405704904,0.0,0.0,0.0,0.292909211398277,0.36378600823045265,0.3245227606461087
NULL adaptation,finalist,Best NULL on,focal_ia_attention_e6801d313247,777,test,5,1.0,0.34684768458248094,0.5002682403433476,0.4096650192202087,0.0,0.0,0.0,0.34684768458248094,0.3709228321400159,0.35848149927919276
NULL adaptation,finalist,NULL off control,null_off_e53896d9134f,13,dev,5,1.0,0.28840532640467686,0.4787061994609164,0.35995135792460475,0.0,0.0,0.0,0.28840532640467686,0.3654320987654321,0.32238155745144315
NULL adaptation,finalist,NULL off control,null_off_e53896d9134f,13,test,5,1.0,0.34292565947242204,0.4986587982832618,0.4063832112799213,0.0,0.0,0.0,0.34292565947242204,0.36972951471758153,0.35582352378218013
NULL adaptation,finalist,NULL off control,null_off_e53896d9134f,42,dev,5,1.0,0.30713296398891965,0.47816711590296496,0.3740248787687118,0.0,0.0,0.0,0.30713296398891965,0.36502057613168726,0.33358405415569764
NULL adaptation,finalist,NULL off control,null_off_e53896d9134f,42,test,5,1.0,0.3477172028510884,0.4841738197424893,0.40475389617670143,0.0,0.0,0.0,0.3477172028510884,0.3589896579156722,0.3532635287210099
NULL adaptation,finalist,NULL off control,null_off_e53896d9134f,123,dev,5,1.0,0.3078248879696656,0.4814016172506739,0.37552565180824216,0.0,0.0,0.0,0.3078248879696656,0.36748971193415636,0.33502157193772275
NULL adaptation,finalist,NULL off control,null_off_e53896d9134f,123,test,5,1.0,0.34737438609746885,0.49329399141630903,0.40767013965861226,0.0,0.0,0.0,0.34737438609746885,0.36575178997613367,0.3563262933540012
NULL adaptation,finalist,NULL off control,null_off_e53896d9134f,2024,dev,4,1.0,0.30733285406182603,0.4609164420485175,0.36877291352167346,0.0,0.0,0.0,0.30733285406182603,0.35185185185185186,0.32808902532617035
NULL adaptation,finalist,NULL off control,null_off_e53896d9134f,2024,test,4,1.0,0.3489108910891089,0.47263948497854075,0.40145819093187507,0.0,0.0,0.0,0.3489108910891089,0.35043754972155927,0.3496725540781901
NULL adaptation,finalist,NULL off control,null_off_e53896d9134f,777,dev,5,1.0,0.2947052947052947,0.477088948787062,0.3643474680938658,0.0,0.0,0.0,0.2947052947052947,0.36419753086419754,0.3257868580894534
NULL adaptation,finalist,NULL off control,null_off_e53896d9134f,777,test,5,1.0,0.34454562349005763,0.4973175965665236,0.4070699308376331,0.0,0.0,0.0,0.34454562349005763,0.36873508353221957,0.3562301854164665
Quick screens,screen,focal_2; LR=2e-05; 5 epochs,focal_2_8e92909d4e3b,13,dev,5,0.5,0.34823848238482386,0.277088948787062,0.3086160312218553,0.0,0.0,0.0,0.34823848238482386,0.21152263374485597,0.2631848438300051
Quick screens,screen,focal_2; LR=2e-05; 5 epochs,focal_2_8e92909d4e3b,13,test,5,0.5,0.3839738941261784,0.2840665236051502,0.3265494912118409,0.0,0.0,0.0,0.3839738941261784,0.21062052505966586,0.2720267146159774
Quick screens,screen,mixed_025; LR=2e-05; 5 epochs,mixed_025_ab40cdd00db0,13,dev,5,0.5,0.2653846153846154,0.4463611859838275,0.3328643216080402,0.0,0.0,0.0,0.2653846153846154,0.34074074074074073,0.2983783783783784
Quick screens,screen,mixed_025; LR=2e-05; 5 epochs,mixed_025_ab40cdd00db0,13,test,5,0.5,0.3133707255292202,0.4645922746781116,0.3742841707185305,0.0,0.0,0.0,0.3133707255292202,0.3444709626093874,0.3281856939838939
Quick screens,screen,mixed_033; LR=2e-05; 5 epochs,mixed_033_b29abfd99fa6,13,dev,5,0.5,0.2548205280332246,0.46307277628032345,0.3287409108304631,0.0,0.0,0.0,0.2548205280332246,0.3534979423868313,0.29615583520082744
Quick screens,screen,mixed_033; LR=2e-05; 5 epochs,mixed_033_b29abfd99fa6,13,test,5,0.5,0.30153638358939727,0.4790772532188841,0.3701170863122992,0.0,0.0,0.0,0.30153638358939727,0.35521081941129673,0.3261802575107296
Quick screens,screen,mixed_050; LR=2e-05; 5 epochs,mixed_050_28230633aa41,13,dev,5,0.5,0.22723694568354763,0.4668463611859838,0.30568302153194493,0.0,0.0,0.0,0.22723694568354763,0.3563786008230453,0.2775196282647012
Quick screens,screen,mixed_050; LR=2e-05; 5 epochs,mixed_050_28230633aa41,13,test,5,0.5,0.2709522379092821,0.48390557939914164,0.34739071827460044,0.0,0.0,0.0,0.2709522379092821,0.35879077167859985,0.3087455074448057
Quick screens,screen,standard; LR=2e-05; 5 epochs,standard_dc1c37f41da3,13,dev,5,0.5,0.32885085574572126,0.2900269541778976,0.30822114007447726,0.0,0.0,0.0,0.32885085574572126,0.22139917695473252,0.26463354648303
Quick screens,screen,standard; LR=2e-05; 5 epochs,standard_dc1c37f41da3,13,test,5,0.5,0.36637931034482757,0.29640557939914164,0.32769869513641753,0.0,0.0,0.0,0.36637931034482757,0.21976929196499603,0.27473893585280956
Quick screens,screen,weighted; LR=2e-05; 5 epochs,weighted_dbc809433ea0,13,dev,5,0.5,0.14954163483575247,0.42210242587601077,0.22084332252150612,0.0,0.0,0.0,0.14954163483575247,0.32222222222222224,0.2042786329246021
Quick screens,screen,weighted; LR=2e-05; 5 epochs,weighted_dbc809433ea0,13,test,5,0.5,0.1733715419376171,0.4219420600858369,0.2457620498398563,0.0,0.0,0.0,0.1733715419376171,0.31284805091487666,0.22310474434437272
Quick screens,screen,mixed_025; LR=1e-05; 5 epochs,mixed_025_728834a76d3e,13,dev,5,0.5,0.2084123972169513,0.35525606469002696,0.262706796890572,0.0,0.0,0.0,0.2084123972169513,0.2711934156378601,0.23569384835479257
Quick screens,screen,mixed_025; LR=1e-05; 5 epochs,mixed_025_728834a76d3e,13,test,5,0.5,0.24862369028591724,0.37553648068669526,0.2991772625280478,0.0,0.0,0.0,0.24862369028591724,0.27844073190135243,0.26268880758044844
Quick screens,screen,mixed_025; LR=3e-05; 5 epochs,mixed_025_da1a88a51a5f,13,dev,5,0.5,0.2921164540399084,0.4814016172506739,0.3635993485342019,0.0,0.0,0.0,0.2921164540399084,0.36748971193415636,0.3254966283943867
Quick screens,screen,mixed_025; LR=3e-05; 5 epochs,mixed_025_da1a88a51a5f,13,test,5,0.5,0.343587842846553,0.4973175965665236,0.4064007014467339,0.0,0.0,0.0,0.343587842846553,0.36873508353221957,0.3557175748273216
Quick screens,screen,mixed_025; LR=3e-05; 5 epochs,mixed_025_393b9e11646e,13,dev,5,0.5,0.29067879181552453,0.48247978436657685,0.36278881232265914,0.0,0.0,0.0,0.29067879181552453,0.3683127572016461,0.3249228535124342
Quick screens,screen,mixed_025; LR=3e-05; 5 epochs,mixed_025_393b9e11646e,13,test,5,0.5,0.3407502758367047,0.497049356223176,0.40432031420466946,0.0,0.0,0.0,0.3407502758367047,0.3685361972951472,0.3540989871966368
Quick screens,screen,mixed_025; LR=3e-05; 5 epochs,mixed_025_d578b358d050,13,dev,5,0.2,0.2876844130853111,0.48355795148247976,0.3607480394128293,0.06484295845997974,0.11130434782608696,0.08194622279129321,0.2341047503045067,0.3954732510288066,0.29410864575363427
Quick screens,screen,mixed_025; LR=3e-05; 5 epochs,mixed_025_d578b358d050,13,test,5,0.2,0.3420375137918352,0.4989270386266094,0.40584769801440107,0.07304643261608154,0.09923076923076923,0.08414872798434442,0.27609661299278176,0.39558472553699287,0.3252125572269457
Quick screens,screen,mixed_025; LR=3e-05; 5 epochs,mixed_025_f8a8e7713832,13,dev,5,0.4,0.29035401104254627,0.48194070080862533,0.3623834616943656,0.04473257698541329,0.24,0.07540983606557376,0.1674237508111616,0.4246913580246914,0.24016755876192694
Quick screens,screen,mixed_025; LR=3e-05; 5 epochs,mixed_025_f8a8e7713832,13,test,5,0.4,0.3392135244395443,0.4951716738197425,0.40261723009814615,0.04441601169804423,0.18692307692307691,0.0717766947275144,0.1914230733986988,0.4154733492442323,0.26209146226710994
NULL screens,screen,null_off; LR=3e-05; 3 epochs,null_off_e2306bf501df,13,dev,3,1.0,0.25676546391752575,0.4296495956873315,0.32143577334139944,0.0,0.0,0.0,0.25676546391752575,0.3279835390946502,0.28803758583303213
NULL screens,screen,null_off; LR=3e-05; 3 epochs,null_off_e2306bf501df,13,test,3,1.0,0.29926219183012415,0.44608369098712447,0.3582121701669359,0.0,0.0,0.0,0.29926219183012415,0.3307478122513922,0.31421823334907883
NULL screens,screen,bce_cls; LR=3e-05; 3 epochs,bce_cls_72b9117e2b7f,13,dev,3,1.0,0.2567741935483871,0.42911051212938006,0.3212916246215944,0.0,0.0,0.0,0.2567741935483871,0.32757201646090534,0.2878842676311031
NULL screens,screen,bce_cls; LR=3e-05; 3 epochs,bce_cls_72b9117e2b7f,13,test,3,1.0,0.298443370907139,0.44742489270386265,0.35805516797252335,0.0,0.0,0.0,0.298443370907139,0.3317422434367542,0.31421305453517945
NULL screens,screen,focal_cls; LR=3e-05; 3 epochs,focal_cls_cb0f8a9e7ef7,13,dev,3,1.0,0.2576150356448477,0.42857142857142855,0.32179720704310866,0.0,0.0,0.0,0.2576150356448477,0.3271604938271605,0.28825235678027555
NULL screens,screen,focal_cls; LR=3e-05; 3 epochs,focal_cls_cb0f8a9e7ef7,13,test,3,1.0,0.3022920050532395,0.44930257510729615,0.3614197863847233,0.0,0.0,0.0,0.3022920050532395,0.33313444709626094,0.3169647081086196
NULL screens,screen,asl_cls; LR=3e-05; 3 epochs,asl_cls_ccd29d82c495,13,dev,3,1.0,0.25452749423773463,0.41671159029649596,0.3160261651676206,0.0,0.0,0.0,0.25452749423773463,0.31810699588477365,0.282787634900311
NULL screens,screen,asl_cls; LR=3e-05; 3 epochs,asl_cls_ccd29d82c495,13,test,3,1.0,0.30003658982802783,0.43991416309012876,0.35675440504676964,0.0,0.0,0.0,0.30003658982802783,0.3261734287987271,0.3125595578425767
NULL screens,screen,focal_ia; LR=3e-05; 3 epochs,focal_ia_3a9090049047,13,dev,3,1.0,0.2607855763039279,0.4366576819407008,0.32654706712356385,0.0,0.0,0.0,0.2607855763039279,0.3333333333333333,0.29263005780346824
NULL screens,screen,focal_ia; LR=3e-05; 3 epochs,focal_ia_3a9090049047,13,test,3,1.0,0.3039003250270856,0.45144849785407726,0.3632635441398661,0.0,0.0,0.0,0.3039003250270856,0.3347255369928401,0.3185689948892675
NULL screens,screen,focal_ia_attention; LR=3e-05; 3 epochs,focal_ia_attention_013a87dbfbd4,13,dev,3,1.0,0.26144422952933594,0.4371967654986523,0.32721404075045396,0.0,0.0,0.0,0.26144422952933594,0.3337448559670782,0.2932031814895156
NULL screens,screen,focal_ia_attention; LR=3e-05; 3 epochs,focal_ia_attention_013a87dbfbd4,13,test,3,1.0,0.3040808956301914,0.4517167381974249,0.3634793870062595,0.0,0.0,0.0,0.3040808956301914,0.3349244232299125,0.318758281279576
NULL screens,screen,focal_ia_attention_random; LR=3e-05; 3 epochs,focal_ia_attention_random_b3d539181258,13,dev,3,1.0,0.26013847675568746,0.4253369272237197,0.3228314238952537,0.0,0.0,0.0,0.26013847675568746,0.32469135802469135,0.2888522789676002
NULL screens,screen,focal_ia_attention_random; LR=3e-05; 3 epochs,focal_ia_attention_random_b3d539181258,13,test,3,1.0,0.300478997789241,0.4375,0.35626911314984705,0.0,0.0,0.0,0.300478997789241,0.32438345266507557,0.31197398622800304
NULL screens,screen,focal_ia_attention_hard; LR=3e-05; 3 epochs,focal_ia_attention_hard_95336217e8b1,13,dev,3,1.0,0.25982961992136305,0.42749326145552563,0.3232117383329937,0.0,0.0,0.0,0.25982961992136305,0.3263374485596708,0.28931047063115656
NULL screens,screen,focal_ia_attention_hard; LR=3e-05; 3 epochs,focal_ia_attention_hard_95336217e8b1,13,test,3,1.0,0.30192837465564737,0.4409871244635193,0.3584432573858061,0.0,0.0,0.0,0.30192837465564737,0.3269689737470167,0.31395015754798056
NULL screens,screen,focal_ia_attention_weight; LR=3e-05; 3 epochs,focal_ia_attention_weight_846ad93ada99,13,dev,3,1.0,0.2596309485270314,0.4323450134770889,0.32443365695792875,0.0,0.0,0.0,0.2596309485270314,0.3300411522633745,0.290632360934952
NULL screens,screen,focal_ia_attention_weight; LR=3e-05; 3 epochs,focal_ia_attention_weight_846ad93ada99,13,test,3,1.0,0.30657464584090083,0.45278969957081544,0.36560537145332467,0.0,0.0,0.0,0.30657464584090083,0.33571996817820204,0.3204860451870135
NULL screens,screen,focal_ia_attention_gamma; LR=3e-05; 3 epochs,focal_ia_attention_gamma_6fd4c60ddd2d,13,dev,3,1.0,0.26018099547511314,0.4339622641509434,0.32531824611032534,0.0,0.0,0.0,0.26018099547511314,0.33127572016460904,0.2914554670528603
NULL screens,screen,focal_ia_attention_gamma; LR=3e-05; 3 epochs,focal_ia_attention_gamma_6fd4c60ddd2d,13,test,3,1.0,0.30548492553577916,0.4511802575107296,0.3643058262941304,0.0,0.0,0.0,0.30548492553577916,0.3345266507557677,0.31934687677995066
